gene	accessible_states	eligible_states	post_mitotic_enriched	neurological_disease_gene	coding_opportunity_z	log_clinvar_records	log_coding_length
A4GALT	0	1	False	False	-0.610589	0.0	5.799093
AAAS	3	15	False	True	-0.115487	2.70805	6.298949
AAR2	0	1	False	False	-0.53778	0.0	5.820083
AARS1	2	17	True	True	-0.173734	2.833213	6.863803
AARS2	1	19	False	True	-0.028116	2.944439	6.890609
AASS	0	5	False	False	-0.042677	1.609438	6.826545
ABAT	0	10	True	False	-0.421285	2.302585	6.200509
ABCA1	0	17	False	False	1.733866	2.833213	7.722678
ABCA12	1	33	False	False	2.505644	3.496508	7.861342
ABCA3	0	39	True	False	0.816471	3.663562	7.433075
ABCA4	61	649	True	True	1.398944	6.475433	7.726654
ABCA5	0	1	False	False	1.238764	0.0	7.395108
ABCB1	1	2	False	True	0.394178	0.693147	7.148346
ABCB11	1	64	False	False	0.525234	4.158883	7.186144
ABCB4	2	49	False	False	0.204874	3.89182	6.981006
ABCB6	1	8	False	False	-0.100925	2.079442	6.723832
ABCB7	0	9	False	True	-0.130048	2.197225	6.621406
ABCC1	0	1	False	False	0.976651	0.0	7.328437
ABCC2	1	14	False	False	1.04946	2.639057	7.340836
ABCC6	8	95	False	True	0.801909	4.553877	7.31322
ABCC8	9	141	True	False	1.428068	4.94876	7.362011
ABCC9	0	36	False	False	0.656291	3.583519	7.298445
ABCD1	11	217	False	True	-0.202858	5.379897	6.612041
ABCD4	1	4	False	True	-0.202858	1.386294	6.375025
ABCG5	1	5	False	False	-0.086363	1.609438	6.476972
ABCG8	1	6	False	False	-0.100925	1.791759	6.507278
ABHD12	1	4	False	True	-0.53778	1.386294	5.971262
ABHD16A	0	1	False	True	-0.290229	0.0	6.253829
ABHD5	0	5	False	False	-0.552342	1.609438	5.752573
ABL1	1	25	False	True	0.860156	3.218876	7.025538
ACAD8	1	14	False	False	-0.435847	2.639057	6.018593
ACAD9	1	31	False	False	-0.319352	3.433987	6.400257
ACADM	4	139	False	True	-0.683398	4.934474	6.001415
ACADS	0	31	False	False	-0.523218	3.433987	6.021023
ACADSB	0	9	False	False	-0.450409	2.197225	6.033086
ACADVL	12	148	False	False	-0.261105	4.997212	6.476972
ACAN	0	13	False	False	3.466725	2.564949	7.732808
ACAT1	3	54	False	False	-0.479533	3.988984	6.040255
ACE	0	5	False	False	0.248559	1.609438	7.174724
ACER3	0	2	False	True	-0.683398	0.693147	5.459586
ACKR3	0	1	False	False	-0.363038	0.0	5.886104
ACO2	1	15	True	True	-0.30479	2.70805	6.646391
ACOX1	0	7	False	False	-0.333914	1.94591	6.489205
ACOX2	0	1	False	False	-0.217419	0.0	6.520621
ACP4	0	9	False	False	-0.596027	2.197225	6.006353
ACP5	0	6	False	False	-0.596027	1.791759	5.746203
ACP6	0	1	False	False	-0.523218	0.0	6.033086
ACSF3	0	8	False	False	-0.363038	2.079442	6.356108
ACSL5	1	1	False	False	-0.30479	0.0	6.516193
ACTA1	16	187	True	True	-0.552342	5.231109	5.913503
ACTA2	3	31	False	True	-0.508656	3.433987	5.913503
ACTB	13	111	False	True	-0.523218	4.70953	5.908083
ACTC1	0	21	True	True	-0.53778	3.044522	5.913503
ACTG1	2	58	False	True	-0.523218	4.060443	5.908083
ACTG2	3	38	False	False	-0.523218	3.637586	5.910797
ACTL6B	1	21	True	True	-0.479533	3.044522	6.013715
ACTL7A	0	5	False	False	-0.494094	1.609438	6.011267
ACTL9	0	2	False	False	-0.435847	0.693147	5.978886
ACTN1	1	22	False	False	-0.464971	3.091042	6.65544
ACTN2	0	8	True	False	-0.333914	2.079442	6.793466
ACTN4	0	15	False	False	-0.202858	2.70805	6.812345
ACVR1	0	10	False	True	-0.363038	2.302585	6.216606
ACVR1B	0	1	False	False	-0.421285	0.0	6.2106
ACVR2B	0	1	False	False	-0.464971	0.0	6.23637
ACVRL1	21	235	False	False	-0.392162	5.459586	6.204558
ACY1	0	1	False	True	-0.523218	0.0	6.011267
ADA	4	47	False	False	-0.639713	3.850148	5.880533
ADA2	3	31	False	False	-0.464971	3.433987	6.190315
ADAM10	0	2	False	False	-0.071801	0.693147	6.60665
ADAM22	0	3	True	True	-0.100925	1.098612	6.679599
ADAMTS1	1	1	False	False	0.292245	0.0	6.874198
ADAMTS10	1	8	False	False	0.365054	2.079442	6.992096
ADAMTS13	1	41	True	False	0.350492	3.713572	6.991177
ADAMTS15	0	2	False	False	0.219436	0.693147	6.821107
ADAMTS17	0	4	False	False	0.190312	1.386294	6.99851
ADAMTS18	0	1	True	True	0.714538	0.0	7.103322
ADAMTS2	0	3	False	False	0.33593	1.098612	7.077498
ADAMTS3	0	2	False	False	0.510672	0.693147	7.09091
ADAMTS6	0	1	False	False	0.437863	0.0	7.004882
ADAMTSL2	0	12	True	False	0.306807	2.484907	6.857514
ADAMTSL4	0	2	False	False	0.627167	0.693147	6.979145
ADAR	0	17	False	True	0.7291	2.833213	7.100852
ADARB1	0	5	False	True	-0.188296	1.609438	6.107023
ADAT3	0	1	False	False	-0.596027	0.0	5.793014
ADCY3	0	1	False	False	0.306807	0.0	7.042286
ADCY5	2	24	True	True	0.379616	3.178054	7.13966
ADCY6	0	2	False	False	0.146626	0.693147	7.063048
ADD1	0	1	False	False	-0.363038	0.0	6.124683
ADD3	0	1	False	True	0.001008	0.0	6.54103
ADGRB2	0	1	True	False	1.369821	0.0	7.348588
ADGRB3	0	2	True	False	1.020337	0.693147	7.297768
ADGRG1	0	16	False	True	-0.188296	2.772589	6.025866
ADGRG6	0	1	False	False	0.88928	0.0	7.074117
ADGRL1	0	6	True	True	-0.814455	1.791759	4.682131
ADGRV1	0	22	True	True	6.379092	3.091042	8.746875
ADH5	0	1	False	False	-0.581465	0.0	5.905362
ADIPOQ	0	1	False	False	-0.785331	0.0	5.446737
ADIPOR1	0	1	False	False	-0.596027	0.0	5.874931
ADK	1	4	False	True	-0.654275	1.386294	5.843544
ADNP	0	8	False	True	0.845595	2.079442	7.002156
ADPRS	0	6	False	True	-0.435847	1.791759	5.894403
ADRA2A	0	1	False	False	-0.450409	0.0	6.075346
ADRA2B	0	1	False	False	-0.421285	0.0	6.040255
ADRB1	0	1	True	False	-0.363038	0.0	6.163315
ADSL	0	33	False	False	-0.450409	3.496508	6.161207
ADSS1	0	2	True	True	-0.625151	0.693147	6.113682
AEBP1	0	1	False	False	-0.188296	0.0	6.985642
AFF2	0	4	False	True	1.151393	1.386294	7.161622
AFF3	0	9	False	False	1.719305	2.197225	7.111512
AFF4	0	6	False	False	2.301778	1.791759	7.058758
AFG2A	0	23	False	True	0.001008	3.135494	6.788972
AFG2B	0	12	False	True	-0.115487	2.484907	6.617403
AFG3L2	3	39	False	True	-0.406723	3.663562	6.647688
AFP	0	1	False	False	-0.333914	0.0	6.398595
AGA	2	20	False	True	-0.566904	2.995732	5.808142
AGBL5	0	5	False	True	0.714538	1.609438	6.783325
AGK	0	1	False	False	-0.523218	0.0	6.037871
AGL	0	18	True	False	0.423301	2.890372	7.327123
AGMAT	0	1	False	False	-0.610589	0.0	5.793014
AGO1	1	13	False	True	-0.333914	2.564949	6.723832
AGO2	1	15	False	True	-0.246543	2.70805	6.726233
AGPAT2	0	6	False	False	-0.639713	1.791759	5.605802
AGPS	0	4	False	False	-0.290229	1.386294	6.463029
AGR2	1	3	False	False	-0.741646	1.098612	4.983607
AGRN	0	8	False	True	0.947527	2.079442	7.45472
AGT	0	2	True	False	-0.435847	0.693147	6.161207
AGTPBP1	0	5	False	True	0.554358	1.609438	7.107425
AGTR1	0	1	False	False	-0.523218	0.0	5.852202
AGXT	8	120	False	False	-0.523218	4.787492	5.869297
AHCY	0	10	False	False	-0.683398	2.302585	6.040255
AHDC1	0	5	False	True	1.661057	1.609438	7.379008
AHI1	0	23	False	True	0.56892	3.135494	7.064759
AHSG	0	1	False	False	-0.552342	0.0	5.846439
AICDA	2	16	False	False	-0.741646	2.772589	5.153292
AIFM1	1	42	False	True	-0.261105	3.73767	6.302619
AIMP1	0	1	False	True	-0.610589	0.0	5.733341
AIMP2	0	1	False	True	-0.552342	0.0	5.720312
AIP	0	5	False	True	-0.727084	1.609438	5.796058
AIPL1	1	22	True	True	-0.625151	3.091042	5.942799
AIRE	1	40	False	False	-0.290229	3.688879	6.300786
AK1	1	6	True	False	-0.712522	1.791759	5.214936
AK2	1	8	False	False	-0.683398	2.079442	5.429346
AK9	0	1	False	False	0.379616	0.0	7.550661
AKAP3	0	1	False	False	0.263121	0.0	6.712956
AKAP9	0	2	False	False	3.554096	0.693147	8.267962
AKR1C2	0	4	False	False	-0.610589	1.386294	5.768321
AKR1D1	0	6	False	False	-0.625151	1.791759	5.669881
AKT1	0	3	False	True	-0.552342	1.098612	6.167516
AKT2	0	2	False	False	-0.508656	0.693147	6.169611
AKT3	0	12	True	True	-0.53778	2.484907	6.165418
ALAD	0	2	False	False	-0.610589	0.693147	5.631212
ALAS2	3	36	False	False	-0.217419	3.583519	6.350886
ALB	1	7	False	False	-0.479533	1.94591	6.401917
ALDH18A1	1	25	False	True	-0.013554	3.218876	6.658011
ALDH1A2	2	4	False	False	-0.479533	1.386294	6.249975
ALDH1A3	0	14	False	True	-0.566904	2.639057	6.180017
ALDH1B1	0	1	False	False	-0.610589	0.0	6.248043
ALDH3A1	0	1	False	False	-0.464971	0.0	6.100319
ALDH3A2	0	35	False	True	-0.581465	3.555348	6.100319
ALDH5A1	6	55	True	False	-0.435847	4.007333	6.248043
ALDH6A1	1	6	True	False	-0.3776	1.791759	6.263398
ALDH7A1	5	65	True	True	-0.435847	4.174387	6.267201
ALDOB	3	21	False	False	-0.581465	3.044522	5.874931
ALG1	4	27	False	False	-0.450409	3.295837	6.113682
ALG10	0	1	False	True	-0.392162	0.0	6.142037
ALG11	0	12	False	False	-0.421285	2.484907	6.186209
ALG12	0	7	False	False	-0.494094	1.94591	6.190315
ALG13	0	9	False	True	0.627167	2.197225	7.029973
ALG14	0	1	False	True	-0.581465	0.0	5.342334
ALG2	0	5	False	True	-0.508656	1.609438	5.988961
ALG3	0	16	False	False	-0.523218	2.772589	6.073045
ALG5	0	3	False	False	-0.610589	1.098612	5.686975
ALG6	1	8	False	False	-0.261105	2.079442	6.228511
ALG8	0	7	False	False	-0.333914	1.94591	6.249975
ALG9	0	4	False	False	-0.508656	1.386294	5.796058
ALK	3	15	False	True	1.151393	2.70805	7.386471
ALMS1	0	15	False	True	6.728576	2.70805	8.329417
ALOX12B	6	69	False	False	-0.392162	4.234107	6.55108
ALOXE3	1	15	False	False	-0.202858	2.70805	6.565265
ALPK1	0	3	False	False	0.903842	1.098612	7.121252
ALPL	26	316	False	True	-0.435847	5.755742	6.25575
ALS2	1	12	False	True	1.355259	2.484907	7.389564
ALX3	0	3	False	False	-0.464971	1.098612	5.78996
ALX4	0	4	False	True	-0.231981	1.386294	6.011267
AMACR	0	2	False	False	-0.523218	0.693147	5.942799
AMBN	0	1	False	False	-0.406723	0.0	6.054439
AMELX	2	8	False	False	-0.799893	2.079442	5.198497
AMH	0	12	False	True	-0.435847	2.484907	6.300786
AMHR2	0	13	False	False	-0.290229	2.564949	6.347389
AMMECR1	0	2	False	False	-0.290229	0.693147	5.808142
AMN	0	4	False	False	-0.450409	1.386294	6.084499
AMOT	0	1	True	False	0.452425	0.0	6.96508
AMOTL1	0	5	False	False	0.394178	1.609438	6.844815
AMPD2	1	11	True	True	-0.028116	2.397895	6.710523
AMPD3	0	1	False	False	-0.100925	0.0	6.632002
AMT	2	35	False	True	-0.53778	3.555348	5.966147
ANG	0	7	False	True	-0.756207	1.94591	4.955827
ANGPT2	0	2	False	False	-0.610589	0.693147	5.488938
ANGPTL3	1	1	False	False	-0.333914	0.0	6.126869
ANK1	2	7	True	False	0.991213	1.94591	7.516977
ANK2	1	12	True	False	5.199583	2.484907	8.281977
ANK3	0	2	True	False	6.146103	0.693147	8.384119
ANKH	1	7	True	False	-0.435847	1.94591	6.152733
ANKLE2	0	3	False	True	0.292245	1.098612	6.828712
ANKRD11	2	33	False	True	2.884251	3.496508	7.880804
ANKRD17	0	14	False	False	3.073555	2.639057	7.861727
ANKRD36	0	1	False	False	1.864923	0.0	7.557473
ANKS6	0	2	False	False	0.350492	0.693147	6.766192
ANLN	0	2	True	False	1.151393	0.693147	6.992096
ANO1	0	2	False	True	-0.086363	0.693147	6.88551
ANO10	0	5	False	True	-0.363038	1.609438	6.483107
ANO3	0	12	True	True	0.117503	2.484907	6.879356
ANO4	2	7	True	True	-0.100925	1.94591	6.805723
ANO5	1	36	True	True	-0.013554	3.583519	6.814543
ANOS1	0	12	True	False	0.030132	2.484907	6.516193
ANTXR1	0	2	False	False	-0.319352	0.693147	6.33328
ANTXR2	0	11	False	False	-0.319352	2.397895	6.146329
ANXA11	0	4	False	True	-0.392162	1.386294	6.194405
AP1B1	0	3	False	False	0.01557	1.098612	6.841615
AP1G1	2	5	False	False	-0.013554	1.609438	6.709304
AP1G2	0	1	False	False	-0.173734	0.0	6.663133
AP2M1	0	2	False	True	-0.421285	0.693147	6.059123
AP2S1	0	3	False	False	-0.85814	1.098612	4.941642
AP3B1	0	3	False	False	0.816471	1.098612	6.995766
AP4B1	0	4	False	True	-0.217419	1.386294	6.605298
AP4M1	0	7	False	True	-0.057239	1.94591	6.100319
AP4S1	0	2	False	False	-0.756207	0.693147	4.969813
AP5B1	0	1	False	False	-0.261105	0.0	6.731018
AP5Z1	0	2	False	True	0.204874	0.693147	6.678342
APC	0	21	True	False	5.461696	3.044522	7.952263
APC2	0	2	True	True	2.724071	0.693147	7.739794
APCDD1	0	1	False	False	-0.392162	0.0	6.204558
APOA1	0	16	False	True	-0.654275	2.772589	5.541264
APOA4	0	2	False	False	-0.610589	0.693147	5.981414
APOA5	0	1	False	False	-0.566904	0.0	5.888878
APOB	0	13	False	False	4.835537	2.564949	8.421563
APOC2	0	2	True	False	-0.756207	0.693147	4.553877
APOC3	0	2	False	False	-0.712522	0.693147	4.553877
APOE	1	13	True	False	-0.683398	2.564949	5.749393
APOH	0	1	False	False	-0.552342	0.0	5.828946
APOO	0	1	True	False	-0.625151	0.0	5.267858
APP	1	25	True	True	-0.3776	3.218876	6.620073
APPL1	0	1	False	False	0.146626	0.0	6.561031
APRT	1	27	False	False	-0.727084	3.295837	5.164786
AQP1	0	3	False	False	-0.552342	1.098612	5.568345
AQP2	0	29	False	False	-0.610589	3.367296	5.575949
AQP4	0	2	True	True	-0.581465	0.693147	5.774552
AQP5	1	5	False	False	-0.639713	1.609438	5.451038
AR	20	184	False	True	0.292245	5.214936	6.812345
ARF1	1	11	False	True	-0.814455	2.397895	5.159055
ARF3	1	10	True	True	-0.814455	2.302585	5.087596
ARFGEF1	0	6	False	True	1.224202	1.791759	7.515889
ARG1	0	27	False	False	-0.596027	3.295837	5.638355
ARHGAP19	1	2	False	True	-0.363038	0.693147	6.180017
ARHGAP21	0	1	True	False	2.927937	0.0	7.575585
ARHGAP32	0	1	False	True	-0.727084	0.0	4.584967
ARHGAP5	0	1	False	False	0.554358	0.0	7.290975
ARHGDIA	0	1	False	False	-0.668836	0.0	5.252273
ARHGEF10L	0	1	False	False	0.699976	0.0	7.145196
ARHGEF18	0	1	False	True	1.078584	0.0	7.210818
ARHGEF25	0	1	False	False	-0.261105	0.0	6.327937
ARID1A	2	31	False	False	2.724071	3.433987	7.734121
ARID1B	0	20	False	False	1.136831	2.995732	6.995766
ARID2	0	2	False	True	1.864923	0.693147	7.512618
ARL13B	0	6	False	True	-0.596027	1.791759	6.059123
ARL14EP	0	1	False	True	-0.683398	0.0	5.429346
ARL2	0	1	True	False	-0.69796	0.0	5.181784
ARL3	0	3	True	True	-0.727084	1.098612	5.068904
ARL6	0	16	True	True	-0.668836	2.772589	5.087596
ARL6IP1	0	1	False	True	-0.741646	0.0	5.117994
ARMC12	0	3	False	False	-0.479533	1.098612	5.811141
ARMC2	0	2	False	False	0.263121	0.693147	6.763885
ARMC5	1	8	False	False	0.102941	2.079442	6.792344
ARMC9	0	4	False	True	0.044694	1.386294	6.703188
ARPC1B	0	3	False	False	-0.348476	1.098612	5.897154
ARPP21	0	1	True	False	0.190312	0.0	6.267201
ARR3	1	3	True	False	-0.435847	1.098612	5.961005
ARSB	8	86	False	True	-0.3776	4.454347	6.232448
ARSG	0	6	False	False	-0.450409	1.791759	6.230481
ARSK	0	1	False	False	-0.231981	0.0	6.214608
ARSL	0	19	False	False	-0.348476	2.944439	6.315358
ARV1	0	2	False	True	-0.668836	0.693147	5.590987
ARX	3	26	True	True	-0.261105	3.258097	6.320768
ASAH1	3	41	False	True	-0.610589	3.713572	5.883322
ASCC1	0	1	False	True	-0.85814	0.0	4.110874
ASCC3	0	5	False	True	1.005775	1.609438	7.693937
ASCL5	0	1	False	False	-0.654275	0.0	5.31812
ASH1L	0	6	False	True	3.160926	1.791759	7.603898
ASH2L	0	1	False	True	-0.231981	0.0	6.434547
ASIC5	0	1	False	False	-0.290229	0.0	6.180017
ASL	7	100	False	True	-0.363038	4.60517	6.102559
ASNS	3	27	False	True	-0.450409	3.295837	6.322565
ASPA	7	60	True	True	-0.741646	4.094345	5.726848
ASPH	0	1	True	False	-0.217419	0.0	6.625392
ASPM	0	3	False	True	2.491082	1.098612	8.144098
ASS1	6	75	False	False	-0.53778	4.317488	6.008813
ASTN1	0	1	True	False	-0.188296	0.0	6.120297
ASXL1	0	3	False	True	1.719305	1.098612	7.333676
ASXL2	0	2	False	True	1.821237	0.693147	7.26543
ASXL3	0	1	False	False	3.568658	0.0	7.713338
ATAD3A	0	6	False	True	-0.494094	1.791759	6.37332
ATCAY	1	1	True	False	-0.523218	0.0	5.916202
ATF6	0	6	False	True	0.132065	1.791759	6.504288
ATG12	0	2	False	False	-0.727084	0.693147	4.912655
ATG4D	1	5	False	False	-0.261105	1.609438	6.148468
ATG7	0	4	False	True	-0.173734	1.386294	6.548219
ATIC	0	2	False	True	-0.319352	0.693147	6.336826
ATL1	7	66	True	True	-0.319352	4.189655	6.315358
ATL3	0	2	False	True	-0.319352	0.693147	6.282267
ATM	2	96	False	True	2.520206	4.564348	8.021585
ATN1	1	9	False	False	1.340697	2.197225	7.078342
ATOH7	0	4	True	True	-0.770769	1.386294	4.919981
ATP11A	0	3	False	True	0.190312	1.098612	7.032624
ATP13A2	0	5	True	True	0.350492	1.609438	7.051856
ATP13A3	0	2	False	False	0.292245	0.693147	7.028201
ATP1A1	1	24	False	True	-0.042677	3.178054	6.902743
ATP1A2	5	69	True	True	0.01557	4.234107	6.899723
ATP1A3	11	125	True	True	-0.071801	4.828314	6.892642
ATP2A1	0	3	True	True	-0.159172	1.098612	6.881411
ATP2A2	1	41	True	False	0.088379	3.713572	6.948897
ATP2B1	1	10	False	True	0.204874	2.302585	7.105786
ATP2B2	1	9	True	True	0.248559	2.197225	7.124478
ATP2B3	0	6	True	True	0.146626	1.791759	7.105786
ATP2C1	0	6	False	False	0.132065	1.791759	6.818924
ATP5F1A	0	5	False	False	-0.319352	1.609438	6.284134
ATP5F1B	0	1	False	False	-0.508656	0.0	6.270988
ATP5F1D	0	2	True	False	-0.756207	0.693147	4.70953
ATP5F1E	0	1	False	False	-0.829017	0.0	3.713572
ATP5MC3	1	3	False	False	-0.668836	1.098612	4.820282
ATP6AP1	0	7	False	False	-0.275667	1.94591	6.142037
ATP6AP2	0	2	False	True	-0.363038	0.693147	5.820083
ATP6V0A1	0	8	True	True	-0.202858	2.079442	6.716595
ATP6V0A2	0	4	False	False	-0.028116	1.386294	6.749931
ATP6V0A4	2	12	False	False	-0.086363	2.484907	6.72022
ATP6V0C	1	13	True	False	-0.668836	2.564949	5.030438
ATP6V1A	1	24	False	True	-0.173734	3.178054	6.419995
ATP6V1B1	0	8	False	False	-0.508656	2.079442	6.212606
ATP6V1B2	0	13	True	True	-0.464971	2.564949	6.230481
ATP6V1C1	0	1	False	False	-0.566904	0.0	5.891644
ATP6V1C2	0	1	False	False	-0.392162	0.0	6.049733
ATP6V1E1	0	1	True	False	-0.799893	0.0	5.288267
ATP7A	3	41	False	True	1.04946	3.713572	7.303843
ATP7B	9	201	False	False	0.947527	5.303305	7.281386
ATP8A1	0	1	False	False	0.248559	0.0	7.045777
ATP8A2	0	6	True	True	0.146626	1.791759	7.077498
ATP8B1	2	20	False	False	0.117503	2.995732	7.131699
ATR	0	3	False	False	2.097912	1.098612	7.869019
ATRX	5	72	False	True	3.146365	4.276666	7.82044
ATXN7	1	1	False	False	1.165955	0.0	6.783325
ATXN7L3	0	1	False	True	-0.173734	0.0	5.831882
AUH	1	7	False	False	-0.610589	1.94591	5.541264
AURKA	1	1	False	True	-0.406723	0.0	5.998937
AURKB	0	1	False	False	-0.566904	0.0	5.834811
AURKC	0	1	False	False	-0.654275	0.0	5.733341
AUTS2	4	17	False	True	1.093146	2.833213	7.130899
AVIL	1	3	False	False	-0.173734	1.098612	6.674561
AVP	1	27	True	True	-0.741646	3.295837	4.867534
AVPR2	5	52	False	False	-0.3776	3.951244	5.916202
AXIN2	0	2	False	False	0.292245	0.693147	6.695799
AXL	0	1	False	False	-0.071801	0.0	6.784457
B2M	0	2	False	True	-0.69796	0.693147	4.682131
B3GALNT2	0	4	False	True	-0.406723	1.386294	6.167516
B3GALT1	1	1	True	False	-0.523218	0.0	5.768321
B3GALT6	2	18	False	False	-0.639713	2.890372	5.765191
B3GAT3	0	12	True	False	-0.683398	2.484907	5.796058
B3GLCT	0	4	False	False	-0.319352	1.386294	6.175867
B3GNT6	1	1	False	True	-0.566904	0.0	5.950643
B4GALNT1	1	5	True	True	-0.348476	1.609438	6.276643
B4GALT1	0	1	False	False	-0.435847	0.0	5.986452
B4GALT7	1	5	False	False	-0.581465	1.609438	5.78996
B4GAT1	0	2	True	False	-0.566904	0.693147	6.018593
B9D1	0	5	False	True	-0.654275	1.609438	5.303305
B9D2	1	5	False	True	-0.712522	1.609438	4.955827
BAAT	1	4	False	False	-0.552342	1.386294	6.030685
BACH2	0	1	False	False	0.452425	0.0	6.703188
BAG3	1	7	True	True	-0.086363	1.94591	6.335054
BAIAP2	1	6	False	True	-0.057239	1.791759	6.23637
BAP1	3	26	False	True	0.132065	3.258097	6.580639
BARD1	0	2	False	False	0.394178	0.693147	6.65544
BAX	0	1	False	False	-0.727084	0.0	5.214936
BAZ1A	0	1	False	False	1.151393	0.0	7.348588
BAZ2B	0	5	False	True	2.607577	1.609438	7.68156
BBS1	1	18	False	True	-0.319352	2.890372	6.375025
BBS10	0	28	False	True	0.059255	3.332205	6.577861
BBS12	0	13	False	True	0.132065	2.564949	6.552508
BBS2	1	25	False	True	-0.057239	3.218876	6.580639
BBS4	1	9	False	False	-0.450409	2.197225	6.240276
BBS5	0	11	True	True	-0.479533	2.397895	5.831882
BBS7	1	11	False	True	-0.100925	2.397895	6.565265
BBS9	0	8	False	True	0.190312	2.079442	6.786717
BCAP31	0	1	False	False	-0.69796	0.0	5.375278
BCAS3	0	3	False	False	-0.130048	1.098612	6.257668
BCAT2	0	3	False	False	-0.639713	1.098612	5.823046
BCHE	0	12	False	False	-0.319352	2.484907	6.393591
BCKDHA	2	49	False	False	-0.479533	3.89182	6.054439
BCKDHB	3	66	False	False	-0.596027	4.189655	5.880533
BCKDK	0	3	False	False	-0.53778	1.098612	6.013715
BCL10	0	2	False	False	-0.523218	0.693147	5.442418
BCL11A	2	16	False	True	0.525234	2.772589	6.714171
BCL11B	2	11	False	True	0.321368	2.397895	6.795706
BCLAF1	1	2	False	False	1.311573	0.693147	6.784457
BCOR	1	2	False	False	1.792114	0.693147	7.467942
BCORL1	0	4	False	True	2.127036	1.386294	7.487174
BCS1L	0	37	False	True	-0.464971	3.610918	6.030685
BDNF	0	1	True	False	-0.625151	0.0	5.463832
BDP1	0	1	False	False	2.753195	0.0	7.866722
BEST1	24	237	True	True	-0.319352	5.46806	6.371612
BFSP1	0	2	False	False	-0.261105	0.693147	6.499787
BGN	0	3	False	False	-0.53778	1.098612	5.817111
BHLHA9	0	4	False	False	-0.596027	1.386294	5.459586
BHLHE22	0	2	True	False	-0.042677	0.693147	5.918894
BICD2	2	33	False	True	-0.042677	3.496508	6.659294
BICRA	0	3	False	False	1.180517	1.098612	7.344719
BIN1	0	4	True	True	-0.290229	1.386294	6.34388
BIRC3	0	4	False	False	-0.086363	1.386294	6.403574
BIRC6	0	1	False	False	6.233474	0.0	8.487352
BLK	0	2	False	False	-0.479533	0.693147	6.190315
BLM	0	9	False	False	1.398944	2.197225	7.256297
BLOC1S5	0	1	False	False	-0.727084	0.0	5.220356
BLTP1	0	8	False	False	4.136569	2.079442	8.160232
BMP1	1	10	False	False	1.093146	2.302585	6.891626
BMP15	0	7	False	False	-0.421285	1.94591	5.961005
BMP2	0	3	False	False	-0.3776	1.098612	5.913503
BMP4	0	4	False	False	-0.450409	1.386294	5.945421
BMP6	1	1	False	False	-0.231981	0.0	6.204558
BMP7	0	2	True	False	-0.3776	0.693147	6.023448
BMPER	0	3	False	False	-0.261105	1.098612	6.398595
BMPR1A	1	24	False	False	-0.333914	3.178054	6.267201
BMPR1B	1	10	True	False	-0.30479	2.302585	6.20859
BMPR2	1	83	False	False	0.554358	4.418841	6.937314
BMS1	0	1	False	False	0.306807	0.0	7.149132
BNC1	0	1	False	False	0.831033	0.0	6.898715
BNC2	0	1	False	False	0.947527	0.0	7.000334
BOLA3	0	3	True	False	-0.829017	1.098612	4.634729
BORCS8	0	2	False	False	-0.69796	0.693147	4.770685
BPGM	0	3	False	False	-0.668836	1.098612	5.313206
BPNT1	0	1	False	False	-0.625151	0.0	5.70711
BPNT2	0	3	False	False	-0.566904	1.098612	5.823046
BPTF	0	10	False	True	-0.275667	2.302585	6.40688
BRAF	8	101	False	True	0.845595	4.615121	6.620073
BRAT1	1	9	False	True	0.073817	2.197225	6.685861
BRCA1	7	213	False	True	2.374587	5.361292	7.528869
BRCA2	3	114	False	False	4.660795	4.736198	8.131531
BRD4	0	3	False	False	0.685414	1.098612	7.211557
BRF1	1	6	False	True	-0.013554	1.791759	6.498282
BRIP1	2	9	False	True	0.860156	2.197225	7.12206
BRPF1	0	14	False	True	-0.261105	2.639057	6.483107
BRSK2	1	4	True	True	0.073817	1.386294	6.556778
BRWD1	0	2	True	False	2.826004	0.693147	7.680637
BRWD3	1	8	False	True	1.733866	2.079442	7.49276
BSND	0	9	False	False	-0.53778	2.197225	5.638355
BTD	6	110	False	True	-0.494094	4.70048	6.230481
BTG4	0	3	False	False	-0.596027	1.098612	5.32301
BTK	7	112	False	True	-0.100925	4.718499	6.490724
BUB1	1	1	False	False	0.350492	0.0	6.98749
BUB1B	0	1	False	False	0.379616	0.0	6.949856
C12orf57	0	4	False	False	-0.741646	1.386294	4.836282
C19orf12	0	9	False	True	-0.814455	2.197225	4.736198
C1GALT1C1	1	6	False	False	-0.566904	1.791759	5.752573
C1QA	0	2	False	False	-0.625151	0.693147	5.497168
C1QBP	1	4	False	False	-0.596027	1.386294	5.638355
C1QC	0	1	False	False	-0.712522	0.0	5.472271
C1QTNF5	2	5	False	True	-0.596027	1.609438	5.476464
C1R	0	15	False	False	-0.363038	2.70805	6.523562
C1S	0	2	False	False	-0.261105	0.693147	6.526495
C2	0	1	False	False	0.044694	0.0	6.579251
C2CD3	0	7	False	False	2.971622	1.94591	7.762171
C3	1	11	False	True	0.685414	2.397895	7.411556
C5	0	1	False	False	1.107708	0.0	7.41216
C7	0	1	False	False	0.350492	0.0	6.726233
C9	0	1	False	False	-0.188296	0.0	6.304449
CA1	0	2	False	False	-0.450409	0.693147	5.560682
CA12	1	2	False	False	-0.406723	0.693147	5.802118
CA2	1	5	False	False	-0.625151	1.609438	5.55296
CA4	0	1	False	False	-0.552342	0.0	5.648974
CA5A	0	2	False	False	-0.53778	0.693147	5.720312
CA8	0	6	True	True	-0.654275	1.791759	5.638355
CABP2	0	1	False	False	-0.683398	0.0	5.389072
CABP4	0	2	True	False	-0.654275	0.693147	5.609472
CACNA1A	1	49	True	True	1.748428	3.89182	7.824446
CACNA1C	4	58	False	True	0.758223	4.060443	6.831954
CACNA1D	1	15	False	False	1.879485	2.70805	7.667626
CACNA1E	3	30	True	True	2.068789	3.401197	7.742836
CACNA1F	0	17	True	True	-0.508656	2.833213	5.929589
CACNA1G	3	28	True	True	2.651262	3.332205	7.770645
CACNA1H	0	7	False	True	1.92317	1.94591	7.757906
CACNA1I	0	5	True	True	1.777552	1.609438	7.704812
CACNA1S	3	20	True	True	0.743662	2.995732	7.53048
CACNA2D1	0	1	True	True	-0.406723	0.0	6.200509
CACNA2D2	0	5	True	False	-0.479533	1.609438	6.46925
CACNB2	0	1	True	False	0.365054	0.0	6.466145
CACNB4	0	2	True	True	0.102941	0.693147	6.246107
CACNG7	0	1	True	True	-0.435847	0.0	5.609472
CAD	0	4	False	True	1.20964	1.386294	7.694848
CADM3	0	1	True	True	-0.319352	0.0	5.961005
CALHM1	0	1	False	False	-0.639713	0.0	5.840642
CALM1	2	17	True	False	-0.829017	2.833213	4.624973
CALM2	2	20	True	False	-0.829017	2.995732	4.624973
CALM3	1	8	True	False	-0.829017	2.079442	4.624973
CAMK2A	2	19	True	True	-0.668836	2.944439	5.762051
CAMK2B	0	10	True	True	-0.202858	2.302585	6.489205
CAMK2D	0	8	True	True	-0.654275	2.079442	5.765191
CAMK2G	0	4	False	True	-0.69796	1.386294	5.63479
CAMK4	0	1	True	False	-0.435847	0.0	6.124683
CAMTA1	0	10	False	True	2.214407	2.302585	7.41698
CANT1	1	15	False	False	-0.435847	2.70805	5.971262
CAPN1	0	5	False	True	-0.173734	1.609438	6.498282
CAPN15	0	5	False	False	0.408739	1.609438	6.975414
CAPN3	7	125	True	True	-0.100925	4.828314	6.660575
CAPN5	0	4	False	True	-0.290229	1.386294	6.455199
CAPN6	0	1	False	True	-0.392162	0.0	6.453625
CAPRIN1	0	1	False	False	0.059255	0.0	6.523562
CAPZA2	0	2	False	True	-0.712522	0.693147	5.620401
CARD10	0	1	False	False	0.292245	0.0	6.937314
CARD11	0	13	False	True	0.423301	2.564949	7.027315
CARD14	0	11	False	False	0.379616	2.397895	6.909753
CARMIL2	1	5	False	False	0.947527	1.609438	7.260523
CARNMT1	0	1	False	True	-0.494094	0.0	5.971262
CARS2	0	1	False	False	-0.275667	0.0	6.331502
CASK	2	33	False	True	-0.028116	3.496508	6.827629
CASP10	0	1	False	False	-0.319352	0.0	6.133398
CASP8	0	1	False	False	-0.348476	0.0	6.169611
CASQ1	0	3	True	True	-0.654275	1.098612	5.910797
CASQ2	0	9	True	False	-0.625151	2.197225	5.97381
CASR	13	132	False	True	0.56892	4.882802	6.982863
CASZ1	0	1	False	False	1.588248	0.0	7.471932
CATIP	0	1	False	False	-0.406723	0.0	5.950643
CATSPERB	0	1	False	False	0.525234	0.0	7.015712
CAV3	4	14	True	True	-0.741646	2.639057	4.955827
CBL	1	18	False	True	0.466987	2.890372	6.802395
CBLB	0	2	False	False	0.277683	0.693147	6.884487
CBLIF	0	3	False	False	-0.290229	1.098612	5.966147
CBS	5	108	True	True	-0.406723	4.682131	6.263398
CBX2	0	2	False	False	0.117503	0.693147	6.259581
CC2D1A	1	1	False	False	-0.231981	0.0	6.850126
CC2D2A	1	37	True	True	0.714538	3.610918	7.38709
CCBE1	0	5	False	False	-0.552342	1.609438	5.953243
CCDC134	0	1	False	False	-0.668836	0.0	5.42495
CCDC146	0	1	False	False	-0.363038	0.0	6.841615
CCDC22	0	3	False	True	-0.319352	1.098612	6.398595
CCDC39	0	2	False	False	0.263121	0.693147	6.84588
CCDC40	0	2	False	False	0.161188	0.693147	7.040536
CCDC88C	0	3	False	True	1.631934	1.098612	7.606387
CCIN	0	4	False	False	-0.231981	1.386294	6.285998
CCKBR	0	1	False	False	-0.319352	0.0	6.09131
CCM2	0	8	True	True	-0.115487	2.079442	6.09357
CCN2	0	2	False	False	-0.596027	0.693147	5.823046
CCN6	0	15	False	False	-0.508656	2.70805	5.855072
CCNB3	0	5	False	False	1.151393	1.609438	7.216709
CCND2	1	8	False	True	-0.683398	2.079442	5.631212
CCNF	0	3	False	True	0.190312	1.098612	6.651572
CCNK	0	1	False	False	-0.421285	0.0	6.298949
CCNO	0	2	False	False	-0.421285	0.693147	5.855072
CCR2	1	3	False	False	-0.683398	1.098612	5.638355
CCT5	0	1	False	True	-0.552342	0.0	6.289716
CCT7	0	1	False	False	-0.53778	0.0	6.263398
CD19	0	2	False	False	-0.130048	0.693147	6.317165
CD247	0	2	False	False	-0.814455	0.693147	4.983607
CD27	0	1	False	False	-0.581465	0.0	5.556828
CD28	0	1	False	False	-0.625151	0.0	5.393628
CD36	0	2	False	False	-0.406723	0.693147	6.148468
CD3G	0	3	False	False	-0.741646	1.098612	5.147494
CD4	0	1	False	False	-0.333914	0.0	6.122493
CD40	0	3	False	False	-0.639713	1.098612	5.605802
CD40LG	2	27	False	False	-0.523218	3.295837	5.541264
CD46	0	6	False	False	-0.654275	1.791759	5.613128
CD55	0	2	False	False	-0.392162	0.693147	5.886104
CD59	0	4	False	True	-0.770769	1.386294	4.828314
CD79A	0	1	False	False	-0.727084	0.0	5.370638
CD79B	0	2	False	True	-0.654275	0.693147	5.398163
CD8A	0	1	False	False	-0.610589	0.0	5.442418
CD96	0	1	False	False	-0.69796	0.0	5.153292
CDAN1	2	11	False	False	0.641729	2.397895	7.112327
CDC14A	0	4	False	False	0.030132	1.386294	6.378426
CDC20	0	4	False	False	-0.071801	1.386294	6.198479
CDC25A	0	1	False	False	-0.086363	0.0	6.251904
CDC27	0	1	False	False	0.292245	0.0	6.710523
CDC40	0	1	False	True	-0.217419	0.0	6.335054
CDC42	0	21	False	True	-0.741646	3.044522	5.220356
CDC42BPB	0	16	False	True	1.107708	2.772589	7.436617
CDC45	0	5	False	False	-0.202858	1.609438	6.338594
CDC73	0	7	False	False	-0.479533	1.94591	6.267201
CDCA7	0	3	False	False	-0.785331	1.098612	3.688879
CDH1	0	22	False	False	-0.188296	3.091042	6.74876
CDH11	0	8	False	False	-0.231981	2.079442	6.679599
CDH2	0	14	True	True	-0.130048	2.639057	6.777647
CDH23	4	77	True	True	2.214407	4.343805	8.111928
CDH3	0	7	False	True	-0.246543	1.94591	6.70196
CDH4	0	1	True	False	-0.013554	0.0	6.788972
CDHR1	1	4	False	True	0.059255	1.386294	6.747587
CDIN1	0	3	True	False	-0.610589	1.098612	5.631212
CDK10	0	3	False	True	-0.639713	1.098612	5.872118
CDK12	0	1	False	False	2.010541	0.0	7.290293
CDK13	1	41	False	True	1.894047	3.713572	7.313887
CDK16	0	1	True	False	-0.348476	0.0	6.182085
CDK19	1	8	False	True	-0.333914	2.079442	6.206576
CDK4	0	2	False	False	-0.668836	0.693147	5.680173
CDK5	0	1	True	True	-0.683398	0.0	5.659482
CDK5RAP2	0	2	False	True	1.573686	0.693147	7.545918
CDK6	0	1	False	True	-0.596027	0.0	5.771441
CDK8	0	19	False	True	-0.479533	2.944439	6.126869
CDK9	0	1	False	False	-0.610589	0.0	5.877736
CDKL2	0	1	True	False	-0.479533	0.0	6.135565
CDKL5	2	119	False	True	1.005775	4.779123	6.853299
CDKN2A	0	4	False	True	-0.727084	1.386294	5.023881
CDKN2C	1	1	False	True	-0.829017	0.0	5.036953
CDON	0	4	False	True	0.991213	1.386294	7.091742
CDSN	0	1	False	False	1.20964	0.0	6.269096
CDT1	0	3	False	False	-0.30479	1.098612	6.23637
CEACAM16	0	6	False	False	-0.392162	1.791759	5.958425
CEBPA	1	7	False	False	-0.581465	1.94591	5.855072
CEBPE	0	2	False	False	-0.625151	0.693147	5.638355
CECR2	0	1	True	False	-0.566904	0.0	5.739793
CELA2A	1	3	False	False	-0.406723	1.098612	5.575949
CELSR1	0	2	False	False	2.31634	0.693147	8.007367
CELSR2	0	2	True	True	2.563891	0.693147	7.977282
CELSR3	1	13	True	False	3.262859	2.564949	8.105308
CEMIP2	0	1	False	False	0.772785	0.0	7.229839
CENATAC	0	1	False	False	-0.53778	0.0	5.805135
CENPE	0	2	False	True	1.690181	0.693147	7.897668
CEP112	0	1	False	False	-0.013554	0.0	6.848005
CEP120	0	5	False	False	0.161188	1.609438	6.892642
CEP152	0	2	False	True	1.064022	0.693147	7.440734
CEP164	0	2	False	False	1.413506	0.693147	7.27448
CEP290	1	16	False	True	1.165955	2.772589	7.812783
CEP295	0	1	False	False	3.524972	0.0	7.839132
CEP41	0	1	False	False	-0.3776	0.0	5.897154
CEP76	0	8	False	True	-0.261105	2.079442	6.487684
CEP78	0	4	False	True	-0.188296	1.386294	6.345636
CEP83	0	3	False	False	-0.319352	1.098612	6.549651
CEP85L	0	7	False	True	0.423301	1.94591	6.673298
CEP97	0	1	False	True	0.379616	0.0	6.749931
CERKL	1	15	False	True	-0.69796	2.70805	5.365976
CERS1	1	1	True	True	-0.566904	0.0	5.811141
CERS3	1	4	False	False	-0.581465	1.386294	5.828946
CERT1	1	10	False	True	-0.042677	2.302585	6.415097
CFAP20	0	3	False	False	-0.741646	1.098612	5.153292
CFAP298	1	1	False	False	-0.741646	0.0	5.587249
CFAP300	0	2	False	False	-0.523218	0.693147	5.587249
CFAP410	0	8	True	True	-0.494094	2.079442	5.484797
CFAP418	0	2	False	True	-0.610589	0.693147	5.214936
CFAP43	1	4	False	False	0.860156	1.386294	7.405496
CFAP44	0	1	False	False	0.874718	0.0	7.51915
CFAP47	0	1	False	False	2.607577	0.0	8.063378
CFAP54	0	4	False	False	2.884251	1.386294	8.036897
CFAP61	0	4	True	False	0.350492	1.386294	7.103322
CFAP74	0	6	False	False	0.787347	1.791759	7.309212
CFB	2	7	False	False	-0.071801	1.94591	6.57647
CFC1	0	1	True	False	-0.668836	0.0	5.32301
CFH	2	23	False	True	0.466987	3.135494	7.099202
CFHR1	0	1	False	False	-0.421285	0.0	5.736572
CFI	0	23	False	False	-0.3776	3.135494	6.361302
CFL2	0	1	True	True	-0.712522	0.0	5.075174
CFP	0	3	False	False	-0.421285	1.098612	6.037871
CFTR	17	265	False	False	0.903842	5.57973	7.286192
CHAF1B	0	1	False	True	-0.100925	0.0	6.320768
CHAT	0	30	False	True	-0.071801	3.401197	6.610696
CHCHD10	0	4	True	True	-0.610589	1.386294	4.941642
CHCHD2	0	1	False	True	-0.741646	0.0	4.477337
CHCHD4	0	1	False	False	-0.741646	0.0	4.955827
CHD1	0	4	False	False	2.054227	1.386294	7.442493
CHD2	3	73	False	True	1.515439	4.290459	7.502186
CHD3	3	67	False	True	0.743662	4.204693	7.591862
CHD4	3	59	False	False	0.831033	4.077537	7.546446
CHD5	1	19	True	True	0.88928	2.944439	7.562162
CHD7	5	87	False	True	2.563891	4.465908	8.000685
CHD8	3	35	False	True	2.258093	3.555348	7.853993
CHEK1	0	3	False	False	-0.3776	1.098612	6.148468
CHEK2	0	8	False	True	-0.086363	2.079442	6.249975
CHKA	1	3	False	True	-0.406723	1.098612	6.068426
CHKB	0	1	False	True	-0.421285	0.0	5.978886
CHM	0	9	False	True	0.059255	2.197225	6.480045
CHMP2B	1	3	False	True	-0.654275	1.098612	5.293305
CHMP4B	0	3	False	False	-0.756207	1.098612	5.407172
CHN1	1	13	True	True	-0.625151	2.564949	6.061457
CHRDL1	0	3	False	False	-0.814455	1.098612	4.465908
CHRM1	0	1	True	False	-0.3776	0.0	6.124683
CHRM3	0	1	False	False	0.001008	0.0	6.359574
CHRNA1	3	16	True	True	-0.392162	2.772589	6.021023
CHRNA2	0	3	True	True	-0.319352	1.098612	6.190315
CHRNA3	0	1	True	True	-0.30479	0.0	6.102559
CHRNA4	1	6	True	True	-0.159172	1.791759	6.37332
CHRNB1	1	5	True	True	-0.319352	1.609438	6.173786
CHRNB2	0	5	True	True	-0.392162	1.609438	6.216606
CHRNB4	0	2	False	True	-0.275667	0.693147	6.192362
CHRND	1	12	True	True	-0.319352	2.484907	6.230481
CHRNE	0	43	True	True	-0.479533	3.7612	6.154858
CHRNG	0	7	True	True	-0.464971	1.94591	6.244167
CHST14	0	7	False	False	-0.668836	1.94591	5.886104
CHST3	1	24	False	False	-0.464971	3.178054	6.148468
CHST6	4	25	True	True	-0.392162	3.218876	5.968708
CHSY1	0	1	False	False	-0.057239	0.0	6.682109
CIAO1	0	3	False	True	-0.406723	1.098612	5.777652
CIB2	0	5	False	True	-0.770769	1.609438	5.198497
CIC	0	11	False	True	3.102679	2.397895	7.828436
CILK1	0	3	False	False	0.073817	1.098612	6.44572
CIROP	0	3	False	False	0.219436	1.098612	6.65544
CISD2	0	1	False	False	-0.799893	0.0	4.727388
CIT	0	6	True	True	-0.013554	1.791759	6.526495
CITED2	0	1	False	False	-0.508656	0.0	5.594711
CKAP2L	0	2	False	False	0.102941	0.693147	6.613384
CLCC1	1	1	False	True	-0.348476	0.0	6.306275
CLCF1	0	2	False	True	-0.741646	0.693147	5.288267
CLCN1	7	117	True	True	0.219436	4.762174	6.884487
CLCN2	0	8	False	True	0.073817	2.079442	6.794587
CLCN3	0	15	False	True	-0.071801	2.70805	6.70196
CLCN4	1	34	True	True	-0.159172	3.526361	6.628041
CLCN5	0	31	False	False	-0.013554	3.433987	6.6995
CLCN6	0	2	False	True	0.088379	0.693147	6.710523
CLCN7	4	39	False	False	-0.028116	3.663562	6.685861
CLCNKA	0	2	False	False	-0.130048	0.693147	6.519147
CLCNKB	1	23	False	False	-0.071801	3.135494	6.519147
CLDN10	1	4	True	False	-0.552342	1.386294	5.389072
CLDN14	0	4	False	False	-0.639713	1.386294	5.442418
CLDN16	1	32	False	True	-0.69796	3.465736	5.389072
CLDN19	0	14	False	True	-0.610589	2.639057	5.379897
CLDN2	0	1	False	False	-0.479533	0.0	5.4161
CLDN5	1	4	True	True	-0.741646	1.386294	5.303305
CLDN9	0	1	True	False	-0.727084	0.0	5.342334
CLEC3B	1	1	False	True	-0.785331	0.0	5.17615
CLGN	0	1	False	False	-0.421285	0.0	6.398595
CLHC1	0	1	False	False	-0.348476	0.0	6.349139
CLIC4	0	1	False	False	-0.654275	0.0	5.501258
CLMP	0	2	False	False	-0.290229	0.693147	5.905362
CLN3	1	23	False	True	-0.173734	3.135494	6.082219
CLN5	0	12	False	True	-0.683398	2.484907	5.874931
CLN6	3	23	False	True	-0.581465	3.135494	5.733341
CLN8	1	25	False	True	-0.625151	3.218876	5.605802
CLP1	0	1	False	True	-0.508656	0.0	5.998937
CLPB	1	10	False	False	-0.115487	2.302585	6.532334
CLPP	0	8	False	False	-0.654275	2.079442	5.620401
CLPX	0	1	False	False	-0.188296	0.0	6.45047
CLRN1	2	19	False	True	-0.683398	2.944439	5.384495
CLRN2	1	1	False	False	-0.69796	0.0	5.342334
CLTC	1	12	False	True	0.321368	2.484907	7.422971
CLUAP1	0	1	False	True	-0.53778	0.0	6.013715
CMPK2	0	3	False	True	-0.53778	1.098612	6.102559
CNGA1	2	11	True	True	-0.202858	2.397895	6.529419
CNGA3	6	123	False	True	-0.159172	4.812184	6.50279
CNGB1	0	11	True	True	0.306807	2.397895	7.12206
CNGB3	0	15	False	True	-0.231981	2.70805	6.673298
CNKSR2	0	3	True	True	0.670852	1.098612	6.93537
CNN2	0	2	False	False	-0.53778	0.693147	5.652489
CNNM2	0	21	False	False	0.01557	3.044522	6.766192
CNNM4	2	13	False	True	0.001008	2.564949	6.646391
CNOT1	0	7	False	True	1.238764	1.94591	7.773174
CNOT3	2	14	False	False	0.33593	2.639057	6.543912
CNOT9	0	4	False	False	-0.610589	1.386294	5.480639
CNP	0	4	True	True	-0.53778	1.386294	6.033086
CNPY3	0	1	False	True	-0.552342	0.0	5.609472
CNTNAP1	1	6	True	True	0.394178	1.791759	7.23201
COA5	0	1	True	False	-0.829017	0.0	4.094345
COA7	0	4	False	True	-0.756207	1.386294	5.252273
COASY	0	3	False	True	-0.30479	1.098612	6.278521
COCH	2	20	True	False	-0.246543	2.995732	6.306275
COG6	0	2	False	False	-0.188296	0.693147	6.487684
COG7	1	5	False	False	-0.057239	1.609438	6.642487
COL10A1	0	24	False	False	-0.494094	3.178054	6.511745
COL11A1	0	45	True	True	0.17575	3.806662	7.472501
COL11A2	1	21	True	False	0.059255	3.044522	7.447751
COL12A1	0	13	False	True	2.622138	2.564949	8.026824
COL13A1	0	1	False	True	-0.799893	0.0	4.736198
COL17A1	0	12	False	False	1.704743	2.484907	7.307873
COL1A1	2	489	False	True	-0.013554	6.192362	7.26892
COL1A2	1	553	False	False	-0.130048	6.315358	7.198184
COL25A1	0	3	False	True	-0.596027	1.098612	6.265301
COL27A1	0	6	False	False	0.656291	1.791759	7.520776
COL2A1	1	475	False	True	-0.188296	6.163315	7.284821
COL3A1	0	567	False	True	0.17575	6.340359	7.261927
COL4A1	1	259	False	True	0.161188	5.556828	7.414573
COL4A2	0	31	False	True	0.044694	3.433987	7.440147
COL4A3	1	364	True	False	0.248559	5.897154	7.414573
COL4A4	1	294	False	False	0.219436	5.68358	7.432484
COL4A5	2	696	True	True	-0.392162	6.54535	7.124478
COL5A1	0	39	False	False	0.132065	3.663562	7.508787
COL5A2	0	23	False	False	0.030132	3.135494	7.280008
COL6A1	0	52	False	True	-0.100925	3.951244	6.929517
COL6A2	1	58	False	True	0.49611	4.060443	6.911747
COL6A3	0	33	False	True	2.272654	3.496508	8.062433
COL7A1	0	298	False	False	1.530001	5.697093	7.984803
COL8A2	1	2	False	False	-0.566904	0.693147	6.54535
COL9A2	0	2	True	True	-0.625151	0.693147	6.529419
COL9A3	0	2	True	True	-0.523218	0.693147	6.527958
COLEC10	0	2	False	False	-0.712522	0.693147	5.537334
COLEC11	0	2	False	False	-0.639713	0.693147	5.513429
COLGALT1	0	4	False	True	-0.348476	1.386294	6.423247
COLQ	2	18	True	True	-0.494094	2.890372	6.104793
COMP	11	144	False	True	-0.363038	4.969813	6.590301
COPA	0	7	False	False	0.001008	1.94591	7.105786
COPB1	0	2	False	True	0.001008	0.693147	6.858565
COPB2	0	1	False	True	0.001008	0.0	6.775366
COQ2	0	10	False	True	-0.566904	2.302585	5.814131
COQ4	1	14	False	True	-0.712522	2.639057	5.497168
COQ6	1	5	False	True	-0.202858	1.609438	6.146329
COQ7	0	6	False	True	-0.727084	1.791759	5.365976
COQ8A	0	32	True	True	-0.30479	3.465736	6.458338
COQ8B	1	12	False	True	-0.421285	2.484907	6.298949
COQ9	0	1	False	True	-0.523218	0.0	5.676754
CORIN	0	2	True	False	0.481549	0.693147	6.931472
CORO1A	0	4	False	False	-0.421285	1.386294	6.066108
COX10	2	8	False	False	-0.348476	2.079442	6.09357
COX11	1	2	False	False	-0.712522	0.693147	5.55296
COX14	0	1	False	False	-0.829017	0.0	3.988984
COX15	0	3	False	False	-0.479533	1.098612	5.968708
COX18	0	2	False	True	-0.756207	0.693147	5.220356
COX20	0	4	False	False	-0.756207	1.386294	4.762174
COX4I1	1	1	False	False	-0.654275	0.0	5.062595
COX5A	0	2	False	False	-0.799893	0.693147	4.941642
COX6A2	1	1	True	False	-0.814455	0.0	4.442651
COX6B1	0	2	False	False	-0.829017	0.693147	4.219508
CP	2	18	True	True	0.001008	2.890372	6.969791
CPA1	1	3	False	False	-0.392162	1.098612	5.976351
CPAMD8	1	4	True	False	1.340697	1.386294	7.538495
CPAP	1	4	False	True	0.801909	1.386294	7.185387
CPLANE1	3	22	False	True	2.593015	3.091042	7.861727
CPN1	0	1	False	False	-0.53778	0.0	6.063785
CPOX	0	9	False	False	-0.435847	2.197225	6.079933
CPS1	4	65	False	False	0.583481	4.174387	7.309881
CPSF1	0	1	False	False	0.525234	0.0	7.255591
CPSF3	0	1	False	True	-0.319352	0.0	6.498282
CPT1A	1	25	False	False	-0.057239	3.218876	6.647688
CPT1C	0	3	True	True	0.17575	1.098612	6.684612
CPT2	3	30	False	True	-0.100925	3.401197	6.489205
CPZ	0	1	False	False	-0.333914	0.0	6.464588
CR2	0	2	False	False	-0.057239	0.693147	6.461468
CRADD	0	4	False	True	-0.712522	1.386294	5.257495
CRB1	6	179	True	True	0.903842	5.187386	7.236339
CRB2	1	10	True	False	0.219436	2.302585	7.149917
CRBN	0	2	False	True	-0.464971	0.693147	6.073045
CREB3L1	0	1	False	False	-0.159172	0.0	6.251904
CREBBP	8	124	False	True	2.287216	4.820282	7.793587
CRELD1	0	3	True	False	-0.508656	1.098612	6.013715
CRIPT	0	2	False	False	-0.785331	0.693147	4.60517
CRLF1	0	7	True	True	-0.3776	1.94591	6.018593
CRLS1	1	3	False	False	-0.654275	1.098612	5.659482
CRPPA	1	9	False	True	-0.421285	2.197225	6.09131
CRTAP	0	4	False	False	-0.596027	1.386294	5.993961
CRX	1	17	True	True	-0.30479	2.833213	5.676754
CRYAA	1	10	True	False	-0.610589	2.302585	5.153292
CRYAB	0	6	True	True	-0.639713	1.791759	5.030438
CRYBA1	0	2	False	False	-0.596027	0.693147	5.342334
CRYBA4	0	5	False	False	-0.668836	1.609438	5.247024
CRYBB1	2	7	False	False	-0.53778	1.94591	5.488938
CRYBB2	0	12	False	False	-0.610589	2.484907	5.31812
CRYBB3	0	5	False	False	-0.581465	1.609438	5.351858
CRYGC	0	4	False	False	-0.69796	1.386294	5.111988
CRYGD	2	8	False	False	-0.639713	2.079442	5.159055
CRYGS	0	6	False	True	-0.727084	1.791759	5.147494
CSDE1	0	3	False	False	-0.217419	1.098612	6.661855
CSF1R	5	41	False	True	0.277683	3.713572	6.854355
CSF2RA	0	1	False	False	-0.464971	0.0	5.780744
CSF3R	1	4	False	False	0.132065	1.386294	6.727432
CSGALNACT1	0	2	False	False	-0.523218	0.693147	6.270988
CSMD1	0	1	True	False	4.06376	0.0	8.169903
CSNK1D	0	2	False	False	-0.3776	0.693147	6.018593
CSNK2A1	0	42	False	True	-0.523218	3.73767	5.913503
CSNK2B	0	27	False	True	-0.727084	3.295837	5.342334
CSRP3	0	5	True	False	-0.712522	1.609438	5.049856
CST3	0	1	True	True	-0.756207	0.0	4.94876
CSTB	0	3	False	True	-0.799893	1.098612	4.418841
CSTF2	0	1	False	True	-0.406723	0.0	6.350886
CTBP2	0	3	False	False	-0.610589	1.098612	6.059123
CTC1	0	10	False	True	0.845595	2.302585	7.103322
CTCF	2	38	False	True	-0.392162	3.637586	6.583409
CTH	0	1	False	False	-0.450409	0.0	6.003887
CTHRC1	0	1	False	False	-0.552342	0.0	5.455321
CTLA4	1	20	False	False	-0.668836	2.995732	5.267858
CTNNA1	0	2	False	True	0.001008	0.693147	6.807935
CTNNA3	0	1	True	False	0.044694	0.0	6.787845
CTNNB1	1	27	False	True	-0.275667	3.295837	6.647688
CTNND1	0	4	False	False	0.204874	1.386294	6.871091
CTNND2	0	2	True	False	1.28245	0.693147	7.109062
CTNS	2	31	False	False	-0.464971	3.433987	5.834811
CTR9	0	15	False	True	0.365054	2.70805	7.066467
CTRC	0	2	False	False	-0.625151	0.693147	5.545177
CTSA	1	13	False	False	-0.3776	2.564949	6.156979
CTSC	0	18	False	False	-0.435847	2.890372	6.113682
CTSD	0	3	False	True	-0.348476	1.098612	5.937536
CTSF	0	4	True	True	-0.290229	1.386294	6.173786
CTSK	1	26	False	False	-0.53778	3.258097	5.783825
CUBN	0	13	False	False	4.719043	2.564949	8.195058
CUL2	0	1	False	False	-0.159172	0.0	6.609349
CUL3	0	19	False	True	-0.246543	2.944439	6.602588
CUL7	0	6	False	False	0.991213	1.791759	7.435438
CUX2	0	3	True	True	1.398944	1.098612	7.277939
CWF19L1	0	4	False	True	-0.333914	1.386294	6.242223
CXCR2	0	2	False	False	-0.450409	0.693147	5.877736
CXCR4	0	1	False	False	-0.392162	0.0	5.863631
CYB561	0	1	False	True	-0.683398	0.0	5.521461
CYB5A	0	1	False	False	-0.741646	0.0	4.779123
CYB5R3	0	18	False	True	-0.668836	2.890372	5.438079
CYBA	2	12	False	False	-0.785331	2.484907	5.123964
CYBB	7	61	False	False	-0.406723	4.110874	6.320768
CYC1	0	2	False	False	-0.523218	0.693147	5.755742
CYCS	1	5	False	False	-0.85814	1.609438	3.871201
CYFIP2	1	20	False	True	-0.392162	2.995732	6.230481
CYLD	0	4	False	False	0.233997	1.386294	6.859615
CYP11A1	0	15	False	False	-0.523218	2.70805	6.230481
CYP11B1	5	57	False	False	-0.450409	4.043051	6.198479
CYP11B2	1	19	False	False	-0.494094	2.944439	6.202536
CYP17A1	7	60	False	False	-0.421285	4.094345	6.228511
CYP19A1	0	11	False	False	-0.494094	2.397895	6.20859
CYP1B1	5	47	False	False	-0.333914	3.850148	6.274762
CYP21A2	4	61	False	False	-0.494094	4.110874	6.202536
CYP24A1	0	12	False	False	-0.3776	2.484907	6.222576
CYP26B1	0	5	False	False	-0.348476	1.609438	6.232448
CYP27A1	2	30	False	True	-0.53778	3.401197	6.234411
CYP27B1	0	33	False	False	-0.435847	3.496508	6.214608
CYP2C9	0	1	False	False	-0.421285	0.0	6.169611
CYP2R1	0	1	False	False	-0.479533	0.0	6.09131
CYP2U1	0	14	False	True	-0.319352	2.639057	6.295266
CYP3A4	0	1	False	False	-0.435847	0.0	6.216606
CYP4F22	3	26	False	False	-0.464971	3.258097	6.212606
CYP4V2	1	25	False	True	-0.450409	3.218876	6.234411
CYP51A1	0	1	False	False	-0.479533	0.0	6.230481
CYP7B1	1	17	False	True	-0.406723	2.833213	6.226537
D2HGDH	1	12	False	True	-0.406723	2.484907	6.251904
DAAM2	0	2	True	False	0.030132	0.693147	6.958448
DAB1	0	1	False	True	-0.741646	0.0	5.4161
DACT1	0	4	False	False	-0.566904	1.386294	5.31812
DAP3	0	3	False	False	-0.552342	1.098612	5.963579
DARS1	0	10	False	True	-0.494094	2.302585	6.194405
DARS2	2	18	False	True	-0.246543	2.890372	6.459904
DAW1	0	3	False	False	-0.392162	1.098612	6.006353
DAZL	0	1	False	False	-0.53778	0.0	5.68358
DBT	1	26	False	False	-0.421285	3.258097	6.150603
DCAF17	0	3	False	True	-0.290229	1.098612	6.251904
DCAF8	0	1	False	True	0.030132	0.0	6.391917
DCC	1	8	False	True	1.267888	2.079442	7.275865
DCDC2	0	4	False	False	-0.348476	1.386294	6.12905
DCHS1	0	3	False	False	2.884251	1.098612	8.097426
DCLRE1B	0	3	False	False	-0.14461	1.098612	6.249975
DCLRE1C	0	19	False	True	0.248559	2.944439	6.533789
DCPS	0	1	False	False	-0.668836	0.0	5.820083
DCT	0	4	False	False	-0.435847	1.386294	6.238325
DCTN1	0	9	True	True	0.466987	2.197225	7.153052
DCX	8	91	True	True	-0.30479	4.51086	5.826
DDB1	0	6	False	False	0.350492	1.791759	7.019297
DDB2	0	3	False	False	-0.333914	1.098612	6.037871
DDC	1	37	False	False	-0.479533	3.610918	6.124683
DDHD1	0	2	False	True	0.321368	0.693147	6.771936
DDHD2	0	2	False	True	-0.013554	0.693147	6.532334
DDR2	0	7	False	False	0.088379	1.94591	6.734592
DDX11	0	2	False	False	-0.130048	0.693147	6.690842
DDX23	1	4	False	True	-0.202858	1.386294	6.672033
DDX39A	0	1	False	False	-0.552342	0.0	6.054439
DDX3X	7	126	False	True	0.204874	4.836282	6.483107
DDX41	0	10	False	False	-0.406723	2.302585	6.428105
DDX53	0	1	False	False	-0.188296	0.0	6.447306
DDX54	0	3	False	True	-0.086363	1.098612	6.770789
DDX59	0	1	False	False	-0.246543	0.0	6.424869
DDX6	0	8	False	False	-0.494094	2.079442	6.163315
DEAF1	3	48	True	True	-0.275667	3.871201	6.324359
DEF6	0	1	False	False	-0.30479	0.0	6.426488
DEGS1	0	7	False	True	-0.668836	1.94591	5.736572
DENND4A	1	1	False	False	0.233997	0.0	6.763885
DENND4B	0	1	False	False	1.005775	0.0	7.289611
DENND5A	0	1	True	True	0.365054	0.0	7.154615
DENND5B	0	1	False	False	0.437863	0.0	7.144407
DEPDC5	0	4	False	True	1.398944	1.386294	7.378384
DES	3	46	True	True	-0.363038	3.828641	6.131226
DGAT1	1	6	False	False	-0.406723	1.791759	6.131226
DGKE	0	6	False	False	-0.494094	1.791759	6.324359
DGUOK	0	17	False	True	-0.581465	2.833213	5.549076
DHCR24	0	4	False	False	-0.53778	1.386294	6.190315
DHCR7	9	116	False	True	-0.581465	4.75359	6.115892
DHDDS	2	14	False	True	-0.581465	2.639057	5.805135
DHFR	0	4	False	False	-0.712522	1.386294	5.123964
DHH	0	10	False	False	-0.654275	2.302585	5.950643
DHODH	0	7	False	False	-0.596027	1.94591	5.857933
DHPS	0	1	False	True	-0.596027	0.0	5.840642
DHRS3	0	1	False	False	-0.69796	0.0	5.666427
DHRSX	0	1	False	False	-0.581465	0.0	5.765191
DHTKD1	1	2	False	True	0.001008	0.693147	6.775366
DHX16	0	6	False	True	0.001008	1.791759	6.913737
DHX30	0	11	False	True	0.379616	2.397895	7.077498
DHX34	0	2	False	True	0.394178	0.693147	7.014814
DHX37	1	12	False	True	0.059255	2.484907	7.006695
DHX38	0	3	False	True	0.525234	1.098612	7.09091
DHX9	0	5	False	True	0.190312	1.609438	7.126087
DIABLO	0	1	False	False	-0.581465	0.0	5.438079
DIAPH1	1	2	False	False	0.350492	0.693147	7.148346
DICER1	0	37	False	True	1.369821	3.610918	7.561122
DIP2B	0	1	False	False	1.064022	0.0	7.353082
DIS3	0	1	False	True	-0.028116	0.0	6.848005
DIS3L2	0	1	False	False	0.102941	0.0	6.785588
DISP1	0	2	False	True	1.107708	0.693147	7.325149
DKC1	3	23	False	True	-0.450409	3.135494	6.240276
DKK3	0	1	True	False	-0.596027	0.0	5.78996
DLAT	0	2	False	True	-0.30479	0.693147	6.424869
DLC1	0	1	False	False	1.76299	0.0	7.33106
DLD	0	16	False	True	-0.479533	2.772589	6.226537
DLG3	0	1	False	False	-0.028116	0.0	6.700731
DLL1	0	4	False	True	-0.130048	1.386294	6.566672
DLL3	0	4	True	False	-0.319352	1.386294	6.359574
DLL4	1	17	False	False	-0.086363	2.833213	6.511745
DLX3	1	4	False	False	-0.363038	1.386294	5.620401
DLX5	0	5	False	False	-0.246543	1.609438	5.652489
DMBX1	0	1	False	False	-0.829017	0.0	3.688879
DMC1	1	5	False	False	-0.668836	1.609438	5.762051
DMD	1	28	True	True	2.651262	3.332205	8.207947
DMGDH	0	1	False	False	-0.202858	0.0	6.712956
DMP1	0	2	False	False	0.714538	0.693147	6.190315
DMRT1	0	6	False	False	-0.100925	1.791759	5.891644
DMRT2	0	1	True	False	-0.217419	0.0	6.327937
DMRT3	0	1	False	False	-0.042677	0.0	6.156979
DMRTA2	0	1	False	False	-0.275667	0.0	6.240276
DMXL2	0	2	False	True	2.447396	0.693147	7.725771
DNA2	0	4	False	True	0.33593	1.386294	6.955593
DNAAF1	0	2	False	False	-0.173734	0.693147	6.586172
DNAAF11	0	4	False	False	-0.479533	1.386294	6.109248
DNAAF19	0	1	False	True	-0.69796	0.0	5.402677
DNAAF3	0	7	False	False	-0.348476	1.94591	6.285998
DNAAF4	0	2	False	False	-0.610589	0.693147	6.040255
DNAAF5	0	3	False	False	-0.086363	1.098612	6.729824
DNAH1	0	8	False	False	3.495849	2.079442	8.350902
DNAH11	1	23	False	False	2.374587	3.135494	8.411388
DNAH12	0	1	False	False	-0.30479	0.0	6.624065
DNAH17	0	5	False	False	2.520206	1.609438	8.382976
DNAH2	1	4	True	False	3.088117	1.386294	8.395477
DNAH5	1	42	False	False	3.175488	3.73767	8.430109
DNAH6	0	1	False	False	2.782319	0.0	8.332549
DNAH7	0	3	True	True	2.927937	1.098612	8.300032
DNAH9	0	5	True	False	2.86969	1.609438	8.405815
DNAI1	0	11	False	False	-0.14461	2.397895	6.490724
DNAI2	0	4	False	False	-0.290229	1.386294	6.359574
DNAJB11	0	3	False	False	-0.683398	1.098612	5.849325
DNAJB13	0	1	False	False	-0.69796	0.0	5.153292
DNAJB2	0	2	True	True	-0.348476	0.693147	5.765191
DNAJB4	0	3	False	False	-0.523218	1.098612	5.820083
DNAJB6	2	10	False	True	-0.450409	2.302585	5.771441
DNAJC12	0	3	True	False	-0.639713	1.098612	5.231109
DNAJC19	0	1	True	False	-0.799893	0.0	4.564348
DNAJC21	0	2	False	False	-0.392162	0.693147	6.259581
DNAJC3	0	1	False	True	-0.450409	0.0	6.200509
DNAJC30	0	4	False	True	-0.625151	1.386294	5.379897
DNAJC5	0	2	True	True	-0.683398	0.693147	5.252273
DNAL1	0	2	False	False	-0.756207	0.693147	5.056246
DNASE1L3	0	1	False	False	-0.479533	0.0	5.720312
DNASE2	0	3	False	False	-0.421285	1.098612	5.872118
DNHD1	0	4	False	False	4.544301	1.386294	8.466531
DNM1	3	47	True	True	0.656291	3.850148	6.753438
DNM1L	3	9	False	True	-0.115487	2.197225	6.584791
DNM2	1	30	False	True	-0.013554	3.401197	6.765039
DNMT1	0	11	False	True	-0.770769	2.397895	4.890349
DNMT3A	1	66	False	True	-0.028116	4.189655	6.795706
DNMT3B	0	19	False	True	0.204874	2.944439	6.727432
DOCK11	0	9	False	False	1.457192	2.197225	7.633854
DOCK2	0	2	False	False	0.88928	0.693147	7.510431
DOCK4	0	3	True	True	0.306807	1.098612	7.020191
DOCK6	0	1	False	False	1.486315	0.0	7.621195
DOCK7	0	2	False	True	1.952294	0.693147	7.665753
DOCK8	0	2	False	False	1.704743	0.693147	7.649216
DOHH	1	2	True	True	-0.756207	0.693147	5.710427
DOK7	1	10	True	True	0.044694	2.302585	6.194405
DOLK	0	8	False	False	-0.30479	2.079442	6.242223
DONSON	1	7	False	False	-0.086363	1.94591	6.338594
DOT1L	0	8	False	True	1.792114	2.079442	7.33106
DPAGT1	1	21	False	True	-0.581465	3.044522	5.981414
DPF2	0	14	False	False	-0.392162	2.639057	5.968708
DPH1	0	5	False	True	-0.464971	1.609438	6.056784
DPH5	0	2	False	True	-0.639713	0.693147	5.638355
DPM1	0	5	False	False	-0.596027	1.609438	5.513429
DPM2	0	3	False	True	-0.843578	1.098612	4.248495
DPM3	0	4	False	True	-0.829017	1.386294	4.330733
DPP6	0	1	True	True	0.044694	0.0	6.731018
DPPA2	0	1	False	False	-0.581465	0.0	5.598422
DPT	0	1	False	False	-0.683398	0.0	5.170484
DPY19L2	0	4	False	False	-0.013554	1.386294	6.620073
DPYD	0	9	False	False	0.204874	2.197225	6.927558
DPYS	1	12	False	False	-0.53778	2.484907	6.2186
DPYSL5	0	1	True	True	-0.450409	0.0	6.329721
DRAM2	0	6	False	True	-0.581465	1.791759	5.572154
DRC1	0	1	False	False	-0.188296	0.0	6.586172
DROSHA	0	1	False	True	0.437863	0.0	7.182352
DSC2	0	1	False	False	0.001008	0.0	6.771936
DSCAM	0	2	True	False	2.083351	0.693147	7.604894
DSE	0	2	False	False	0.088379	0.693147	6.862758
DSG2	0	7	False	False	0.452425	1.94591	7.019297
DSG4	1	4	False	False	0.277683	1.386294	6.940222
DSP	2	22	False	False	2.301778	3.091042	7.96137
DSPP	1	6	False	False	7.005251	1.791759	7.16935
DSTYK	0	1	False	False	0.044694	0.0	6.833032
DTNA	0	1	True	False	-0.479533	0.0	5.743003
DTYMK	0	3	False	True	-0.683398	1.098612	5.273
DUOX2	2	18	False	False	0.612605	2.890372	7.323831
DUOXA2	0	4	False	False	-0.566904	1.386294	5.690359
DUT	0	1	False	False	-0.639713	0.0	5.513429
DVL3	0	1	False	False	0.481549	0.0	6.563856
DYM	0	5	False	False	-0.173734	1.609438	6.165418
DYNC1H1	10	148	False	True	3.088117	4.997212	8.441176
DYNC1I2	0	1	False	True	-0.057239	0.0	6.380123
DYNC2H1	2	66	False	False	6.815947	4.189655	8.360305
DYNC2I1	0	2	False	False	0.583481	0.693147	6.936343
DYNC2I2	0	10	False	False	-0.188296	2.302585	6.240276
DYNC2LI1	0	3	False	False	-0.523218	1.098612	5.860786
DYRK1A	1	34	False	True	-0.727084	3.526361	4.077537
DYRK1B	0	2	False	False	-0.130048	0.693147	6.444131
DYSF	5	124	False	True	0.845595	4.820282	7.640123
DZIP1	0	1	True	False	0.190312	0.0	6.76273
DZIP1L	0	2	False	False	0.059255	0.693147	6.632002
E4F1	0	1	False	True	-0.159172	0.0	6.648985
EARS2	0	15	False	True	-0.435847	2.70805	6.259581
EBF3	2	47	False	True	-0.100925	3.850148	6.356108
EBP	1	30	False	False	-0.756207	3.401197	5.42495
ECE1	0	4	False	False	-0.028116	1.386294	6.632002
ECEL1	1	14	True	False	-0.290229	2.639057	6.650279
ECHS1	2	43	False	True	-0.69796	3.7612	5.57973
ECM1	0	3	False	False	-0.406723	1.098612	6.282267
EDA	11	130	False	False	-0.464971	4.867534	5.968708
EDAR	0	38	False	True	-0.275667	3.637586	6.104793
EDARADD	1	11	False	False	-0.668836	2.397895	5.356586
EDC3	0	1	False	True	-0.231981	0.0	6.228511
EDEM3	0	3	False	False	0.117503	1.098612	6.81564
EDN1	1	3	False	False	-0.625151	1.098612	5.298317
EDN3	1	5	False	False	-0.625151	1.609438	5.420535
EDNRA	0	2	False	False	-0.421285	0.693147	6.052089
EDNRB	0	6	True	False	-0.406723	1.791759	6.09131
EED	0	13	False	True	-0.319352	2.564949	6.070738
EEF1A2	4	40	True	True	-0.479533	3.688879	6.118097
EEF2	1	4	False	True	-0.246543	1.386294	6.723832
EEFSEC	0	2	False	True	-0.290229	0.693147	6.388561
EFEMP1	0	4	False	True	-0.363038	1.386294	6.198479
EFEMP2	0	13	False	False	-0.3776	2.564949	6.063785
EFL1	0	3	False	False	0.190312	1.098612	7.018402
EFNB1	1	21	False	False	-0.508656	3.044522	5.823046
EFTUD2	3	25	False	False	-0.188296	3.218876	6.856462
EGF	0	1	True	False	0.598043	0.0	7.079184
EGFR	0	13	False	False	0.33593	2.564949	7.094235
EGLN1	0	2	True	False	-0.508656	0.693147	6.040255
EGR2	3	18	False	True	-0.071801	2.890372	6.154858
EHMT1	1	30	False	False	0.787347	3.401197	7.163172
EHMT2	1	5	True	False	0.56892	1.609438	7.093405
EI24	0	1	False	True	-0.348476	0.0	5.799093
EIF1AX	0	1	False	True	-0.843578	0.0	4.624973
EIF2AK2	0	2	False	True	-0.100925	0.693147	6.295266
EIF2AK3	0	6	False	False	0.743662	1.791759	7.01661
EIF2AK4	1	9	False	False	0.976651	2.197225	7.401842
EIF2B1	0	6	False	True	-0.581465	1.791759	5.693732
EIF2B2	1	13	False	True	-0.523218	2.564949	5.831882
EIF2B3	1	13	False	True	-0.363038	2.564949	6.059123
EIF2B4	0	14	False	True	-0.217419	2.639057	6.25575
EIF2B5	0	53	False	True	-0.042677	3.970292	6.57647
EIF2S3	0	7	False	True	-0.494094	1.94591	6.095825
EIF3F	0	2	False	True	-0.494094	0.693147	5.846439
EIF4A2	1	11	True	True	-0.654275	2.397895	5.83773
EIF4A3	0	1	False	False	-0.610589	0.0	5.983936
EIF5A	1	6	False	True	-0.770769	1.791759	4.934474
EIPR1	0	4	False	False	-0.30479	1.386294	5.905362
ELAC2	0	9	False	False	-0.057239	2.197225	6.679599
ELANE	6	65	False	False	-0.668836	4.174387	5.575949
ELF2	0	1	False	True	-0.042677	0.0	6.35437
ELF4	0	2	False	False	0.248559	0.693147	6.483107
ELFN1	1	1	True	True	0.190312	0.0	6.719013
ELMOD3	0	1	False	False	-0.435847	0.0	5.926926
ELN	0	9	False	False	-0.814455	2.197225	6.082219
ELOVL4	0	6	True	True	-0.596027	1.791759	5.68358
ELOVL5	0	2	False	True	-0.596027	0.693147	5.652489
ELP1	0	3	False	True	0.670852	1.098612	7.192182
ELP2	0	5	False	True	0.001008	1.609438	6.695799
ELP4	1	2	False	False	-0.348476	0.693147	6.001415
ELP6	0	1	False	False	-0.625151	0.0	5.568345
EMC1	2	9	False	True	0.394178	2.197225	6.874198
EMD	2	6	False	True	-0.319352	1.791759	5.293305
EMG1	0	1	False	False	-0.639713	0.0	5.4161
EMILIN1	0	1	False	True	0.277683	0.0	6.910751
EML1	0	2	False	True	0.292245	0.693147	6.694562
EML6	0	1	False	False	1.020337	0.0	7.576097
EMP2	1	1	False	False	-0.741646	0.0	5.049856
EMX2	0	2	True	True	-0.523218	0.693147	5.521461
ENAM	0	1	False	False	0.452425	0.0	7.020191
ENG	3	91	False	False	0.204874	4.51086	6.486161
ENO3	0	1	True	False	-0.581465	0.0	5.993961
ENPP1	1	28	False	False	0.088379	3.332205	6.826545
ENTPD1	0	1	False	True	-0.363038	0.0	6.22059
EOGT	0	3	False	False	-0.479533	1.098612	6.204558
EP300	3	46	False	True	1.952294	3.828641	7.786967
EPAS1	1	8	False	False	0.49611	2.079442	6.749931
EPB41	0	4	False	False	0.102941	1.386294	6.744059
EPB41L1	0	1	True	False	0.248559	0.0	6.781058
EPB41L4A	0	1	False	False	0.102941	0.0	6.522093
EPB42	0	3	False	False	-0.231981	1.098612	6.536692
EPCAM	0	4	False	False	-0.668836	1.386294	5.666427
EPG5	0	8	False	True	2.31634	2.079442	7.847372
EPHA2	0	4	False	False	0.146626	1.386294	6.867974
EPHA4	0	1	False	False	0.190312	0.0	6.875232
EPHB2	0	1	False	False	0.204874	0.0	6.877296
EPHB4	1	20	False	False	0.204874	2.995732	6.877296
EPHX1	0	1	False	False	-0.435847	0.0	6.109248
EPM2A	1	17	True	True	-0.727084	2.833213	5.799093
EPO	0	1	False	False	-0.712522	0.0	5.153292
EPRS1	1	5	False	True	0.408739	1.609438	7.320527
EPS8L2	0	1	False	False	-0.013554	0.0	6.572283
ERAL1	0	1	False	False	-0.333914	0.0	6.068426
ERBB2	1	11	False	False	0.17575	2.397895	7.118826
ERBB3	0	7	False	False	0.554358	1.94591	7.193686
ERBB4	0	3	True	True	0.277683	1.098612	7.161622
ERCC1	1	1	False	False	-0.625151	0.0	5.587249
ERCC2	1	24	False	False	-0.319352	3.178054	6.614726
ERCC3	0	3	False	False	-0.057239	1.098612	6.646391
ERCC4	1	7	False	True	0.059255	1.94591	6.813445
ERCC5	2	10	False	False	0.831033	2.302585	7.062192
ERCC6	0	1	False	False	1.966856	0.0	7.299797
ERCC8	1	14	False	False	-0.275667	2.639057	5.971262
ERF	0	7	False	False	-0.042677	1.94591	6.306275
ERGIC1	0	2	False	False	-0.625151	0.693147	5.627621
ERI1	0	6	False	False	-0.523218	1.791759	5.808142
ERLEC1	0	4	False	False	-0.406723	1.386294	6.173786
ERLIN1	0	2	False	True	-0.610589	0.693147	5.846439
ERLIN2	1	11	False	True	-0.610589	2.397895	5.780744
ERMARD	0	1	False	True	-0.071801	0.0	6.51323
ESCO2	0	3	False	False	0.044694	1.098612	6.398595
ESPN	1	3	False	False	0.117503	1.098612	6.727432
ESR1	0	2	False	False	-0.231981	0.693147	6.359574
ESR2	0	1	False	False	-0.028116	0.0	6.270988
ESRP1	0	2	False	False	-0.290229	0.693147	6.437752
ESRP2	0	1	False	False	-0.668836	0.0	5.407172
ESRRG	0	4	False	True	-0.261105	1.386294	6.059123
ESX1	0	1	False	False	-0.727084	0.0	5.988961
ETFA	0	8	False	False	-0.552342	2.079442	5.680173
ETFB	0	6	True	False	-0.799893	1.791759	5.420535
ETFDH	4	98	False	False	-0.479533	4.584967	6.393591
ETHE1	1	20	False	True	-0.668836	2.995732	5.384495
ETV2	0	1	False	False	-0.406723	0.0	5.786897
ETV4	0	1	False	False	-0.348476	0.0	6.180017
ETV5	0	1	True	False	-0.363038	0.0	6.216606
ETV6	0	11	False	False	-0.261105	2.397895	6.084499
EVC	0	7	False	False	0.190312	1.94591	6.897705
EVC2	0	3	False	False	0.583481	1.098612	7.157735
EXOC2	0	1	False	True	0.248559	0.0	6.823286
EXOC3L2	0	1	False	False	-0.290229	0.0	6.677083
EXOC4	0	1	False	False	0.17575	0.0	6.840547
EXOC7	0	1	False	True	-0.421285	0.0	5.645447
EXOSC1	0	1	False	True	-0.610589	0.0	5.123964
EXOSC2	0	1	False	False	-0.596027	0.0	5.572154
EXOSC3	0	16	False	True	-0.639713	2.772589	5.616771
EXOSC5	1	3	False	False	-0.566904	1.098612	5.459586
EXOSC8	0	1	False	True	-0.668836	0.0	5.605802
EXOSC9	0	3	False	True	-0.494094	1.098612	6.052089
EXT1	1	46	False	False	0.01557	3.828641	6.598509
EXT2	1	13	False	False	-0.159172	2.564949	6.575076
EXTL3	0	1	False	False	-0.086363	0.0	6.803505
EYA1	1	20	True	False	0.248559	2.995732	6.359574
EYA4	0	1	True	False	0.33593	0.0	6.437752
EYS	1	36	True	True	2.986184	3.583519	7.889834
EZH1	0	2	False	False	-0.086363	0.693147	6.593045
EZH2	4	30	False	True	-0.596027	3.401197	5.63479
F10	0	29	False	False	-0.464971	3.367296	6.184149
F11	5	65	False	False	-0.14461	4.174387	6.386879
F12	1	5	False	False	-0.333914	1.609438	6.421622
F13A1	2	20	False	False	-0.217419	2.995732	6.594413
F13B	0	2	False	False	-0.217419	0.693147	6.483107
F2	1	24	False	True	-0.333914	3.178054	6.378426
F5	0	17	False	False	2.709509	2.833213	7.7012
F7	0	4	False	False	-0.421285	1.386294	6.115892
F8	12	384	True	False	2.301778	5.950643	7.754053
F9	6	201	False	False	-0.494094	5.303305	6.104793
FA2H	4	22	True	True	-0.523218	3.091042	5.860786
FAAP100	0	1	False	False	0.204874	0.0	6.776507
FADD	0	1	False	False	-0.581465	0.0	5.337538
FAH	3	36	False	False	-0.464971	3.583519	6.037871
FAM111A	1	8	False	False	-0.246543	2.079442	6.408529
FAM111B	1	6	False	False	-0.057239	1.791759	6.583409
FAM120AOS	0	1	False	False	-0.523218	0.0	5.537334
FAM161A	0	2	True	True	-0.246543	0.693147	6.253829
FAM20A	0	3	False	False	-0.275667	1.098612	6.293419
FAM20C	0	13	False	True	-0.319352	2.564949	6.36647
FAM222A	0	1	True	False	-0.231981	0.0	6.011267
FAM50A	0	4	False	True	-0.581465	1.386294	5.774552
FAN1	0	2	True	False	0.510672	0.693147	6.924612
FANCA	3	85	False	False	1.20964	4.442651	7.278629
FANCB	0	3	False	False	0.292245	1.098612	6.753438
FANCC	0	5	False	False	-0.363038	1.609438	6.297109
FANCD2	0	7	False	False	1.180517	1.94591	7.279319
FANCF	0	3	False	False	-0.53778	1.098612	5.921578
FANCG	0	11	False	False	-0.159172	2.397895	6.428105
FANCI	0	7	False	False	0.991213	1.94591	7.179308
FANCL	0	5	False	False	-0.479533	1.609438	5.916202
FANCM	0	1	False	False	2.447396	0.0	7.623642
FAR1	1	6	False	False	-0.479533	1.791759	6.23637
FARS2	2	26	False	True	-0.494094	3.258097	6.054439
FARSA	2	4	False	False	-0.348476	1.386294	6.194405
FARSB	0	8	False	False	-0.566904	2.079442	6.363028
FAS	2	37	False	False	-0.596027	3.610918	5.808142
FASLG	0	2	False	False	-0.508656	0.693147	5.605802
FASTKD1	0	1	False	False	0.059255	0.0	6.739337
FASTKD2	0	3	False	False	-0.057239	1.098612	6.562444
FASTKD5	0	3	False	True	0.059255	1.098612	6.635947
FAT1	0	5	False	True	4.966594	1.609438	8.429891
FAT2	0	1	True	True	4.369559	0.0	8.376321
FAT4	0	4	False	False	2.141598	1.386294	7.77863
FBLN5	0	2	False	True	-0.494094	0.693147	6.095825
FBN1	15	1486	False	True	1.631934	7.303843	7.956827
FBN2	1	85	False	True	1.733866	4.442651	7.968666
FBP1	2	14	False	False	-0.596027	2.639057	5.817111
FBXL3	0	1	False	False	-0.261105	0.0	6.023448
FBXL4	0	25	False	True	-0.086363	3.218876	6.426488
FBXO11	4	64	False	True	-0.202858	4.158883	6.82546
FBXO28	0	3	False	True	-0.464971	1.098612	5.888878
FBXO31	0	1	False	True	-0.494094	0.0	6.289716
FBXO38	1	2	False	True	0.539796	0.693147	7.051856
FBXO43	0	1	False	False	0.49611	0.0	6.552508
FBXO7	0	6	False	True	-0.173734	1.791759	6.253829
FBXW11	1	8	True	False	-0.799893	2.079442	3.713572
FBXW7	0	13	False	True	0.001008	2.564949	6.533789
FCHO1	0	2	False	False	0.56892	0.693147	6.788972
FDPS	0	1	False	False	-0.596027	0.0	5.963579
FDX2	0	2	True	False	-0.727084	0.693147	4.990433
FDXR	1	12	False	True	-0.494094	2.484907	6.122493
FECH	0	15	False	False	-0.450409	2.70805	6.040255
FEM1B	0	1	False	True	-0.464971	0.0	6.390241
FEM1C	0	1	False	True	-0.290229	0.0	6.419995
FERMT1	0	1	False	False	-0.100925	0.0	6.487684
FERRY3	0	1	False	True	-0.217419	0.0	6.309918
FEZF1	0	1	True	False	-0.406723	0.0	6.054439
FEZF2	0	1	True	True	-0.421285	0.0	6.12905
FGA	1	12	False	False	0.379616	2.484907	6.426488
FGB	0	8	False	False	-0.392162	2.079442	6.175867
FGD1	0	12	False	False	0.219436	2.484907	6.860664
FGF10	1	11	False	False	-0.552342	2.397895	5.337538
FGF13	0	5	True	True	-0.494094	1.609438	5.497168
FGF14	0	2	True	True	-0.596027	0.693147	5.497168
FGF17	0	1	True	False	-0.712522	0.0	5.298317
FGF23	1	11	False	False	-0.566904	2.397895	5.398163
FGF3	0	8	False	False	-0.581465	2.079442	5.46806
FGF4	0	1	False	False	-0.683398	0.0	5.267858
FGF5	0	1	False	False	-0.290229	0.0	5.55296
FGF8	3	11	True	True	-0.829017	2.397895	3.637586
FGF9	0	5	True	False	-0.712522	1.609438	5.337538
FGFR1	5	91	False	True	0.190312	4.51086	6.680855
FGFR2	0	22	True	False	0.263121	3.091042	6.706862
FGFR3	5	45	False	True	0.001008	3.806662	6.689599
FGG	1	17	False	True	-0.450409	2.833213	6.100319
FH	12	163	False	True	-0.508656	5.09375	6.173786
FHL1	0	1	True	True	-0.69796	0.0	5.758902
FHOD3	0	2	True	False	-0.494094	0.693147	5.958425
FICD	0	1	False	True	-0.494094	0.0	6.104793
FIG4	0	7	False	True	0.219436	1.94591	6.79794
FIGLA	0	2	False	False	-0.566904	0.693147	5.361292
FILIP1	0	1	True	True	0.612605	0.0	7.095893
FITM2	0	2	True	False	-0.581465	0.693147	5.556828
FKBP10	1	8	False	False	-0.494094	2.079442	6.347389
FKRP	7	67	False	True	-0.654275	4.204693	6.202536
FKTN	1	12	False	True	-0.508656	2.484907	6.113682
FLAD1	0	2	False	False	-0.333914	0.693147	6.371612
FLCN	1	15	False	False	-0.042677	2.70805	6.357842
FLI1	0	4	False	False	-0.159172	1.386294	6.109248
FLII	0	2	False	False	0.233997	0.693147	7.140453
FLNA	4	48	False	True	1.806676	3.871201	7.878534
FLNB	4	48	False	True	1.704743	3.871201	7.861342
FLNC	4	26	True	True	1.559124	3.258097	7.907652
FLRT3	0	1	False	False	-0.071801	0.0	6.475433
FLT3	0	8	False	True	0.423301	2.079442	6.900731
FLT4	1	33	False	False	0.816471	3.496508	7.216709
FLVCR1	1	18	False	True	-0.348476	2.890372	6.315358
FLVCR2	0	6	False	False	-0.14461	1.791759	6.257668
FMN2	0	1	True	True	1.180517	0.0	7.449498
FMNL2	0	1	True	False	0.059255	0.0	6.928538
FMO3	0	24	False	False	-0.30479	3.178054	6.200509
FMR1	0	5	False	True	-0.231981	1.609438	6.429719
FN1	0	22	False	True	2.025103	3.091042	7.813996
FNIP1	0	2	False	False	1.078584	0.693147	7.05445
FOCAD	0	1	False	False	1.384382	0.0	7.485492
FOLR1	0	5	False	True	-0.668836	1.609438	5.549076
FOS	0	1	False	False	-0.086363	0.0	5.924256
FOXC1	6	34	False	False	0.190312	3.526361	6.311735
FOXC2	0	5	False	False	-0.261105	1.609438	6.204558
FOXD2	0	1	False	False	-0.333914	0.0	6.196444
FOXE1	1	5	False	False	-0.581465	1.609438	5.916202
FOXE3	1	11	False	False	-0.654275	2.397895	5.746203
FOXF1	5	25	False	False	-0.202858	3.218876	5.894403
FOXG1	9	96	True	True	-0.100925	4.564348	6.182085
FOXH1	1	6	True	False	-0.421285	1.791759	5.897154
FOXI1	1	4	False	False	-0.159172	1.386294	5.905362
FOXI3	1	7	False	False	0.01557	1.94591	6.035481
FOXL2	7	36	False	False	-0.581465	3.583519	5.918894
FOXN1	0	7	False	False	0.088379	1.94591	6.464588
FOXO1	0	1	False	False	0.539796	0.0	6.483107
FOXP1	2	33	False	True	-0.042677	3.496508	6.489205
FOXP2	0	8	False	True	0.219436	2.079442	6.566672
FOXP3	2	22	False	False	-0.30479	3.091042	6.052089
FOXP4	0	2	False	True	0.146626	0.693147	6.522093
FOXRED1	0	7	False	False	-0.406723	1.94591	6.146329
FRAS1	0	5	False	False	2.31634	1.609438	7.852439
FREM1	1	4	False	False	1.457192	1.386294	7.685244
FREM2	0	2	False	True	2.694948	0.693147	8.06054
FRG1	0	1	False	False	-0.625151	0.0	5.429346
FRMD4A	0	1	False	True	1.165955	0.0	6.943122
FRMD5	0	5	True	True	-0.115487	1.609438	6.336826
FRMD7	1	17	False	True	0.117503	2.833213	6.558198
FRMPD4	0	1	True	True	1.034898	0.0	7.13966
FRRS1L	0	1	True	True	-0.639713	0.0	5.613128
FSCN2	0	1	False	True	-0.421285	0.0	6.161207
FSD1L	0	1	True	False	-0.188296	0.0	6.259581
FSHB	0	2	False	False	-0.785331	0.693147	4.812184
FSHR	3	27	False	False	-0.013554	3.295837	6.536692
FSIP2	0	5	False	False	10.587462	1.609438	8.839277
FTL	0	2	False	True	-0.770769	0.693147	4.779123
FTO	0	2	True	False	-0.508656	0.693147	6.202536
FTSJ1	0	4	False	True	-0.523218	1.386294	5.793014
FUCA1	0	8	False	False	-0.3776	2.079442	6.109248
FUS	3	23	False	True	0.102941	3.135494	6.240276
FUT1	0	2	False	False	-0.610589	0.693147	5.877736
FUT8	0	1	False	False	-0.464971	0.0	6.318968
FXN	1	6	False	True	-0.610589	1.791759	5.327876
FXYD2	0	1	False	False	-0.843578	0.0	3.850148
FYCO1	0	1	True	False	0.627167	0.0	7.296413
FYN	0	3	False	False	-0.450409	1.098612	6.249975
FZD2	0	4	False	False	-0.392162	1.386294	6.324359
FZD4	0	22	False	True	-0.348476	3.091042	6.278521
FZD5	0	2	False	False	-0.30479	0.693147	6.368187
FZD6	0	2	False	False	-0.071801	0.693147	6.556778
FZR1	1	3	False	True	-0.14461	1.098612	6.113682
G6PC1	7	67	False	False	-0.450409	4.204693	5.874931
G6PC3	0	13	True	False	-0.479533	2.564949	5.846439
G6PD	10	152	False	False	-0.53778	5.023881	6.186209
GAA	19	240	False	False	0.073817	5.480639	6.856462
GAB1	0	1	False	False	0.466987	0.0	6.539586
GABBR1	0	8	True	True	0.190312	2.079442	6.860664
GABBR2	0	16	True	True	0.073817	2.772589	6.844815
GABRA1	8	62	True	True	-0.464971	4.127134	6.047372
GABRA2	2	18	True	True	-0.435847	2.890372	6.109248
GABRA3	0	4	True	True	-0.3776	1.386294	6.180017
GABRA5	0	5	True	True	-0.319352	1.609438	6.131226
GABRB1	1	5	True	True	-0.333914	1.609438	6.135565
GABRB2	3	58	True	True	-0.421285	4.060443	6.214608
GABRB3	10	75	True	True	-0.450409	4.317488	6.133398
GABRD	0	3	True	True	-0.363038	1.098612	6.013715
GABRG2	6	43	True	True	-0.30479	3.7612	6.154858
GAD1	0	3	True	True	-0.348476	1.098612	6.359574
GAL	1	1	False	True	-0.668836	0.0	4.812184
GAL3ST2	0	1	False	False	-0.581465	0.0	5.840642
GALC	8	101	False	True	-0.202858	4.615121	6.507278
GALE	2	14	False	False	-0.654275	2.639057	5.834811
GALK1	1	14	False	False	-0.450409	2.639057	5.942799
GALNS	6	109	False	False	-0.494094	4.691348	6.25575
GALNT2	0	4	False	False	-0.406723	1.386294	6.327937
GALNT3	2	15	False	False	-0.319352	2.70805	6.44572
GALT	15	142	False	False	-0.552342	4.955827	5.796058
GAMT	3	42	True	False	-0.741646	3.73767	5.209486
GAN	0	9	False	True	-0.319352	2.197225	6.390241
GANAB	0	9	False	False	0.044694	2.197225	6.84588
GARNL3	0	1	True	True	0.583481	0.0	6.912743
GARS1	2	27	False	True	-0.261105	3.295837	6.556778
GART	0	1	False	False	0.001008	0.0	6.900731
GAS2	0	1	False	False	-0.479533	0.0	5.720312
GAS2L2	0	1	False	False	0.161188	0.0	6.777647
GATA1	0	15	False	False	-0.290229	2.70805	6.023448
GATA2	4	40	False	False	0.627167	3.688879	6.161207
GATA3	0	17	False	False	-0.333914	2.833213	5.525453
GATA4	2	20	False	False	-0.508656	2.995732	5.252273
GATA5	0	4	False	False	-0.217419	1.386294	5.932245
GATA6	2	12	False	False	0.233997	2.484907	6.376727
GATAD1	0	1	False	False	-0.494094	0.0	5.575949
GATAD2B	0	6	False	True	-0.115487	1.791759	6.380123
GATB	0	2	False	False	-0.290229	0.693147	6.320768
GATC	0	1	False	False	-0.756207	0.0	4.912655
GATM	0	9	False	False	-0.566904	2.197225	6.040255
GBA1	15	184	False	True	-0.246543	5.214936	6.267201
GBA2	0	8	False	True	-0.159172	2.079442	6.829794
GBE1	1	30	False	True	-0.173734	3.401197	6.535241
GBF1	0	4	False	True	1.500877	1.386294	7.526718
GCDH	9	180	False	True	-0.406723	5.192957	6.079933
GCGR	0	1	False	False	-0.392162	0.0	6.163315
GCH1	3	35	False	True	-0.654275	3.555348	5.521461
GCK	25	368	True	True	-0.435847	5.908083	6.115892
GCLC	0	2	False	False	-0.231981	0.693147	6.455199
GCM2	1	7	False	False	-0.202858	1.94591	6.198479
GCNT2	0	5	False	False	-0.53778	1.609438	5.988961
GCSH	0	4	True	True	-0.683398	1.386294	5.135798
GDAP1	1	35	True	True	-0.639713	3.555348	5.846439
GDF1	0	5	True	False	-0.625151	1.609438	5.866468
GDF2	0	4	False	False	-0.231981	1.386294	6.045005
GDF3	0	2	False	False	-0.596027	0.693147	5.823046
GDF5	1	12	False	False	-0.479533	2.484907	6.20859
GDF6	0	1	False	False	-0.319352	0.0	6.111467
GDF9	0	2	False	False	-0.159172	0.693147	6.079933
GDI1	0	3	True	True	-0.523218	1.098612	5.998937
GEMIN4	0	2	False	True	0.263121	0.693147	6.96319
GEMIN5	0	9	False	True	0.962089	2.197225	7.294377
GET3	0	1	False	False	-0.566904	0.0	5.846439
GFAP	5	70	True	True	-0.552342	4.248495	6.049733
GFER	0	4	False	False	-0.741646	1.386294	5.313206
GFI1	0	1	False	False	-0.188296	0.0	5.958425
GFI1B	0	5	False	False	-0.348476	1.609438	5.783825
GFM1	1	14	False	False	-0.30479	2.639057	6.58755
GFM2	0	2	False	False	-0.231981	0.693147	6.654153
GFPT1	1	11	False	True	-0.30479	2.397895	6.543912
GGCX	0	17	False	False	0.030132	2.833213	6.628041
GGPS1	0	4	False	False	-0.668836	1.386294	5.676754
GH1	0	12	False	True	-0.581465	2.484907	5.365976
GHR	1	16	False	False	-0.042677	2.772589	6.444131
GHRHR	4	15	False	True	-0.392162	2.70805	6.042633
GHSR	0	1	False	False	-0.464971	0.0	5.894403
GIMAP5	0	3	False	False	-0.668836	1.098612	5.680173
GINS1	0	1	False	False	-0.727084	0.0	5.278115
GINS3	0	2	False	False	-0.639713	0.693147	5.298317
GIPC3	2	9	False	False	-0.596027	2.197225	5.652489
GJA1	3	52	True	True	-0.348476	3.951244	5.921578
GJA3	3	32	False	True	-0.464971	3.465736	6.052089
GJA4	0	1	False	False	-0.508656	0.0	5.793014
GJA5	2	5	False	False	-0.494094	1.609438	5.877736
GJA8	5	47	False	False	-0.392162	3.850148	6.059123
GJB1	12	159	True	True	-0.552342	5.068904	5.638355
GJB2	9	144	False	True	-0.69796	4.969813	5.402677
GJB3	0	10	False	False	-0.683398	2.302585	5.572154
GJB4	1	4	False	False	-0.668836	1.386294	5.549076
GJB6	0	6	False	False	-0.668836	1.791759	5.56452
GJC2	0	19	True	True	-0.53778	2.944439	6.063785
GK	0	5	False	False	-0.217419	1.609438	6.320768
GLA	34	561	False	False	-0.53778	6.329721	6.049733
GLB1	4	142	False	False	-0.290229	4.955827	6.510258
GLDC	10	151	True	True	0.102941	5.01728	6.927558
GLDN	2	10	True	False	-0.290229	2.302585	6.302619
GLE1	1	8	False	False	-0.013554	2.079442	6.548219
GLI1	0	1	False	False	0.976651	0.0	7.007601
GLI2	0	4	False	True	-0.100925	1.386294	5.926926
GLI3	0	11	False	False	2.243531	2.397895	7.36074
GLRA1	6	38	False	True	-0.508656	3.637586	5.817111
GLRA2	0	9	True	True	-0.450409	2.197225	6.045005
GLRB	0	2	True	True	-0.363038	0.693147	6.202536
GLRX5	0	6	False	True	-0.770769	1.791759	5.049856
GLS	0	8	False	True	-0.231981	2.079442	6.480045
GLUD1	0	14	False	False	-0.348476	2.639057	6.248043
GLUL	1	9	True	True	-0.581465	2.197225	5.857933
GM2A	0	4	False	True	-0.596027	1.386294	5.241747
GMNN	0	1	False	False	-0.552342	0.0	5.308268
GMPPA	0	2	False	False	-0.508656	0.693147	6.023448
GMPPB	1	22	False	True	-0.552342	3.091042	5.863631
GNA11	1	15	False	False	-0.610589	2.70805	5.786897
GNA14	0	1	False	False	-0.566904	0.0	5.774552
GNAI1	1	18	True	True	-0.625151	2.890372	5.680173
GNAI2	0	5	False	True	-0.581465	1.609438	5.723585
GNAI3	2	7	False	False	-0.581465	1.94591	5.680173
GNAL	0	3	True	True	-0.610589	1.098612	5.817111
GNAO1	5	73	True	True	-0.552342	4.290459	5.749393
GNAQ	0	7	False	True	-0.581465	1.94591	5.786897
GNAS	0	6	True	False	0.772785	1.791759	6.902743
GNAT1	0	6	True	True	-0.581465	1.791759	5.758902
GNAT2	0	4	True	True	-0.552342	1.386294	5.771441
GNB1	0	40	True	True	-0.479533	3.688879	5.811141
GNB2	1	12	False	True	-0.450409	2.484907	5.811141
GNB4	0	6	False	True	-0.392162	1.791759	5.811141
GNB5	0	5	True	True	-0.30479	1.609438	5.955837
GNE	0	65	False	True	-0.290229	4.174387	6.566672
GNMT	0	2	False	False	-0.610589	0.693147	5.590987
GNPAT	0	2	False	False	-0.071801	0.693147	6.437752
GNPNAT1	0	1	False	False	-0.712522	0.0	5.153292
GNPTAB	2	36	False	False	0.408739	3.583519	7.130899
GNPTG	0	4	False	False	-0.610589	1.386294	5.717028
GNRHR	3	28	False	False	-0.494094	3.332205	5.78996
GNS	0	1	False	False	-0.348476	0.0	6.306275
GORAB	0	2	False	False	-0.523218	0.693147	5.897154
GOSR2	0	4	False	True	-0.712522	1.386294	5.164786
GOT2	0	3	True	True	-0.53778	1.098612	6.030685
GP1BA	0	25	False	False	-0.100925	3.218876	6.47851
GP1BB	0	21	True	False	-0.785331	3.044522	5.327876
GP9	0	12	False	False	-0.770769	2.484907	4.955827
GPAA1	0	6	False	False	-0.363038	1.791759	6.403574
GPAT2	0	1	False	False	-0.348476	0.0	6.135565
GPC3	1	5	False	False	-0.348476	1.609438	6.347389
GPC4	0	1	False	False	-0.246543	0.0	6.270988
GPC6	0	1	False	False	-0.348476	0.0	6.295266
GPD1	0	4	True	False	-0.69796	1.386294	5.7301
GPD2	0	1	False	False	-0.188296	0.0	6.583409
GPHN	0	4	True	False	-0.625151	1.386294	5.451038
GPI	0	17	False	False	-0.464971	2.833213	6.293419
GPIHBP1	0	10	True	False	-0.712522	2.302585	5.081404
GPN2	1	1	False	False	-0.610589	0.0	5.710427
GPNMB	0	1	False	False	-0.596027	0.0	5.736572
GPR101	1	1	True	True	-0.159172	0.0	6.222576
GPR143	3	25	True	True	-0.392162	3.218876	5.961005
GPR153	0	1	False	True	0.01557	0.0	6.411818
GPR179	0	1	True	True	2.272654	0.0	7.759614
GPR68	0	1	False	False	-0.523218	0.0	5.874931
GPRASP2	0	1	True	False	0.321368	0.0	6.731018
GPSM2	1	1	False	False	-0.086363	0.0	6.523562
GPT2	1	4	True	True	-0.392162	1.386294	6.177944
GRAP	0	1	False	False	-0.625151	0.0	5.347108
GREB1L	2	20	False	False	2.185283	2.995732	7.554859
GREM2	0	1	False	False	-0.625151	0.0	5.105945
GRHL2	0	2	False	False	-0.057239	0.693147	6.418365
GRHL3	0	5	False	False	-0.188296	1.609438	6.300786
GRHPR	0	23	False	False	-0.654275	3.135494	5.780744
GRIA1	1	6	True	True	0.117503	1.791759	6.799056
GRIA2	3	28	True	True	0.17575	3.332205	6.779922
GRIA3	1	22	True	True	1.005775	3.091042	6.792344
GRIA4	0	9	True	True	0.132065	2.197225	6.801283
GRID1	0	1	True	False	0.56892	0.0	6.915723
GRID2	0	5	False	True	0.204874	1.609438	6.913737
GRIK2	1	6	True	True	0.102941	1.791759	6.766192
GRIN1	12	90	True	True	0.17575	4.49981	6.84375
GRIN2A	14	113	True	True	1.253326	4.727388	7.287561
GRIN2B	11	150	True	True	1.224202	5.010635	7.301148
GRIN2D	3	12	False	True	0.466987	2.484907	7.195937
GRIP1	0	1	False	False	0.991213	0.0	7.015712
GRK1	1	9	True	True	-0.3776	2.197225	6.33328
GRK2	0	1	False	False	-0.290229	0.0	6.529419
GRM1	0	4	True	True	0.612605	1.386294	7.083388
GRM6	0	7	True	True	0.030132	1.94591	6.759255
GRM7	1	6	True	True	-0.071801	1.791759	6.812345
GRN	1	8	False	True	-0.246543	2.079442	6.23637
GRWD1	0	2	False	False	-0.450409	0.693147	6.098074
GRXCR1	0	3	False	False	-0.53778	1.098612	5.590987
GRXCR2	0	1	False	False	-0.581465	0.0	5.420535
GSDME	0	1	True	False	-0.3776	0.0	6.206576
GSPT2	0	1	False	True	-0.14461	0.0	6.34388
GSR	0	2	False	False	-0.392162	0.693147	6.244167
GSS	0	9	False	False	-0.421285	2.197225	6.049733
GSTZ1	0	1	False	False	-0.712522	0.0	5.308268
GTF2E2	0	2	False	False	-0.421285	0.693147	5.669881
GTF2H5	0	4	False	False	-0.85814	1.386294	4.204693
GTF2IRD1	0	1	False	True	-0.14461	0.0	6.448889
GTF3C1	1	2	False	False	1.631934	0.693147	7.639161
GTF3C3	0	8	False	True	0.073817	2.079442	6.785588
GTPBP1	0	1	False	True	-0.057239	0.0	6.50279
GTPBP3	0	13	False	False	-0.392162	2.564949	6.111467
GTSF1	1	1	False	False	-0.683398	0.0	5.030438
GUCA1A	1	5	True	True	-0.712522	1.609438	5.153292
GUCY1A1	0	1	False	True	-0.100925	0.0	6.532334
GUCY2C	0	9	False	False	0.132065	2.197225	6.975414
GUCY2D	3	80	True	True	0.102941	4.382027	7.005789
GUF1	0	1	False	True	-0.290229	0.0	6.504288
GUSB	0	30	False	False	-0.275667	3.401197	6.473891
GYG1	0	2	False	False	-0.435847	0.693147	5.820083
GYPA	0	1	False	False	-0.581465	0.0	4.997212
GYS2	1	8	False	False	-0.246543	2.079442	6.533789
H1-4	0	2	False	True	-0.654275	0.693147	5.231109
H2AC16	0	1	False	True	-0.829017	0.0	4.812184
H2AC17	0	1	False	True	-0.829017	0.0	4.812184
H3-3A	1	20	False	True	-0.799893	2.995732	4.574711
H3-3B	2	19	False	True	-0.799893	2.944439	4.574711
H3C1	0	1	False	True	-0.814455	0.0	4.477337
H4C11	0	3	False	False	-0.85814	1.098612	3.871201
H4C3	1	7	False	False	-0.85814	1.94591	3.871201
H4C5	0	9	False	False	-0.85814	2.197225	3.871201
H4C9	0	2	False	False	-0.85814	0.693147	3.871201
H6PD	0	1	False	False	-0.028116	0.0	6.65544
HAAO	1	4	False	False	-0.625151	1.386294	5.613128
HACE1	1	3	False	True	0.059255	1.098612	6.805723
HACL1	0	1	False	False	-0.392162	0.0	6.356108
HADH	1	3	False	False	-0.53778	1.098612	5.676754
HADHA	1	21	False	True	-0.188296	3.044522	6.628041
HADHB	1	24	True	False	-0.3776	3.178054	6.052089
HAMP	0	3	True	False	-0.785331	1.098612	4.330733
HAO1	0	1	False	False	-0.566904	0.0	5.908083
HARS1	1	6	False	True	-0.552342	1.791759	6.180017
HARS2	0	10	False	False	-0.508656	2.302585	6.226537
HBA1	2	27	False	False	-0.727084	3.295837	4.934474
HBA2	1	39	False	False	-0.727084	3.663562	4.934474
HBB	8	103	False	False	-0.814455	4.634729	4.49981
HBD	0	3	False	False	-0.799893	1.098612	4.49981
HBG2	1	5	False	False	-0.727084	1.609438	4.969813
HCCS	0	4	False	False	-0.581465	1.386294	5.590987
HCFC1	1	11	False	True	1.748428	2.397895	7.615791
HCN1	2	40	True	True	0.248559	3.688879	6.788972
HCN2	0	8	True	False	0.117503	2.079442	6.787845
HCN4	1	15	False	False	0.976651	2.70805	7.09091
HCRT	0	1	True	True	-0.741646	0.0	4.859812
HDAC1	0	1	False	False	-0.494094	0.0	6.075346
HDAC3	0	2	False	False	-0.566904	0.693147	6.049733
HDAC4	2	8	False	True	-0.261105	2.079442	6.018593
HDAC6	0	1	False	False	0.350492	0.0	7.07327
HDAC8	1	40	False	True	-0.552342	3.688879	5.860786
HEATR3	0	4	False	False	-0.115487	1.386294	6.522093
HECW2	2	33	False	True	1.44263	3.496508	7.356918
HELLS	0	1	False	False	-0.057239	0.0	6.725034
HELZ	0	1	False	False	1.486315	0.0	7.569928
HENMT1	0	1	False	False	-0.479533	0.0	5.932245
HEPACAM	1	10	True	True	-0.231981	2.302585	6.028279
HERC1	0	2	False	False	6.087855	0.693147	8.488176
HERC2	0	2	False	True	5.126774	0.693147	8.481773
HES7	0	5	False	False	-0.872702	1.609438	3.433987
HESX1	0	2	False	True	-0.625151	0.693147	5.135798
HEXA	3	71	False	True	-0.348476	4.26268	6.216606
HEXB	0	30	False	True	-0.319352	3.401197	6.246107
HEY2	0	1	True	False	-0.275667	0.0	5.768321
HFE	0	3	False	False	-0.596027	1.098612	5.814131
HFM1	0	7	False	False	0.947527	1.94591	7.262629
HGD	8	126	False	False	-0.435847	4.836282	6.082219
HHAT	0	3	False	False	-0.392162	1.098612	6.173786
HIBCH	0	15	False	False	-0.53778	2.70805	5.945421
HID1	0	2	False	True	0.01557	0.693147	6.621406
HIF1A	0	6	False	False	0.248559	1.791759	6.695799
HIKESHI	0	2	False	True	-0.610589	0.693147	5.123964
HINT1	1	11	False	True	-0.799893	2.397895	4.672829
HIPK4	0	1	False	False	-0.231981	0.0	6.408529
HIVEP2	1	3	False	True	4.034636	1.098612	7.800982
HJV	2	14	True	False	-0.333914	2.639057	6.030685
HK1	0	4	False	True	-0.173734	1.386294	6.821107
HKDC1	0	5	False	True	-0.30479	1.609438	6.79794
HLA-DRB1	0	1	False	False	-0.566904	0.0	5.583496
HMBS	3	48	False	True	-0.596027	3.871201	5.840642
HMGCL	2	17	False	True	-0.523218	2.833213	5.755742
HMGCR	0	5	False	True	0.146626	1.609438	6.770789
HMGCS1	0	4	False	True	-0.30479	1.386294	6.246107
HMGCS2	2	20	False	False	-0.246543	2.995732	6.182085
HMMR	0	1	False	False	-0.785331	0.0	4.174387
HMOX1	0	1	False	False	-0.654275	0.0	5.616771
HMX1	0	1	True	False	-0.625151	0.0	5.817111
HNF1A	10	140	False	False	0.17575	4.941642	6.44572
HNF1B	4	78	False	False	0.161188	4.356709	6.308098
HNMT	0	3	False	True	-0.53778	1.098612	5.655992
HNRNPA1	0	19	False	True	-0.275667	2.944439	5.908083
HNRNPC	0	1	False	False	-0.799893	0.0	3.850148
HNRNPDL	0	2	False	True	-0.421285	0.693147	6.008813
HNRNPH1	0	4	False	True	-0.348476	1.386294	6.100319
HNRNPH2	0	8	False	True	-0.290229	2.079442	6.100319
HNRNPK	0	21	False	True	-0.450409	3.044522	6.063785
HNRNPR	1	2	False	True	-0.479533	0.693147	6.415097
HNRNPU	1	10	False	True	-0.30479	2.302585	6.705639
HOGA1	2	52	True	False	-0.552342	3.951244	5.777652
HOMER2	0	1	False	False	-0.756207	0.0	4.521789
HOOK3	0	1	False	False	-0.173734	0.0	6.561031
HOXA11	0	2	False	False	-0.319352	0.693147	5.7301
HOXA13	0	1	False	False	-0.464971	0.0	5.961005
HOXA2	1	1	False	False	-0.275667	0.0	5.880533
HOXB1	0	2	False	False	-0.348476	0.693147	5.70711
HOXD10	0	1	False	False	-0.290229	0.0	5.828946
HOXD13	1	9	False	False	-0.231981	2.197225	5.83773
HPCA	1	1	True	True	-0.639713	0.0	5.252273
HPD	0	3	False	False	-0.596027	1.098612	5.902633
HPDL	3	23	False	True	-0.596027	3.135494	5.908083
HPGD	0	6	False	False	-0.741646	1.791759	5.513429
HPRT1	6	55	False	False	-0.727084	4.007333	5.342334
HPS1	0	9	False	False	-0.028116	2.197225	6.543912
HPS3	0	3	False	False	0.248559	1.098612	6.905753
HPS4	0	1	False	False	0.102941	0.0	6.54103
HPS5	0	3	False	False	0.932966	1.098612	7.026427
HPS6	0	6	False	False	-0.261105	1.791759	6.639876
HPSE2	0	1	True	False	-0.290229	0.0	6.289716
HR	0	3	False	False	0.321368	1.098612	7.05445
HRAS	2	26	True	True	-0.625151	3.258097	5.241747
HRG	0	2	False	False	-0.363038	0.693147	6.246107
HS2ST1	0	3	False	False	-0.668836	1.098612	5.872118
HS3ST6	0	1	False	False	-0.596027	0.0	5.717028
HS6ST2	0	1	True	True	-0.53778	0.0	5.710427
HSD11B1	0	2	False	False	-0.53778	0.693147	5.645447
HSD11B2	0	10	False	False	-0.552342	2.302585	5.991465
HSD17B10	1	16	False	True	-0.712522	2.772589	5.4161
HSD17B3	1	27	False	False	-0.596027	3.295837	5.66296
HSD17B4	4	42	False	False	-0.130048	3.73767	6.583409
HSD3B2	3	24	False	False	-0.464971	3.178054	5.910797
HSD3B7	0	1	False	False	-0.712522	0.0	5.905362
HSF2BP	0	2	False	False	-0.53778	0.693147	5.739793
HSF4	1	7	True	False	-0.30479	1.94591	6.196444
HSPA9	0	3	False	False	-0.290229	1.098612	6.499787
HSPB1	2	21	False	True	-0.581465	3.044522	5.293305
HSPB8	0	6	True	True	-0.625151	1.791759	5.247024
HSPD1	0	8	False	True	-0.523218	2.079442	6.285998
HSPG2	0	8	False	True	5.083089	2.079442	8.387312
HTRA1	2	19	True	True	-0.406723	2.944439	6.122493
HTRA2	0	2	False	False	-0.406723	0.693147	6.075346
HTT	0	1	False	False	3.568658	0.0	8.04687
HUWE1	5	68	False	True	5.476258	4.219508	8.382061
HYAL2	0	8	False	False	-0.450409	2.079442	6.131226
HYCC1	0	1	False	True	0.146626	0.0	6.251904
HYDIN	0	2	False	False	4.369559	0.693147	8.538172
HYOU1	1	3	False	False	-0.130048	1.098612	6.89467
IARS1	1	7	False	False	0.161188	1.94591	7.134094
IARS2	0	6	False	True	0.248559	1.791759	6.917706
IBA57	0	10	False	True	-0.610589	2.302585	5.872118
ICOSLG	0	1	False	False	-0.464971	0.0	5.680173
IDH1	1	6	False	True	-0.566904	1.791759	5.963579
IDH2	0	6	True	True	-0.566904	1.791759	6.09357
IDH3A	0	4	False	True	-0.596027	1.386294	5.863631
IDH3G	0	1	False	True	-0.53778	0.0	5.921578
IDS	32	298	True	False	-0.231981	5.697093	6.289716
IDUA	8	104	False	False	-0.275667	4.644391	6.475433
IER3IP1	0	1	False	False	-0.829017	0.0	4.276666
IFIH1	1	36	False	True	0.01557	3.583519	6.929517
IFITM5	0	2	False	False	-0.785331	0.693147	4.812184
IFNGR1	0	5	False	False	-0.042677	1.609438	6.192362
IFNGR2	1	3	False	False	-0.435847	1.098612	5.780744
IFT122	0	11	False	False	0.423301	2.397895	7.103322
IFT140	1	21	False	True	0.554358	3.044522	7.27448
IFT172	1	8	False	True	0.365054	2.079442	7.465655
IFT27	1	4	False	False	-0.712522	1.386294	5.030438
IFT43	0	4	False	False	-0.654275	1.386294	5.220356
IFT52	0	3	False	False	-0.464971	1.098612	6.061457
IFT56	0	2	False	False	-0.450409	0.693147	6.315358
IFT74	0	3	False	False	-0.275667	1.098612	6.393591
IFT80	1	6	False	False	-0.042677	1.791759	6.648985
IFT81	0	2	False	False	-0.261105	0.693147	6.493754
IGF1R	2	20	False	False	0.525234	2.995732	7.21891
IGF2	0	5	False	False	-0.712522	1.609438	5.17615
IGF2R	0	3	False	False	2.374587	1.098612	7.817625
IGFALS	0	4	False	False	-0.333914	1.386294	6.393591
IGFBP4	0	1	False	False	-0.668836	0.0	5.541264
IGFBP7	0	1	False	True	-0.53778	0.0	5.560682
IGHMBP2	5	36	False	True	0.263121	3.583519	6.893656
IGSF1	0	3	True	False	0.772785	1.098612	7.192182
IHH	4	27	False	False	-0.494094	3.295837	6.018593
IKBKB	0	1	False	False	-0.130048	0.0	6.628041
IKBKG	1	14	False	True	-0.508656	2.639057	5.958425
IKZF1	0	10	False	False	-0.042677	2.302585	6.251904
IKZF3	0	1	False	False	-0.159172	0.0	6.20859
IKZF5	0	6	False	False	-0.231981	1.791759	5.855072
IL10RA	0	8	False	False	0.073817	2.079442	6.357842
IL11RA	1	8	False	False	-0.30479	2.079442	6.013715
IL12RB1	0	7	False	False	0.01557	1.94591	6.47851
IL17RA	0	2	False	False	0.030132	0.693147	6.76273
IL17RD	1	4	False	False	0.132065	1.386294	6.590301
IL1R1	0	1	False	False	-0.333914	0.0	6.315358
IL1RAPL1	0	2	False	True	-0.173734	0.693147	6.54103
IL21	0	1	False	False	-0.639713	0.0	5.087596
IL21R	0	1	False	False	-0.042677	0.0	6.287859
IL2RA	0	2	False	False	-0.596027	0.693147	5.590987
IL2RB	0	2	False	False	-0.173734	0.693147	6.287859
IL2RG	4	53	False	False	-0.3776	3.970292	5.872118
IL36RN	0	2	False	False	-0.712522	0.693147	4.727388
IL37	0	1	False	False	-0.523218	0.0	5.379897
IL6R	0	1	False	False	-0.14461	0.0	6.131226
IL6ST	0	2	False	False	0.350492	0.693147	6.806829
IL7	0	1	False	False	-0.727084	0.0	4.962845
IL7R	0	7	False	False	-0.217419	1.94591	6.118097
ILDR1	0	3	False	False	0.01557	1.098612	6.297109
ILDR2	0	1	False	False	0.219436	0.0	6.455199
IMPDH2	0	3	False	True	-0.406723	1.098612	6.230481
IMPG1	0	2	True	True	0.204874	0.693147	6.658011
IMPG2	1	7	True	True	1.369821	1.94591	7.097549
INA	0	1	True	False	-0.057239	0.0	6.206576
INCENP	0	1	False	False	0.190312	0.0	6.817831
INF2	1	54	False	True	0.656291	3.988984	7.120444
INO80	0	2	False	True	1.384382	0.693147	7.347944
INPP4B	0	2	False	False	0.132065	0.693147	6.755769
INPP5B	0	1	False	False	-0.712522	0.0	5.099866
INPP5E	1	30	False	True	0.248559	3.401197	6.467699
INPP5K	0	8	False	True	-0.202858	2.079442	6.075346
INPPL1	0	6	False	False	0.743662	1.791759	7.136483
INS	2	25	False	False	-0.814455	3.218876	4.615121
INSL3	1	3	False	False	-0.829017	1.098612	4.770685
INSR	2	38	False	False	0.641729	3.637586	7.231287
INTS1	0	2	False	True	1.850361	0.693147	7.686162
INTS11	0	4	False	True	-0.435847	1.386294	6.39693
INTS6	0	3	False	False	0.030132	1.098612	6.786717
INTS8	0	1	False	True	0.146626	0.0	6.876265
INTU	0	1	False	False	0.394178	0.0	6.828712
INVS	0	1	False	False	0.321368	0.0	6.961296
IPO8	0	3	False	False	-0.188296	1.098612	6.942157
IQCE	0	1	False	False	0.059255	0.0	6.532334
IQSEC2	1	28	True	True	1.413506	3.332205	7.30317
IRF1	0	2	False	False	-0.392162	0.693147	5.758902
IRF2BPL	0	11	False	True	0.33593	2.397895	6.645091
IRF4	0	3	False	False	-0.479533	1.098612	6.104793
IRF6	3	61	False	False	-0.450409	4.110874	6.124683
IRF8	0	3	False	False	-0.464971	1.098612	6.030685
IRS1	0	1	False	False	1.76299	0.0	7.117206
IRX4	0	2	False	False	-0.261105	0.693147	6.159095
IRX5	1	3	False	False	-0.217419	1.098612	6.175867
ISCA1	0	1	False	False	-0.756207	0.0	4.836282
ISCA2	0	2	False	True	-0.596027	0.693147	5.01728
ISCU	0	1	False	False	-0.741646	0.0	4.934474
ITCH	0	1	False	False	-0.654275	0.0	4.983607
ITGA2B	6	77	False	False	0.204874	4.343805	6.881411
ITGA3	0	5	False	False	0.102941	1.609438	6.948897
ITGA6	0	1	False	False	0.466987	0.0	7.029973
ITGA8	0	2	False	False	0.161188	0.693147	6.916715
ITGAV	0	2	False	False	0.17575	0.693147	6.952729
ITGB2	0	19	False	False	-0.202858	2.944439	6.645091
ITGB3	1	67	False	False	0.030132	4.204693	6.656727
ITGB4	1	19	False	False	1.297011	2.944439	7.502186
ITGB6	1	5	False	False	0.030132	1.609438	6.665684
ITK	0	2	False	False	-0.231981	0.693147	6.426488
ITM2B	0	1	False	True	-0.756207	0.0	5.583496
ITPA	0	2	False	True	-0.770769	0.693147	5.252273
ITPR1	2	48	False	True	1.777552	3.871201	7.910224
ITPR2	0	1	False	False	1.573686	0.0	7.896925
ITPR3	0	5	False	True	1.719305	1.609438	7.889834
ITSN1	0	1	False	False	0.801909	0.0	7.433075
IYD	0	4	False	False	-0.712522	1.386294	5.594711
JAG1	1	38	False	True	0.394178	3.637586	7.098376
JAG2	0	2	False	True	0.204874	0.693147	7.113142
JAGN1	0	1	False	False	-0.625151	0.0	5.170484
JAK1	1	4	False	False	0.17575	1.386294	7.03966
JAK2	0	6	False	False	0.161188	1.791759	7.01661
JAK3	0	23	False	False	0.408739	3.135494	7.024649
JAKMIP1	0	1	True	False	-0.552342	0.0	6.309918
JAM2	0	3	False	True	-0.450409	1.098612	5.686975
JAM3	0	6	True	False	-0.596027	1.791759	5.726848
JARID2	0	2	False	True	0.845595	0.693147	7.127694
JMJD1C	0	1	False	False	3.335668	0.0	7.820038
JPH2	2	3	True	False	-0.013554	1.098612	6.393591
KANK1	0	1	False	False	1.04946	0.0	7.20786
KANK2	0	2	False	False	0.277683	0.693147	6.742881
KANSL1	1	7	False	False	1.238764	1.94591	6.993933
KARS1	0	17	False	True	-0.566904	2.833213	6.390241
KASH5	0	2	False	False	-0.494094	0.693147	6.298949
KAT14	0	1	False	False	-0.494094	0.0	5.393628
KAT6A	1	18	False	True	2.345464	2.890372	7.5989
KAT6B	0	8	False	False	2.593015	2.079442	7.634821
KAT8	0	11	False	False	-0.450409	2.397895	6.122493
KATNB1	0	4	False	True	0.01557	1.386294	6.481577
KATNIP	1	2	False	False	1.064022	0.693147	7.383368
KBTBD13	0	2	True	True	-0.596027	0.693147	6.115892
KCNA1	6	42	True	True	-0.333914	3.73767	6.192362
KCNA2	1	49	True	True	-0.363038	3.89182	6.148468
KCNA3	1	15	False	True	-0.173734	2.70805	6.335054
KCNA5	0	2	True	False	-0.3776	0.693147	6.410175
KCNA6	0	3	True	False	-0.348476	1.098612	6.23637
KCNB1	9	85	True	True	0.437863	4.442651	6.753438
KCNB2	0	2	False	False	0.394178	0.693147	6.813445
KCNC1	2	13	True	True	-0.508656	2.564949	6.184149
KCNC2	1	17	True	True	-0.246543	2.833213	6.455199
KCNC3	1	8	True	True	-0.348476	2.079442	6.628041
KCND2	0	9	True	True	-0.028116	2.197225	6.44254
KCND3	0	27	True	True	0.01557	3.295837	6.481577
KCNE1	0	7	False	False	-0.712522	1.94591	4.85203
KCNE2	1	1	False	False	-0.756207	0.0	4.804021
KCNF1	0	1	True	False	-0.333914	0.0	6.198479
KCNH1	2	26	True	True	0.263121	3.258097	6.896694
KCNH2	16	178	False	False	0.612605	5.181784	7.055313
KCNH5	2	11	False	True	0.248559	2.397895	6.888572
KCNH8	0	1	True	True	0.874718	0.0	6.99851
KCNIP1	0	1	True	True	-0.85814	0.0	2.302585
KCNJ10	2	17	True	True	-0.450409	2.833213	5.932245
KCNJ11	1	45	True	False	-0.494094	3.806662	5.966147
KCNJ13	0	6	False	True	-0.435847	1.791759	5.869297
KCNJ16	0	6	True	False	-0.406723	1.791759	6.030685
KCNJ2	2	52	False	True	-0.421285	3.951244	6.052089
KCNJ5	0	7	False	True	-0.552342	1.94591	6.035481
KCNJ6	0	3	True	False	-0.406723	1.098612	6.042633
KCNJ8	0	2	True	False	-0.406723	0.693147	6.049733
KCNK17	0	1	False	False	-0.450409	0.0	5.805135
KCNK18	0	2	False	False	-0.552342	0.693147	5.831882
KCNK3	1	9	True	False	-0.406723	2.197225	5.97381
KCNK4	1	6	True	True	-0.508656	1.791759	5.872118
KCNK9	2	7	False	False	-0.406723	1.94591	5.921578
KCNMA1	3	19	False	True	0.991213	2.944439	7.109879
KCNN3	0	5	False	False	0.17575	1.609438	6.593045
KCNN4	0	4	False	False	-0.581465	1.386294	6.054439
KCNQ1	17	223	False	False	-0.100925	5.407172	6.516193
KCNQ2	22	376	True	True	0.365054	5.929589	6.751101
KCNQ3	1	36	True	True	0.044694	3.583519	6.766192
KCNQ4	1	30	False	False	0.044694	3.401197	6.53814
KCNQ5	4	19	True	True	0.554358	2.944439	6.829794
KCNT2	1	8	False	True	0.56892	2.079442	7.029088
KCNU1	0	2	False	False	0.816471	0.693147	7.044033
KCNV2	0	19	True	True	-0.333914	2.944439	6.282267
KCTD17	0	2	True	True	-0.581465	0.693147	5.66296
KCTD19	1	1	False	False	0.248559	0.0	6.821107
KCTD7	1	13	True	True	-0.69796	2.564949	5.533389
KDELR2	0	2	False	False	-0.683398	0.693147	5.342334
KDF1	1	4	False	False	-0.202858	1.386294	5.963579
KDM1A	0	10	False	True	-0.727084	2.302585	4.919981
KDM2A	1	9	False	True	0.365054	2.197225	7.057898
KDM2B	0	13	False	True	0.641729	2.564949	7.197435
KDM3B	0	15	False	False	1.937732	2.70805	7.473637
KDM4B	0	6	False	True	0.263121	1.791759	6.988413
KDM5A	0	3	False	True	1.04946	1.098612	7.432484
KDM5B	0	8	False	True	0.656291	2.079442	7.340836
KDM5C	2	46	False	True	0.56892	3.828641	7.340187
KDM6A	1	21	False	True	-0.333914	3.044522	6.070738
KDM6B	2	16	False	True	1.355259	2.772589	7.40367
KDR	0	2	False	False	0.758223	0.693147	7.21008
KDSR	0	3	False	False	-0.508656	1.098612	5.783825
KERA	2	7	False	False	-0.552342	1.94591	5.758902
KGD4	0	1	False	True	-0.69796	0.0	4.49981
KHDC3L	0	1	False	False	-0.683398	0.0	5.293305
KHDRBS1	0	1	False	False	-0.479533	0.0	6.045005
KHK	0	1	False	False	-0.552342	0.0	5.609472
KIAA0753	0	3	False	False	0.408739	1.098612	6.866933
KIAA0825	0	3	False	False	0.758223	1.098612	7.145984
KIAA0930	0	2	True	True	-0.333914	0.693147	5.891644
KICS2	1	2	False	True	-0.261105	0.693147	6.082219
KIF11	0	8	False	True	0.408739	2.079442	6.952729
KIF12	0	2	False	False	-0.130048	0.693147	6.466145
KIF14	0	3	False	True	1.515439	1.098612	7.404279
KIF19	0	1	True	False	0.423301	0.0	6.902743
KIF1A	16	132	True	True	-0.392162	4.882802	5.83773
KIF1B	0	1	True	True	1.835799	0.0	7.50329
KIF1C	0	8	True	True	0.365054	2.079442	7.002156
KIF21A	0	11	True	True	1.151393	2.397895	7.422374
KIF22	1	8	False	False	-0.14461	2.079442	6.499787
KIF23	0	3	False	True	-0.683398	1.098612	5.398163
KIF24	0	1	False	False	1.224202	0.0	7.221105
KIF26A	0	2	False	True	1.937732	0.693147	7.534228
KIF2A	0	6	False	True	-0.275667	1.791759	6.284134
KIF3B	0	2	False	False	-0.086363	0.693147	6.608001
KIF4A	0	5	False	True	0.423301	1.609438	7.110696
KIF5A	1	41	True	True	0.306807	3.713572	6.939254
KIF5B	1	6	False	True	0.01557	1.791759	6.856462
KIF5C	0	7	True	True	0.01557	1.94591	6.858565
KIF7	0	3	False	False	0.481549	1.098612	7.194437
KIRREL1	0	2	False	False	-0.086363	0.693147	6.610696
KIRREL3	0	2	True	True	0.292245	0.693147	6.642487
KISS1	2	2	False	False	-0.654275	0.693147	4.89784
KISS1R	0	3	False	False	-0.494094	1.098612	5.942799
KIT	2	30	False	True	0.263121	3.401197	6.874198
KITLG	1	8	False	False	-0.435847	2.079442	5.56452
KIZ	0	3	False	True	0.365054	1.098612	6.504288
KLF1	2	9	False	False	-0.523218	2.197225	5.860786
KLF6	2	5	False	False	-0.246543	1.609438	5.605802
KLF7	0	1	False	True	-0.406723	0.0	5.673323
KLHL10	0	1	False	False	-0.333914	0.0	6.403574
KLHL15	0	2	False	False	-0.275667	0.693147	6.326149
KLHL17	1	1	False	False	0.01557	0.0	6.463029
KLHL20	0	7	False	True	-0.30479	1.94591	6.40688
KLHL24	0	7	False	False	-0.275667	1.94591	6.368187
KLHL3	3	21	True	False	-0.290229	3.044522	6.37332
KLHL40	0	8	True	True	-0.363038	2.079442	6.349139
KLHL41	0	2	True	True	-0.290229	0.693147	6.403574
KLHL7	0	12	False	True	-0.3776	2.484907	6.342121
KLK4	0	1	False	False	-0.494094	0.0	5.537334
KLKB1	0	3	True	False	-0.100925	1.098612	6.455199
KMT2A	1	60	False	True	2.31634	4.094345	7.367077
KMT2B	1	26	False	True	2.112474	3.258097	7.900266
KMT2C	1	20	False	True	6.422777	2.995732	8.491465
KMT2D	2	108	False	True	6.670329	4.682131	8.612322
KMT2E	0	9	False	False	2.054227	2.197225	7.52564
KMT5B	1	13	False	True	0.583481	2.564949	6.779922
KNG1	0	2	False	False	-0.159172	0.693147	6.467699
KNL1	0	3	False	True	-0.756207	1.098612	4.276666
KPNA3	0	6	False	True	-0.450409	1.791759	6.186209
KPNA7	1	1	False	False	-0.406723	0.0	6.2106
KPTN	0	1	False	False	-0.3776	0.0	6.077642
KRAS	3	68	False	True	-0.654275	4.219508	5.147494
KREMEN1	0	1	False	False	-0.872702	0.0	2.484907
KRIT1	0	10	False	True	-0.188296	2.302585	6.60123
KRT1	2	28	False	False	0.423301	3.332205	6.461468
KRT10	1	23	False	False	0.394178	3.135494	6.361302
KRT12	0	10	False	False	-0.100925	2.302585	6.184149
KRT13	0	2	False	False	-0.275667	0.693147	6.115892
KRT14	1	46	False	False	-0.130048	3.828641	6.135565
KRT16	0	16	False	False	0.001008	2.772589	6.159095
KRT17	0	15	False	False	-0.333914	2.70805	6.047372
KRT2	1	11	False	False	0.33593	2.397895	6.45677
KRT25	0	2	False	False	-0.30479	0.693147	6.107023
KRT3	0	5	False	False	0.132065	1.609438	6.440947
KRT4	0	1	False	False	-0.057239	0.0	6.238325
KRT5	6	67	False	False	0.102941	4.204693	6.380123
KRT6A	1	21	False	False	-0.013554	3.044522	6.329721
KRT6B	0	4	False	False	-0.028116	1.386294	6.329721
KRT6C	0	1	False	False	0.001008	0.0	6.329721
KRT71	0	1	False	False	-0.028116	0.0	6.257668
KRT74	1	2	False	False	-0.14461	0.693147	6.25575
KRT81	0	2	False	False	-0.231981	0.693147	6.216606
KRT83	0	3	False	False	-0.319352	1.098612	6.188264
KRT86	1	6	False	False	-0.275667	1.791759	6.177944
KRT9	0	18	False	False	0.379616	2.890372	6.434547
KY	0	1	False	True	-0.261105	0.0	6.47851
KYNU	0	8	False	False	-0.566904	2.079442	6.131226
L1CAM	3	37	True	True	0.525234	3.610918	7.129298
L2HGDH	0	15	False	True	-0.406723	2.70805	6.109248
L3MBTL2	0	1	False	False	-0.013554	0.0	6.543912
LACC1	0	1	False	False	-0.479533	0.0	6.056784
LAGE3	0	2	True	False	-0.756207	0.693147	4.955827
LAMA1	0	2	False	True	2.665824	0.693147	8.03106
LAMA2	1	23	False	True	1.937732	3.135494	8.044947
LAMA3	0	8	False	False	2.855128	2.079442	8.109526
LAMA4	0	2	False	False	1.500877	0.693147	7.506042
LAMA5	0	8	False	False	2.549329	2.079442	8.213382
LAMB1	0	2	False	True	0.860156	0.693147	7.486053
LAMB2	0	11	False	False	0.699976	2.397895	7.485492
LAMB3	0	8	False	False	0.277683	2.079442	7.042286
LAMC2	0	3	False	False	0.466987	1.098612	7.057898
LAMP2	0	7	False	False	-0.406723	1.94591	5.910797
LARGE1	0	4	True	True	-0.159172	1.386294	6.628041
LARP4B	0	1	False	False	0.248559	0.0	6.60123
LARP7	0	2	False	False	-0.231981	0.693147	6.361302
LARS1	0	8	False	False	0.030132	2.079442	7.050123
LARS2	1	22	False	False	-0.013554	3.091042	6.792344
LAS1L	0	4	False	True	-0.042677	1.386294	6.579251
LATS1	0	2	False	True	0.714538	0.693147	7.021084
LBR	0	11	False	False	-0.173734	2.397895	6.326149
LCA5	0	7	False	True	0.102941	1.94591	6.530878
LCAT	1	20	False	False	-0.552342	2.995732	6.070738
LCK	0	3	False	False	-0.450409	1.098612	6.198479
LCT	1	5	False	False	1.457192	1.609438	7.563201
LDB1	0	3	False	True	-0.333914	1.098612	6.016157
LDB3	0	4	True	False	0.452425	1.386294	6.566672
LDHA	0	1	False	False	-0.53778	0.0	5.765191
LDHD	0	5	True	False	-0.741646	1.609438	5.153292
LDLR	35	695	False	True	0.132065	6.543912	6.749931
LDLRAP1	0	3	False	False	-0.494094	1.098612	5.726848
LEMD2	0	1	False	False	-0.363038	0.0	6.216606
LEMD3	0	2	False	False	0.365054	0.693147	6.814543
LEP	1	6	False	False	-0.639713	1.791759	5.099866
LEPR	2	8	False	False	0.976651	2.079442	7.046647
LETM1	0	5	False	True	-0.202858	1.609438	6.605298
LFNG	1	3	False	False	-0.566904	1.098612	5.888878
LGI1	0	17	True	True	-0.159172	2.833213	6.320768
LGI3	0	2	True	False	-0.275667	0.693147	6.304449
LGI4	0	7	True	False	-0.261105	1.94591	6.284134
LGR4	0	2	False	False	0.510672	0.693147	6.839476
LHB	0	2	False	False	-0.770769	0.693147	4.912655
LHCGR	1	32	False	False	-0.086363	3.465736	6.523562
LHFPL5	0	9	False	True	-0.668836	2.197225	5.26269
LHX2	1	2	True	False	-0.363038	0.693147	5.986452
LHX3	0	3	False	True	-0.406723	1.098612	5.958425
LHX4	1	4	False	True	-0.348476	1.386294	5.940171
LIAS	1	3	False	True	-0.625151	1.098612	5.863631
LIFR	0	4	False	True	0.656291	1.386294	6.990257
LIG1	0	1	False	False	0.161188	0.0	6.816736
LIG3	0	4	False	True	0.248559	1.386294	6.899723
LIG4	0	17	False	True	0.001008	2.833213	6.799056
LIM2	0	3	False	False	-0.668836	1.098612	5.135798
LIMK1	0	2	True	True	-0.202858	0.693147	6.45677
LIMS2	0	1	False	True	-0.668836	0.0	5.828946
LINGO1	0	2	True	True	-0.275667	0.693147	6.410175
LINS1	0	1	False	True	0.146626	0.0	6.620073
LIPA	6	41	False	False	-0.450409	3.713572	5.908083
LIPC	1	2	False	False	-0.30479	0.693147	6.202536
LIPH	1	3	False	False	-0.421285	1.098612	6.033086
LIPT1	0	4	False	False	-0.552342	1.386294	5.886104
LIPT2	0	2	False	True	-0.770769	0.693147	5.433722
LITAF	2	8	False	True	-0.712522	2.079442	4.795791
LMAN1	0	1	False	False	-0.479533	0.0	6.214608
LMAN2L	0	2	False	True	-0.566904	0.693147	5.83773
LMBR1L	0	2	False	False	-0.406723	0.693147	6.180017
LMBRD1	0	1	False	False	-0.261105	0.0	6.289716
LMBRD2	1	10	False	True	-0.202858	2.302585	6.535241
LMF1	0	2	False	False	-0.319352	0.693147	6.306275
LMNA	11	219	False	True	0.787347	5.389072	6.495266
LMNB1	0	5	False	True	-0.14461	1.609438	6.36647
LMNB2	0	3	False	True	-0.100925	1.098612	6.419995
LMOD1	0	2	False	False	-0.406723	0.693147	6.371612
LMOD3	0	4	True	True	-0.450409	1.386294	6.302619
LMX1A	0	3	False	False	-0.363038	1.098612	5.945421
LMX1B	3	43	False	False	-0.319352	3.7612	5.996452
LONP1	1	9	False	False	-0.202858	2.197225	6.784457
LORICRIN	0	1	False	False	0.161188	0.0	5.739793
LOX	0	5	False	False	-0.464971	1.609438	6.028279
LOXHD1	1	8	False	False	-0.261105	2.079442	6.749931
LOXL3	0	1	False	False	-0.071801	0.0	6.618739
LPAR6	0	9	False	False	-0.450409	2.197225	5.834811
LPIN1	0	2	False	False	-0.523218	0.693147	5.446737
LPIN2	0	2	False	False	0.56892	0.693147	6.79794
LPL	4	69	True	False	-0.261105	4.234107	6.161207
LRAT	0	7	False	True	-0.639713	1.94591	5.361292
LRBA	0	2	False	False	1.937732	0.693147	7.601902
LRCH2	0	1	False	True	0.17575	0.0	6.637258
LRFN1	0	1	True	False	-0.115487	0.0	6.645091
LRIG2	1	1	False	False	0.49611	0.0	6.967909
LRP1	1	4	False	False	3.597781	1.386294	8.416931
LRP1B	2	5	True	False	3.7434	1.609438	8.429018
LRP2	1	10	True	True	4.049198	2.302585	8.445267
LRP4	1	12	False	True	1.238764	2.484907	7.551187
LRP5	3	75	False	True	0.714538	4.317488	7.38709
LRP6	0	9	False	False	1.107708	2.197225	7.385851
LRPPRC	0	9	False	True	0.306807	2.197225	7.239933
LRRC32	0	1	False	False	0.001008	0.0	6.458338
LRRC56	0	1	False	False	-0.173734	0.0	6.287859
LRRC7	0	3	True	False	1.28245	1.098612	7.352441
LRRC8C	0	1	False	False	0.146626	0.0	6.677083
LRRK2	1	8	False	True	2.097912	2.079442	7.833996
LRSAM1	0	5	False	True	-0.071801	1.609438	6.583409
LSM1	0	1	False	False	-0.814455	0.0	4.812184
LSM11	0	1	False	True	-0.363038	0.0	5.780744
LSM7	0	2	False	True	-0.829017	0.693147	4.382027
LSS	1	18	False	False	-0.348476	2.890372	6.579251
LTBP2	0	3	False	False	1.020337	1.098612	7.498316
LTBP3	0	2	False	False	0.437863	0.693147	7.163172
LTV1	0	1	False	False	-0.363038	0.0	6.047372
LURAP1L	0	1	False	False	-0.231981	0.0	5.402677
LYN	0	2	False	False	-0.464971	0.693147	6.204558
LYRM4	0	1	False	False	-0.799893	0.0	4.343805
LYRM7	0	3	False	False	-0.814455	1.098612	4.234107
LYSET	0	1	False	False	-0.727084	0.0	5.049856
LYST	2	7	False	True	4.384121	1.94591	8.241967
LYZ	0	3	False	True	-0.785331	1.098612	4.60517
LZTFL1	0	2	False	False	-0.683398	0.693147	5.459586
LZTR1	2	35	False	True	-0.100925	3.555348	6.72022
LZTS1	0	2	True	False	0.073817	0.693147	6.349139
MAB21L1	0	3	True	False	-0.508656	1.098612	5.872118
MAB21L2	0	5	False	False	-0.508656	1.609438	5.872118
MACROH2A1	0	1	False	False	-0.668836	0.0	5.231109
MAD2L2	0	1	False	False	-0.756207	0.0	5.351858
MADD	0	4	True	True	1.617372	1.386294	7.336286
MAF	3	28	False	False	-0.333914	3.332205	5.894403
MAFA	0	2	True	False	-0.494094	0.693147	5.817111
MAFB	0	18	False	True	-0.392162	2.890372	5.762051
MAG	1	4	True	True	-0.100925	1.386294	6.413459
MAGED2	0	1	False	False	0.001008	0.0	6.403574
MAGEL2	1	4	True	True	0.233997	1.386294	7.126087
MAGT1	0	1	False	False	-0.566904	0.0	5.814131
MAK	0	8	True	True	-0.14461	2.079442	6.248043
MALT1	0	3	False	False	-0.042677	1.098612	6.71174
MAN1B1	0	6	False	True	-0.217419	1.791759	6.522093
MAN2A2	0	1	False	False	0.321368	0.0	7.031741
MAN2B1	3	27	False	False	-0.013554	3.295837	6.910751
MAN2B2	0	3	False	False	0.088379	1.098612	6.891626
MAN2C1	0	3	False	False	0.146626	1.098612	6.937314
MANBA	0	3	False	True	0.233997	1.098612	6.77308
MAOA	0	4	False	False	-0.53778	1.386294	6.267201
MAP1B	0	2	True	False	3.408478	0.693147	7.807917
MAP2K1	3	45	False	True	-0.450409	3.806662	5.953243
MAP2K2	2	19	False	False	-0.523218	2.944439	5.918894
MAP3K1	0	11	False	False	1.748428	2.397895	7.312553
MAP3K11	0	1	False	False	0.102941	0.0	6.703188
MAP3K14	0	1	False	False	0.408739	0.0	6.840547
MAP3K20	0	1	True	False	0.350492	0.0	6.660575
MAP3K3	0	1	False	False	0.117503	0.0	6.416732
MAP3K7	1	20	False	False	0.088379	2.995732	6.40688
MAP4K4	0	8	True	False	-0.392162	2.079442	6.413459
MAPK1	1	12	False	True	-0.654275	2.484907	5.886104
MAPK3	0	1	False	False	-0.625151	0.0	5.70711
MAPK7	0	3	False	False	-0.042677	1.098612	6.688355
MAPK8IP3	0	6	True	True	-0.727084	1.791759	5.252273
MAPKAPK3	0	1	False	True	-0.610589	0.0	5.929589
MAPKAPK5	0	1	False	False	-0.494094	0.0	5.955837
MAPKBP1	0	1	False	False	-0.450409	0.0	5.56452
MAPRE2	0	5	True	False	-0.508656	1.609438	5.703782
MAPT	1	25	True	True	-0.829017	3.218876	4.158883
MARK2	0	5	False	True	0.394178	1.609438	6.659294
MARK3	0	1	False	False	0.33593	0.0	6.613384
MARS1	0	4	False	True	-0.231981	1.386294	6.715383
MARS2	0	2	False	True	-0.231981	0.693147	6.368187
MASP2	0	1	False	False	-0.130048	0.0	6.527958
MAST1	2	10	True	False	1.908608	2.302585	7.355002
MAST3	0	8	False	True	-0.85814	2.079442	1.609438
MAST4	0	3	False	False	4.180255	1.098612	7.869784
MAT1A	0	26	False	False	-0.596027	3.258097	5.948035
MAT2A	0	1	False	False	-0.596027	0.0	5.950643
MATN3	1	10	True	False	-0.363038	2.302585	6.131226
MATN4	0	1	False	False	-0.727084	0.0	5.288267
MATR3	0	1	False	True	0.306807	0.0	6.712956
MAU2	0	4	False	False	-0.261105	1.386294	6.415097
MAX	1	5	False	False	-0.566904	1.609438	5.075174
MB	0	1	True	False	-0.785331	0.0	4.976734
MBD4	0	1	False	False	-0.188296	0.0	5.940171
MBD5	0	5	False	True	1.136831	1.609438	6.829794
MBOAT7	0	2	False	True	-0.406723	0.693147	6.137727
MBTPS1	0	5	False	False	0.277683	1.609438	6.957497
MBTPS2	0	15	False	False	-0.042677	2.70805	6.2186
MC2R	1	20	False	False	-0.581465	2.995732	5.68358
MC4R	4	33	True	False	-0.3776	3.496508	5.799093
MCAT	0	1	False	True	-0.508656	0.0	5.913503
MCCC1	0	26	False	False	-0.130048	3.258097	6.584791
MCCC2	4	54	False	True	-0.464971	3.988984	6.302619
MCFD2	1	5	False	False	-0.756207	1.609438	4.969813
MCIDAS	1	4	False	False	-0.3776	1.386294	5.953243
MCM10	0	1	False	False	-0.785331	0.0	4.962845
MCM2	0	1	False	False	0.030132	0.0	6.793466
MCM3AP	1	6	False	False	2.199845	1.791759	7.586804
MCM5	0	1	False	False	-0.086363	0.0	6.54103
MCM7	0	2	False	False	-0.261105	0.693147	6.568078
MCM8	0	2	False	False	0.073817	0.693147	6.709304
MCOLN1	1	7	False	False	-0.217419	1.94591	6.356108
MCPH1	2	7	False	True	0.56892	1.94591	6.726233
MDC1	0	1	False	False	2.039665	0.0	7.643962
MDH1	0	1	True	True	-0.523218	0.0	5.808142
MDH2	0	4	False	True	-0.566904	1.386294	5.786897
MECOM	0	20	False	False	0.423301	2.995732	6.746412
MECP2	13	132	False	True	-0.130048	4.882802	6.186209
MECR	0	5	True	True	-0.479533	1.609438	5.905362
MED12	4	42	False	True	1.92317	3.73767	7.682482
MED12L	0	1	False	True	0.030132	0.0	6.473891
MED13	2	14	False	True	2.607577	2.639057	7.675082
MED13L	3	45	False	True	2.461958	3.806662	7.691657
MED16	0	8	False	True	0.321368	2.079442	6.765039
MED17	0	2	False	True	0.088379	0.693147	6.472346
MED23	0	10	False	True	0.452425	2.302585	7.217443
MED24	0	2	False	False	0.33593	0.693147	6.881411
MED25	0	3	False	True	-0.202858	1.098612	6.60123
MED27	0	1	False	True	-0.508656	0.0	5.605802
MED29	0	1	True	False	-0.639713	0.0	5.129899
MEF2A	0	2	False	False	-0.814455	0.693147	4.356709
MEF2C	5	36	True	True	0.102941	3.583519	6.148468
MEFV	1	10	False	True	0.088379	2.302585	6.629363
MEGF10	0	6	True	False	0.510672	1.791759	7.037906
MEGF8	0	5	True	False	2.360025	1.609438	7.952967
MEI1	0	2	False	False	1.034898	0.693147	7.146772
MEIOB	0	2	False	False	-0.290229	0.693147	5.983936
MEIS2	0	16	False	False	-0.275667	2.772589	6.135565
MEN1	13	149	False	False	-0.319352	5.003946	6.398595
MEOX1	0	1	False	False	-0.479533	0.0	5.533389
MERTK	0	15	False	True	0.452425	2.70805	6.902743
MESP2	0	1	False	False	-0.231981	0.0	5.934894
MEST	0	1	False	True	-0.523218	0.0	5.811141
MET	0	10	False	False	0.845595	2.302585	7.237059
MFN2	7	122	True	True	-0.071801	4.804021	6.628041
MFRP	0	6	False	False	-0.042677	1.791759	6.311735
MFSD2A	1	3	False	True	-0.814455	1.098612	3.73767
MFSD8	1	20	False	True	-0.348476	2.995732	6.234411
MGA	0	1	False	True	1.428068	0.0	7.293698
MGAT2	0	4	False	False	-0.508656	1.386294	6.09131
MIB1	0	1	False	False	-0.042677	0.0	6.897705
MICAL1	0	2	False	True	0.146626	0.693147	6.96319
MICALL2	0	1	False	False	0.525234	0.0	6.805723
MICU1	0	1	False	True	-0.464971	0.0	6.075346
MID1	0	13	False	False	-0.115487	2.564949	6.434547
MID2	0	1	False	True	0.073817	0.0	6.591674
MIEF1	0	2	False	True	-0.406723	0.693147	6.120297
MINAR2	0	1	True	False	-0.610589	0.0	5.17615
MINPP1	1	4	False	True	-0.3776	1.386294	6.182085
MIP	0	6	False	True	-0.625151	1.791759	5.501258
MIPEP	0	3	False	False	-0.188296	1.098612	6.568078
MITF	0	1	False	False	-0.159172	0.0	6.249975
MKKS	0	17	False	True	-0.115487	2.833213	6.33328
MKRN3	0	3	True	False	-0.30479	1.098612	6.190315
MKS1	0	12	False	True	-0.246543	2.484907	6.326149
MLC1	5	33	True	True	-0.333914	3.496508	5.877736
MLH1	15	186	False	True	0.117503	5.225747	6.58755
MLH3	0	1	False	False	1.326135	0.0	7.276556
MLLT1	0	1	False	False	0.292245	0.0	6.313548
MLPH	0	2	False	False	0.01557	0.693147	6.39693
MLYCD	0	4	False	False	-0.392162	1.386294	6.196444
MMAA	2	21	False	False	-0.464971	3.044522	6.030685
MMAB	1	26	False	False	-0.610589	3.258097	5.509388
MMACHC	2	40	False	True	-0.668836	3.688879	5.631212
MMADHC	1	3	False	True	-0.552342	1.098612	5.68358
MME	0	7	False	True	-0.202858	1.94591	6.605298
MMP13	2	10	False	False	-0.450409	2.302585	6.146329
MMP14	0	2	False	False	-0.464971	0.693147	6.357842
MMP2	1	5	False	False	-0.464971	1.609438	6.484635
MMP20	1	6	False	False	-0.392162	1.791759	6.171701
MMP21	1	8	False	False	-0.275667	2.079442	6.336826
MMP9	0	1	False	False	-0.246543	0.0	6.530878
MMUT	10	168	False	False	-0.290229	5.123964	6.618739
MN1	1	1	True	False	1.136831	0.0	7.177019
MNX1	1	8	False	False	-0.406723	2.079442	5.978886
MOCOS	0	3	False	True	0.394178	1.098612	6.788972
MOCS1	0	4	False	False	-0.14461	1.386294	6.43615
MOCS2	0	4	True	False	-0.450409	1.386294	5.236442
MOG	0	1	True	True	-0.69796	0.0	5.023881
MOGS	0	6	False	False	-0.100925	1.791759	6.717805
MORC2	2	34	False	True	0.132065	3.526361	6.890609
MOS	1	6	False	False	-0.450409	1.791759	5.828946
MOV10L1	0	1	False	False	0.510672	0.0	7.099202
MPC1	0	6	True	False	-0.799893	1.791759	4.682131
MPDU1	0	5	False	False	-0.668836	1.609438	5.398163
MPEG1	0	1	False	False	0.01557	0.0	6.570883
MPI	0	14	False	False	-0.421285	2.639057	6.003887
MPL	1	23	False	False	0.044694	3.135494	6.44572
MPLKIP	0	1	False	False	-0.523218	0.0	5.105945
MPO	0	4	False	True	-0.202858	1.386294	6.613384
MPP4	0	1	True	False	-0.261105	0.0	6.455199
MPV17	2	14	False	True	-0.799893	2.639057	5.135798
MPZ	7	90	False	True	-0.552342	4.49981	5.493061
MPZL2	0	3	False	False	-0.69796	1.098612	5.337538
MRAP	0	2	False	False	-0.596027	0.693147	5.147494
MRAS	0	5	True	False	-0.741646	1.609438	5.209486
MRE11	1	4	False	True	0.030132	1.386294	6.553933
MRM2	0	1	False	False	-0.654275	0.0	5.429346
MRPL12	0	1	False	False	-0.799893	0.0	5.117994
MRPL3	0	1	False	False	-0.712522	0.0	5.840642
MRPL39	0	1	False	False	-0.523218	0.0	5.820083
MRPL44	0	3	False	False	-0.625151	1.098612	5.805135
MRPL49	0	3	False	False	-0.814455	1.098612	4.859812
MRPL50	0	1	False	False	-0.639713	0.0	5.056246
MRPS14	0	1	False	False	-0.741646	0.0	4.795791
MRPS2	0	2	False	False	-0.654275	0.693147	5.686975
MRPS22	0	2	False	False	-0.596027	0.693147	5.886104
MRPS23	0	1	False	False	-0.727084	0.0	5.214936
MRPS25	0	1	False	False	-0.785331	0.0	5.01728
MRPS28	0	1	True	False	-0.654275	0.0	5.192957
MRPS34	0	2	False	True	-0.770769	0.693147	5.220356
MSH2	10	142	False	True	-0.086363	4.955827	6.833032
MSH3	0	2	False	False	0.525234	0.693147	7.033506
MSH4	0	5	False	False	0.510672	1.609438	6.817831
MSH5	0	3	False	False	0.044694	1.098612	6.723832
MSH6	3	70	False	False	0.816471	4.248495	7.202661
MSL2	0	2	False	True	0.146626	0.693147	6.338594
MSL3	0	2	False	True	-0.202858	0.693147	6.240276
MSMO1	0	3	False	False	-0.727084	1.098612	5.620401
MSN	0	2	False	False	-0.581465	0.693147	6.356108
MSR1	1	5	False	False	-0.392162	1.609438	6.09131
MST1R	0	1	False	True	0.598043	0.0	7.239933
MSTO1	2	7	False	False	-0.188296	1.94591	6.340359
MSX1	0	5	True	False	-0.508656	1.609438	5.697093
MSX2	1	4	False	True	-0.450409	1.386294	5.587249
MTA3	0	1	False	False	-0.086363	0.0	6.385194
MTFMT	0	6	False	True	-0.53778	1.791759	5.894403
MTHFD1	0	5	False	True	-0.261105	1.609438	6.811244
MTHFR	1	50	False	True	-0.231981	3.912023	6.405228
MTHFS	0	1	False	True	-0.639713	0.0	5.303305
MTIF2	1	1	False	False	-0.333914	0.0	6.582025
MTM1	3	64	False	False	-0.130048	4.158883	6.385194
MTMR2	0	3	False	True	0.059255	1.098612	6.447306
MTO1	0	12	False	False	-0.566904	2.484907	5.857933
MTOR	5	51	False	True	1.457192	3.931826	7.837554
MTPAP	0	2	False	True	-0.071801	0.693147	6.361302
MTR	0	8	False	True	0.001008	2.079442	7.129298
MTRFR	0	1	False	False	-0.756207	0.0	5.087596
MTRR	0	6	False	True	-0.071801	1.791759	6.548219
MTSS2	0	2	True	True	0.49611	0.693147	6.609349
MTTP	0	6	False	True	0.33593	1.791759	6.792344
MTX2	0	1	False	False	-0.683398	0.0	5.572154
MUSK	0	12	False	True	0.146626	2.484907	6.766192
MUTYH	1	6	False	True	-0.814455	1.791759	3.78419
MVD	0	2	False	False	-0.450409	0.693147	5.860786
MVK	2	43	False	True	-0.464971	3.7612	5.958425
MXRA8	0	1	False	False	-0.450409	0.0	6.047372
MYBPC1	0	11	True	False	-0.872702	2.397895	3.135494
MYBPC3	3	35	True	False	0.248559	3.555348	7.115582
MYCBP2	0	4	False	False	5.694686	1.386294	8.440096
MYCN	2	12	False	False	-0.275667	2.484907	6.068426
MYD88	0	1	False	False	-0.581465	0.0	5.68358
MYF5	0	1	False	False	-0.421285	0.0	5.513429
MYF6	0	1	True	False	-0.494094	0.0	5.429346
MYH10	1	7	True	True	-0.69796	1.94591	5.303305
MYH11	0	2	False	False	0.670852	0.693147	7.586296
MYH14	1	5	False	False	-0.668836	1.609438	5.398163
MYH2	0	5	True	False	0.452425	1.609438	7.569928
MYH3	3	40	False	True	0.699976	3.688879	7.569412
MYH6	0	8	True	False	0.510672	2.079442	7.563201
MYH7	33	374	True	True	0.510672	5.924256	7.562162
MYH8	0	1	False	False	0.641729	0.0	7.567863
MYH9	3	43	False	False	0.292245	3.7612	7.571988
MYL11	0	4	True	False	-0.799893	1.386294	4.882802
MYL2	2	12	True	False	-0.843578	2.484907	4.875197
MYL3	0	4	True	False	-0.814455	1.386294	5.273
MYL4	0	1	True	False	-0.814455	0.0	5.278115
MYLK	0	3	False	False	1.530001	1.098612	7.542744
MYMK	1	7	False	False	-0.683398	1.94591	5.365976
MYO15A	9	114	False	False	2.665824	4.736198	8.167636
MYO1A	0	1	False	False	0.190312	0.0	6.942157
MYO1E	0	5	False	False	0.219436	1.609438	6.990257
MYO3A	0	2	False	False	0.772785	0.693147	7.387709
MYO5A	1	2	False	True	0.219436	0.693147	7.244228
MYO5B	1	21	False	False	0.787347	3.044522	7.513709
MYO6	0	9	False	False	0.044694	2.197225	6.932448
MYO7A	16	174	False	True	1.107708	5.159055	7.702104
MYO9B	0	1	False	False	1.471753	0.0	7.674153
MYOC	4	45	False	False	-0.275667	3.806662	6.2186
MYOCD	0	1	False	False	0.525234	0.0	6.516193
MYOF	0	1	False	False	0.903842	0.0	7.627057
MYORG	0	3	True	True	-0.202858	1.098612	6.570883
MYOT	0	5	True	True	-0.115487	1.609438	6.204558
MYOZ2	0	1	True	False	-0.596027	0.0	5.56452
MYRF	2	15	True	False	0.874718	2.70805	7.031741
MYSM1	0	1	False	False	0.073817	0.0	6.698268
MYT1	0	1	True	True	1.020337	0.0	7.013016
MYT1L	4	31	True	True	0.860156	3.433987	7.062192
NAA10	1	28	False	True	-0.552342	3.332205	5.459586
NAA15	0	14	False	True	-0.392162	2.639057	6.75227
NAA20	0	2	False	True	-0.756207	0.693147	5.099866
NAA30	1	1	False	False	-0.494094	0.0	5.793014
NAA60	0	4	False	True	-0.523218	1.386294	5.476464
NAA80	0	1	False	False	-0.625151	0.0	5.57973
NACC1	0	6	False	True	-0.173734	1.791759	6.257668
NADSYN1	0	4	False	False	-0.100925	1.386294	6.552508
NAE1	0	3	False	True	-0.3776	1.098612	6.270988
NAGA	0	2	False	False	-0.523218	0.693147	6.013715
NAGLU	5	109	False	True	-0.188296	4.691348	6.609349
NAGS	0	10	False	False	-0.115487	2.302585	6.280396
NALCN	6	84	True	True	0.88928	4.430817	7.456455
NANS	0	6	False	False	-0.596027	1.791759	5.883322
NAPEPLD	0	1	False	False	-0.450409	0.0	5.948035
NARS1	0	10	False	True	-0.479533	2.302585	6.177944
NARS2	0	9	False	False	-0.363038	2.197225	6.161207
NAXE	1	5	False	True	-0.596027	1.609438	5.509388
NBAS	0	11	False	True	1.733866	2.397895	7.766841
NBEA	1	13	True	True	2.432835	2.564949	7.83637
NBEAL2	0	12	False	False	2.214407	2.484907	7.916807
NBN	0	2	False	False	0.102941	0.693147	6.603944
NCAM1	0	1	True	False	0.088379	0.0	6.75227
NCAPD2	0	1	False	True	0.408739	0.0	7.244942
NCAPD3	0	1	False	True	1.151393	0.0	7.305188
NCAPH	0	1	False	True	-0.057239	0.0	6.597146
NCDN	0	5	True	True	-0.246543	1.609438	6.588926
NCF1	0	3	False	False	-0.450409	1.098612	5.961005
NCF2	0	5	False	False	-0.464971	1.609438	6.25575
NCF4	0	2	False	False	-0.552342	0.693147	5.752573
NCKAP1	0	3	False	True	0.554358	1.098612	7.027315
NCKAP1L	0	10	False	False	0.466987	2.302585	7.021976
NCOA3	0	1	False	False	1.719305	0.0	7.25347
NCOR1	0	1	False	False	3.102679	0.0	7.798933
NCOR2	1	1	False	True	2.709509	0.0	7.829233
NCSTN	0	1	False	False	0.088379	0.0	6.562444
NDP	3	45	True	True	-0.566904	3.806662	4.890349
NDST1	0	4	False	True	-0.130048	1.386294	6.756932
NDUFA1	0	2	True	False	-0.829017	0.693147	4.143135
NDUFA10	0	6	False	False	-0.552342	1.791759	5.828946
NDUFA11	0	1	False	False	-0.814455	0.0	4.812184
NDUFA12	0	2	False	False	-0.829017	0.693147	4.94876
NDUFA13	0	3	True	False	-0.799893	1.098612	4.919981
NDUFA2	0	2	False	False	-0.799893	0.693147	4.564348
NDUFA6	0	1	True	False	-0.814455	0.0	4.787492
NDUFA8	0	2	True	False	-0.799893	0.693147	5.105945
NDUFA9	0	6	False	False	-0.523218	1.791759	5.894403
NDUFAF1	0	3	True	False	-0.494094	1.098612	5.762051
NDUFAF2	0	1	False	False	-0.712522	0.0	5.111988
NDUFAF3	0	5	False	False	-0.69796	1.609438	5.181784
NDUFAF4	0	1	True	False	-0.69796	0.0	5.159055
NDUFAF5	1	19	False	True	-0.596027	2.944439	5.840642
NDUFAF6	0	10	True	True	-0.581465	2.302585	5.793014
NDUFAF7	0	1	False	False	-0.494094	0.0	6.077642
NDUFAF8	1	3	True	False	-0.814455	1.098612	4.094345
NDUFB10	0	1	True	False	-0.829017	0.0	5.147494
NDUFB11	0	2	False	False	-0.727084	0.693147	4.976734
NDUFB3	0	1	False	False	-0.829017	0.0	4.49981
NDUFB8	1	3	True	False	-0.785331	1.098612	5.164786
NDUFB9	0	1	True	False	-0.799893	0.0	4.882802
NDUFC2	0	1	False	False	-0.85814	0.0	3.688879
NDUFS1	1	19	True	True	-0.275667	2.944439	6.586172
NDUFS2	1	5	False	True	-0.610589	1.609438	6.084499
NDUFS3	0	5	True	False	-0.69796	1.609438	5.525453
NDUFS4	0	1	False	True	-0.654275	0.0	5.153292
NDUFS6	0	5	False	False	-0.843578	1.609438	4.356709
NDUFS7	0	5	True	True	-0.654275	1.609438	5.105945
NDUFS8	1	13	True	True	-0.756207	2.564949	5.159055
NDUFV1	1	21	False	True	-0.523218	3.044522	6.139885
NDUFV2	0	4	False	False	-0.785331	1.386294	5.451038
NEB	0	10	True	True	15.130755	2.302585	9.046173
NECTIN4	0	5	False	False	-0.173734	1.609438	6.142037
NEDD4L	0	6	False	True	0.146626	1.791759	6.837333
NEFL	1	15	True	True	-0.057239	2.70805	6.2186
NEK1	0	6	False	True	-0.348476	1.791759	6.242223
NEK10	0	4	False	False	0.365054	1.386294	6.846943
NEK2	0	2	False	True	-0.406723	0.693147	6.082219
NEK8	0	3	False	False	-0.159172	1.098612	6.527958
NEK9	0	6	False	False	0.204874	1.791759	6.88551
NEMF	0	2	False	False	0.132065	0.693147	6.971669
NEU1	1	29	False	False	-0.319352	3.367296	6.016157
NEUROD1	0	4	True	True	-0.363038	1.386294	5.849325
NEUROD2	0	9	True	True	-0.464971	2.197225	5.886104
NEUROG1	1	2	False	False	-0.508656	0.693147	5.398163
NEUROG3	1	6	False	False	-0.552342	1.791759	5.351858
NEXMIF	1	1	False	True	1.850361	0.0	7.305188
NEXN	0	1	True	False	-0.3776	0.0	6.511745
NF1	24	418	False	True	4.238502	6.035481	7.949444
NF2	0	9	False	True	-0.508656	2.197225	6.375025
NFASC	0	1	True	True	-0.042677	0.0	6.703188
NFE2L2	1	5	False	False	0.088379	1.609438	6.391917
NFIA	0	10	False	True	0.030132	2.302585	6.224558
NFIB	1	8	False	True	-0.246543	2.079442	6.003887
NFIX	2	41	True	True	-0.028116	3.713572	6.212606
NFKB1	0	6	False	False	-0.872702	1.791759	2.995732
NFKB2	0	2	False	False	0.073817	0.693147	6.770789
NFKBIA	2	7	False	False	-0.668836	1.94591	5.680173
NFU1	0	10	False	True	-0.712522	2.302585	5.533389
NGF	0	1	False	True	-0.610589	0.0	5.455321
NGLY1	0	10	False	False	0.001008	2.302585	6.480045
NHEJ1	0	5	False	False	-0.508656	1.609438	5.700444
NHLRC1	2	17	False	True	-0.523218	2.833213	5.955837
NHLRC2	0	4	False	False	-0.042677	1.386294	6.556778
NHP2	0	2	False	False	-0.814455	0.693147	4.997212
NHS	0	1	False	True	2.680386	0.0	7.408531
NID1	0	1	False	False	0.466987	0.0	7.113956
NIPA1	0	3	True	True	-0.494094	1.098612	5.780744
NIPA2	0	1	False	False	-0.450409	0.0	5.860786
NIPAL4	3	15	False	False	-0.333914	2.70805	6.001415
NIPBL	1	99	False	True	3.423039	4.59512	7.938802
NKAP	0	3	False	True	0.17575	1.098612	5.991465
NKX2-5	4	27	True	False	-0.581465	3.295837	5.755742
NKX2-6	1	1	False	False	-0.53778	0.0	5.616771
NKX6-2	1	5	True	True	-0.654275	1.609438	5.587249
NLGN2	0	1	True	False	-0.319352	0.0	6.72263
NLGN3	0	7	True	True	-0.100925	1.94591	6.738152
NLGN4X	0	2	True	False	-0.246543	0.693147	6.6995
NLRC4	2	11	False	False	0.219436	2.397895	6.920672
NLRP1	1	5	False	False	0.860156	1.609438	7.295056
NLRP12	1	1	False	False	0.044694	0.0	6.951772
NLRP2	0	3	False	False	0.102941	1.098612	6.96319
NLRP7	0	12	False	False	-0.100925	2.484907	6.814543
NMNAT1	2	39	False	True	-0.596027	3.663562	5.55296
NMNAT2	0	1	True	False	-0.552342	0.0	5.723585
NNT	0	9	True	False	0.030132	2.197225	6.98749
NODAL	0	1	False	False	-0.479533	0.0	5.774552
NOG	0	25	True	False	-0.625151	3.218876	5.442418
NONO	0	1	False	True	-0.69796	0.0	5.568345
NOP10	0	1	False	False	-0.843578	0.0	3.73767
NOS1AP	0	1	True	False	-0.290229	0.0	6.173786
NOS3	0	2	False	False	0.292245	0.693147	7.091742
NOTCH1	0	26	False	False	1.864923	3.258097	7.841886
NOTCH2	1	11	False	False	1.748428	2.397895	7.807917
NOTCH3	0	258	False	True	1.413506	5.55296	7.74023
NPAS2	0	1	False	False	0.641729	0.0	6.705639
NPC1	18	204	False	True	0.554358	5.31812	7.138867
NPC2	0	9	False	False	-0.654275	2.197225	5.003946
NPHP1	0	4	False	True	-0.639713	1.386294	5.517453
NPHP3	0	9	False	True	0.598043	2.197225	7.185387
NPHP4	0	4	False	False	0.874718	1.386294	7.241366
NPHS1	7	84	False	False	0.56892	4.430817	7.115582
NPHS2	0	36	False	False	-0.392162	3.583519	5.940171
NPR2	3	29	False	True	-0.013554	3.367296	6.910751
NPR3	0	3	False	False	-0.290229	1.098612	6.289716
NPRL2	0	3	False	True	-0.566904	1.098612	5.888878
NPRL3	0	1	False	True	-0.042677	0.0	6.308098
NPTN	0	2	False	False	-0.392162	0.693147	5.948035
NPTX1	0	5	True	True	-0.479533	1.609438	6.021023
NQO1	0	1	False	False	-0.639713	0.0	5.572154
NR0B1	1	21	False	True	-0.450409	3.044522	6.124683
NR1D2	0	1	False	False	0.132065	0.0	6.34388
NR1H3	0	1	False	True	-0.348476	0.0	6.086775
NR2E3	3	26	True	True	-0.290229	3.258097	5.932245
NR2F1	4	67	True	True	-0.363038	4.204693	6.047372
NR2F2	1	10	False	False	-0.3776	2.302585	6.003887
NR3C1	1	9	False	False	0.350492	2.197225	6.639876
NR3C2	0	10	False	False	1.28245	2.302585	6.880384
NR4A2	0	21	False	True	-0.028116	3.044522	6.315358
NR5A1	3	57	False	False	-0.639713	4.043051	6.063785
NR6A1	0	3	False	False	-0.231981	1.098612	6.165418
NRAP	0	1	True	False	1.020337	0.0	7.443664
NRAS	2	23	False	True	-0.741646	3.135494	5.159055
NRCAM	0	4	True	True	0.583481	1.386294	7.171657
NRIP1	0	1	False	False	1.471753	0.0	7.053586
NRL	1	11	True	True	-0.625151	2.397895	5.451038
NRROS	0	2	False	False	0.044694	0.693147	6.536692
NRXN3	0	1	True	False	0.49611	0.0	7.060476
NSD1	3	169	False	True	3.131803	5.129899	7.898411
NSD2	0	19	False	False	0.874718	2.944439	7.196687
NSDHL	0	7	False	False	-0.654275	1.94591	5.899897
NSF	0	5	True	True	-0.231981	1.609438	6.605298
NSMCE3	0	2	False	False	-0.654275	0.693147	5.717028
NSUN2	1	5	False	True	-0.188296	1.609438	6.621406
NSUN3	0	2	False	False	-0.464971	0.693147	5.817111
NSUN6	0	1	False	True	-0.464971	0.0	6.148468
NT5C2	1	3	False	True	-0.290229	1.098612	6.270988
NT5E	0	1	False	False	-0.333914	0.0	6.335054
NTF4	0	1	False	False	-0.654275	0.0	5.32301
NTN1	0	2	False	True	-0.30479	0.693147	6.356108
NTNG2	0	6	True	True	-0.435847	1.791759	6.030685
NTRK1	1	35	False	True	-0.130048	3.555348	6.650279
NTRK2	1	6	True	True	-0.333914	1.791759	6.089045
NUBPL	1	4	False	False	-0.53778	1.386294	5.762051
NUDCD3	0	1	True	False	-0.610589	0.0	5.872118
NUDT2	0	1	False	False	-0.843578	0.0	4.969813
NUF2	0	1	False	True	-0.464971	0.0	6.137727
NUMA1	0	1	False	False	1.471753	0.0	7.647786
NUP107	0	6	False	False	0.030132	1.791759	6.811244
NUP133	0	2	False	False	0.903842	0.693147	7.035269
NUP155	0	1	False	False	0.88928	0.0	7.231287
NUP205	0	2	False	False	1.093146	0.693147	7.60589
NUP214	0	3	False	False	4.209379	1.098612	7.644919
NUP54	0	2	False	True	-0.450409	0.693147	6.228511
NUP62	0	1	False	True	-0.100925	0.0	6.246107
NUP85	0	3	False	False	-0.071801	1.098612	6.486161
NUP88	0	1	False	False	-0.071801	0.0	6.57368
NUP93	0	6	False	False	0.01557	1.791759	6.689599
NUP98	0	1	False	False	-0.14461	0.0	5.945421
NUS1	0	4	False	True	-0.566904	1.386294	5.631212
NYX	1	12	False	True	-0.363038	2.484907	6.139885
OAS1	0	2	False	False	-0.552342	0.693147	5.958425
OAS2	1	1	False	False	-0.231981	0.0	6.50129
OAT	2	40	False	True	-0.552342	3.688879	6.082219
OBSCN	1	2	True	False	-0.028116	0.693147	7.406711
OBSL1	0	1	False	False	0.656291	0.0	7.542213
OCA2	7	87	False	False	0.044694	4.465908	6.709304
OCLN	0	1	False	False	-0.188296	0.0	6.230481
OCRL	2	33	False	False	-0.057239	3.496508	6.80017
ODAD2	0	2	False	False	0.161188	0.693147	6.936343
ODAD4	0	1	False	False	-0.231981	0.0	6.459904
OFD1	2	11	False	True	0.466987	2.397895	6.918695
OGDH	1	4	False	True	0.001008	1.386294	6.930495
OGDHL	0	3	True	True	0.17575	1.098612	6.898715
OGT	0	15	False	True	-0.115487	2.70805	6.951772
OLFML2B	0	5	False	False	-0.130048	1.609438	6.577861
OPA1	3	68	False	True	-0.639713	4.219508	5.17615
OPA3	0	7	False	True	-0.814455	1.94591	5.17615
OPHN1	1	10	True	True	-0.042677	2.302585	6.687109
OPLAH	1	3	False	False	0.277683	1.098612	7.152269
OPN1LW	0	3	True	True	-0.392162	1.098612	5.891644
OPN1MW	1	4	True	True	-0.392162	1.386294	5.891644
OPTN	0	4	True	True	-0.217419	1.386294	6.317165
ORAI1	1	6	False	False	-0.392162	1.791759	5.697093
ORC1	0	6	False	False	0.233997	1.791759	6.745236
ORC3	0	1	False	False	-0.071801	0.0	6.529419
ORC4	0	3	False	False	-0.333914	1.098612	6.073045
ORC6	0	4	False	False	-0.596027	1.386294	5.501258
OSGEP	3	17	False	True	-0.654275	2.833213	5.762051
OSMR	0	5	False	False	0.510672	1.609438	6.875232
OTC	19	266	False	False	-0.566904	5.583496	5.846439
OTOA	0	6	False	False	-0.406723	1.791759	5.752573
OTOF	0	4	True	False	0.918404	1.386294	7.593374
OTOG	0	6	False	False	-0.872702	1.791759	1.791759
OTOGL	0	2	False	False	1.690181	0.693147	7.754482
OTUD5	0	8	False	True	-0.770769	2.079442	5.556828
OTUD6B	0	4	False	True	-0.712522	1.386294	5.680173
OTUD7A	0	1	True	True	-0.610589	0.0	5.375278
OTULIN	0	5	False	False	-0.668836	1.609438	5.860786
OTX2	2	10	True	False	-0.843578	2.302585	2.995732
OXA1L	0	1	False	False	-0.435847	0.0	6.054439
OXCT1	0	8	True	False	-0.435847	2.079442	6.232448
OXGR1	0	3	False	False	-0.479533	1.098612	5.811141
OXSM	0	1	False	False	-0.3776	0.0	6.095825
P2RX2	0	2	False	False	-0.363038	0.693147	6.131226
P2RY12	0	3	True	False	-0.53778	1.098612	5.777652
P2RY8	0	1	False	True	-0.53778	0.0	5.877736
P3H1	0	3	False	False	-0.231981	1.098612	6.593045
P3H2	0	1	False	False	-0.333914	0.0	6.4708
P4HA2	0	3	False	False	-0.115487	1.098612	6.274762
P4HB	0	2	False	False	-0.552342	0.693147	6.156979
P4HTM	1	5	True	True	-0.508656	1.609438	6.184149
PABPC1	0	2	False	True	-0.319352	0.693147	6.444131
PABPC1L	0	7	False	False	-0.246543	1.94591	6.385194
PACS1	0	4	False	True	1.005775	1.386294	6.866933
PACS2	0	2	True	True	-0.100925	0.693147	6.115892
PADI3	1	5	False	False	-0.333914	1.609438	6.486161
PADI6	2	5	False	False	-0.130048	1.609438	6.410175
PAFAH1B1	1	45	False	True	-0.348476	3.806662	5.988961
PAH	48	493	True	True	-0.479533	6.200509	6.100319
PAICS	0	2	False	False	-0.450409	0.693147	6.021023
PAK1	0	25	False	False	-0.333914	3.218876	6.270988
PAK2	0	3	False	True	-0.392162	1.098612	6.257668
PAK3	1	12	True	True	-0.756207	2.484907	4.304065
PALB2	0	10	False	False	0.991213	2.302585	7.078342
PALS1	0	1	False	True	-0.319352	0.0	6.508769
PAM16	0	2	True	False	-0.741646	0.693147	4.564348
PAN2	0	1	False	False	-0.042677	0.0	6.519147
PANX1	0	2	False	False	-0.333914	0.693147	6.052089
PAPPA2	0	2	False	False	1.195079	0.693147	7.475906
PAPSS2	0	3	False	False	-0.625151	1.098612	5.56452
PARD3	1	2	False	True	0.161188	0.693147	6.593045
PARK7	0	8	True	True	-0.756207	2.079442	5.081404
PARN	0	2	False	False	-0.057239	0.693147	6.44254
PARS2	0	2	False	True	-0.523218	0.693147	5.958425
PATL2	1	6	False	False	-0.319352	1.791759	6.244167
PAX1	0	2	False	False	-0.363038	0.693147	5.940171
PAX2	1	40	False	False	-0.639713	3.688879	5.278115
PAX3	6	68	False	True	-0.14461	4.219508	6.12905
PAX5	1	7	False	True	-0.231981	1.94591	5.921578
PAX6	5	88	True	True	-0.829017	4.477337	3.555348
PAX8	0	13	False	False	0.073817	2.564949	6.082219
PAX9	2	18	False	False	-0.363038	2.890372	5.826
PBX1	1	22	False	False	-0.188296	3.091042	6.061457
PC	2	20	True	False	-0.086363	2.995732	7.048386
PCBD1	0	3	False	False	-0.814455	1.098612	4.624973
PCBP1	0	4	False	True	-0.3776	1.386294	5.874931
PCCA	4	42	False	True	-0.115487	3.73767	6.563856
PCCB	3	72	False	False	-0.406723	4.276666	6.261492
PCDH1	0	1	False	False	0.306807	0.0	6.928538
PCDH12	0	3	False	False	0.627167	1.098612	7.074117
PCDH15	2	6	True	False	2.287216	1.791759	7.577634
PCDH19	10	121	True	True	0.831033	4.795791	7.036148
PCDHGC4	1	1	True	True	0.49611	0.0	6.837333
PCGF2	0	3	False	True	-0.464971	1.098612	5.793014
PCK1	0	1	False	False	-0.363038	0.0	6.429719
PCNA	0	1	False	True	-0.523218	0.0	5.56452
PCNT	0	2	True	True	2.913375	0.693147	8.110427
PCSK1	2	11	True	False	0.001008	2.397895	6.577861
PCSK9	1	14	False	False	-0.115487	2.639057	6.533789
PCYT1A	0	9	False	False	-0.450409	2.197225	5.891644
PCYT2	0	6	False	True	-0.654275	1.791759	5.823046
PDCD10	0	1	False	False	-0.727084	0.0	5.26269
PDE10A	1	7	False	True	0.292245	1.94591	6.959399
PDE1C	1	2	True	False	0.117503	0.693147	6.555357
PDE2A	0	3	False	False	-0.028116	1.098612	6.842683
PDE3A	1	9	False	False	0.758223	2.197225	7.014814
PDE4D	2	24	False	False	0.263121	3.178054	6.692084
PDE6A	2	15	True	True	-0.30479	2.70805	6.75227
PDE6B	2	34	True	True	-0.231981	3.526361	6.744059
PDE6C	1	27	True	True	-0.290229	3.295837	6.747587
PDE8B	0	2	True	False	0.219436	0.693147	6.785588
PDGFB	0	8	False	True	-0.683398	2.079442	5.278115
PDGFRA	0	2	False	False	0.466987	0.693147	6.991177
PDGFRB	2	21	False	True	0.452425	3.044522	7.006695
PDGFRL	0	1	False	False	-0.479533	0.0	5.926926
PDHA1	10	165	False	True	-0.581465	5.105945	5.966147
PDHA2	0	1	False	False	-0.53778	0.0	5.961005
PDHB	0	10	False	True	-0.625151	2.302585	5.834811
PDHX	0	1	True	True	-0.348476	0.0	6.192362
PDSS1	0	5	False	True	-0.406723	1.609438	6.008813
PDSS2	0	1	False	False	-0.246543	0.0	5.988961
PDX1	0	7	False	False	-0.727084	1.94591	5.609472
PDXK	0	3	True	True	-0.610589	1.098612	5.690359
PDYN	0	2	True	True	-0.523218	0.693147	5.513429
PDZD7	0	3	True	False	0.758223	1.098612	6.936343
PDZRN3	1	2	False	True	0.423301	0.693147	6.967909
PEPD	0	13	False	False	-0.435847	2.564949	6.194405
PER2	0	1	False	False	1.369821	0.0	7.126891
PERP	0	1	False	False	-0.712522	0.0	5.257495
PET100	0	3	False	False	-0.85814	1.098612	4.290459
PEX1	2	24	False	True	0.874718	3.178054	7.146772
PEX10	1	10	True	True	-0.596027	2.302585	5.713733
PEX11B	0	1	False	True	-0.566904	0.0	5.505332
PEX12	0	5	False	True	-0.421285	1.609438	5.874931
PEX13	0	2	False	True	-0.275667	0.693147	5.97381
PEX16	0	5	False	True	-0.552342	1.609438	5.811141
PEX19	0	1	False	True	-0.508656	0.0	5.676754
PEX2	0	3	False	True	-0.610589	1.098612	5.703782
PEX26	1	9	False	True	-0.508656	2.197225	5.690359
PEX3	0	3	False	True	-0.421285	1.098612	5.902633
PEX5	0	3	True	True	-0.290229	1.098612	6.444131
PEX6	0	26	False	True	0.190312	3.258097	6.870053
PEX7	0	10	False	True	-0.494094	2.302585	5.723585
PFAS	1	2	False	False	0.277683	0.693147	7.198184
PFKM	0	9	True	False	-0.261105	2.197225	6.652863
PFN1	0	4	False	True	-0.741646	1.386294	4.927254
PGAM2	0	1	True	False	-0.756207	0.0	5.303305
PGAP2	0	12	False	True	-0.872702	2.484907	3.713572
PGAP3	1	12	False	False	-0.552342	2.484907	5.746203
PGK1	0	15	False	False	-0.53778	2.70805	6.028279
PGM1	0	10	True	False	-0.319352	2.302585	6.304449
PGM3	0	7	False	False	-0.392162	1.94591	6.261492
PGRMC1	0	2	False	False	-0.727084	0.693147	5.247024
PHACTR1	1	6	False	True	-0.057239	1.791759	6.347389
PHC1	0	1	False	True	0.758223	0.0	6.889591
PHEX	11	141	False	False	-0.14461	4.94876	6.613384
PHF20	0	2	False	False	0.394178	0.693147	6.918695
PHF21A	0	1	False	False	-0.727084	0.0	5.214936
PHF5A	0	1	False	False	-0.814455	0.0	4.543295
PHF6	0	24	False	True	-0.319352	3.178054	5.846439
PHGDH	0	12	True	True	-0.421285	2.484907	6.248043
PHIP	2	33	False	True	1.588248	3.496508	7.497207
PHKA1	0	2	True	False	0.56892	0.693147	7.104965
PHKA2	0	27	False	False	0.598043	3.295837	7.114769
PHKG2	0	14	False	False	-0.53778	2.639057	5.97381
PHOX2B	0	5	False	True	-0.3776	1.609438	5.743003
PHYH	2	8	True	True	-0.625151	2.079442	5.758902
PI4KA	0	13	True	True	1.617372	2.564949	7.643483
PI4KB	0	4	False	False	0.263121	1.386294	6.683361
PIAS1	0	1	False	False	0.292245	0.0	6.475433
PIBF1	0	3	False	True	-0.159172	1.098612	6.620073
PIDD1	0	2	False	True	-0.057239	0.693147	6.802395
PIEZO1	1	20	False	False	1.180517	2.995732	7.82764
PIEZO2	0	24	False	True	-0.130048	3.178054	6.709304
PIGA	0	22	False	True	-0.363038	3.091042	6.175867
PIGB	0	6	False	True	-0.290229	1.791759	6.282267
PIGC	0	3	False	True	-0.523218	1.098612	5.693732
PIGG	0	3	False	True	0.365054	1.098612	6.890609
PIGH	0	2	False	False	-0.610589	0.693147	5.231109
PIGK	0	6	False	True	-0.450409	1.791759	5.796058
PIGL	1	5	False	True	-0.581465	1.609438	5.521461
PIGM	0	1	False	False	-0.596027	0.0	6.013715
PIGN	0	14	False	False	0.248559	2.639057	6.833032
PIGO	0	7	False	False	0.190312	1.94591	6.982863
PIGQ	0	2	False	True	-0.333914	0.693147	6.2106
PIGS	0	4	False	False	-0.188296	1.386294	6.304449
PIGT	0	7	False	False	-0.261105	1.94591	6.295266
PIGU	1	2	False	False	-0.494094	0.693147	5.998937
PIGV	3	8	False	False	-0.450409	2.079442	6.142037
PIGW	0	6	False	False	-0.348476	1.791759	6.186209
PIGY	0	1	False	False	-0.785331	0.0	3.78419
PIK3C2A	0	1	False	False	1.267888	0.0	7.421178
PIK3CA	5	84	False	True	-0.042677	4.430817	6.922644
PIK3CB	0	1	False	False	0.059255	0.0	6.975414
PIK3CD	1	13	False	False	0.088379	2.564949	6.946014
PIK3CG	1	3	False	False	0.088379	1.098612	7.003974
PIK3R1	0	8	False	True	-0.14461	2.079442	6.563856
PIK3R2	1	12	False	True	-0.319352	2.484907	6.55108
PIKFYVE	0	1	False	False	2.360025	0.0	7.634337
PINK1	2	8	True	True	-0.406723	2.079442	6.356108
PIP5K1B	0	1	False	False	-0.086363	0.0	6.280396
PIP5K1C	0	4	False	True	0.059255	1.386294	6.50129
PISD	0	1	False	False	-0.479533	0.0	6.011267
PITRM1	0	2	False	True	0.17575	0.693147	6.940222
PITX1	0	3	False	False	-0.30479	1.098612	5.749393
PITX3	0	1	True	False	-0.392162	0.0	5.676754
PJVK	0	4	False	False	-0.450409	1.386294	5.796058
PKD1	7	176	True	False	4.762728	5.170484	8.366835
PKD2	1	18	False	False	0.33593	2.890372	6.871091
PKDCC	0	1	False	False	-0.392162	0.0	6.198479
PKHD1	4	170	False	False	4.558863	5.135798	8.309923
PKHD1L1	0	2	False	False	4.369559	0.693147	8.35279
PKLR	5	55	False	False	-0.319352	4.007333	6.352629
PKP2	0	12	False	False	-0.202858	2.484907	5.953243
PLA1A	0	1	False	False	-0.348476	0.0	6.104793
PLA2G4A	0	3	False	False	0.030132	1.098612	6.613384
PLA2G6	9	63	False	True	-0.188296	4.143135	6.690842
PLAA	1	5	False	True	0.219436	1.609438	6.665684
PLCB1	0	2	True	True	0.423301	0.693147	7.090077
PLCB3	0	1	False	False	0.437863	0.0	7.112327
PLCB4	1	18	False	True	-0.3776	2.890372	6.25575
PLCD1	0	2	False	False	-0.028116	0.693147	6.624065
PLCE1	0	4	False	False	2.549329	1.386294	7.738488
PLCG1	0	1	False	False	0.379616	0.0	7.093405
PLCG2	1	7	False	False	0.49611	1.94591	7.142827
PLCZ1	0	6	False	False	-0.290229	1.791759	6.395262
PLD1	0	6	False	False	0.190312	1.791759	6.966024
PLEKHA3	0	1	False	False	-0.290229	0.0	5.703782
PLEKHA5	0	1	False	False	-0.610589	0.0	5.420535
PLEKHA7	0	3	False	False	0.699976	1.098612	7.012115
PLEKHG5	1	4	False	True	0.612605	1.386294	6.911747
PLEKHM1	0	1	False	False	0.598043	0.0	6.938284
PLG	0	9	False	False	-0.071801	2.197225	6.680855
PLN	0	3	True	False	-0.85814	1.098612	2.772589
PLOD1	0	6	False	False	-0.392162	1.791759	6.583409
PLOD2	0	7	False	False	-0.654275	1.94591	6.161207
PLOD3	0	2	False	False	-0.319352	0.693147	6.598509
PLP1	6	81	True	True	-0.668836	4.394449	5.533389
PLPBP	0	5	False	True	-0.596027	1.609438	5.533389
PLS1	0	2	False	False	-0.217419	0.693147	6.378426
PLS3	0	4	False	False	-0.406723	1.386294	6.381816
PLVAP	0	1	False	False	-0.435847	0.0	6.089045
PLXNA1	0	4	False	True	1.369821	1.386294	7.547502
PLXNA2	0	1	False	False	1.530001	0.0	7.546446
PLXNB2	0	3	False	False	0.918404	1.098612	7.486613
PLXND1	0	4	False	False	1.165955	1.386294	7.561642
PMM1	0	1	False	False	-0.683398	0.0	5.488938
PMM2	8	97	False	True	-0.741646	4.574711	5.505332
PMP2	0	6	True	True	-0.770769	1.791759	4.51086
PMP22	3	33	False	True	-0.625151	3.496508	5.003946
PMPCA	0	6	False	True	-0.363038	1.791759	6.238325
PMPCB	0	4	False	False	-0.406723	1.386294	6.177944
PMS1	0	2	False	False	0.379616	0.693147	6.794587
PMS2	1	34	False	True	0.365054	3.526361	6.756932
PMVK	0	1	False	False	-0.727084	0.0	5.247024
PNKD	0	3	True	True	-0.53778	1.098612	5.950643
PNKP	0	9	False	True	-0.479533	2.197225	6.251904
PNLIP	0	1	False	False	-0.392162	0.0	6.109248
PNP	0	10	False	False	-0.69796	2.302585	5.666427
PNPLA1	4	27	False	False	-0.028116	3.295837	6.261492
PNPLA2	0	6	False	False	-0.3776	1.791759	6.192362
PNPLA8	0	1	False	False	0.146626	0.0	6.659294
PNPO	0	14	False	True	-0.654275	2.639057	5.484797
PNPT1	2	14	False	True	-0.028116	2.639057	6.661855
POC1A	0	7	False	False	-0.275667	1.94591	5.934894
POC1B	0	3	False	True	-0.246543	1.098612	6.169611
POC5	0	1	False	False	0.204874	0.0	6.345636
POGLUT1	0	3	False	True	-0.479533	1.098612	5.916202
POGZ	0	14	False	True	0.918404	2.639057	7.241366
POLA2	0	1	False	False	0.030132	0.0	6.376727
POLD1	2	5	False	True	0.073817	1.609438	6.978214
POLD3	0	1	False	False	-0.188296	0.0	6.126869
POLE	1	12	False	True	1.413506	2.484907	7.726654
POLG	9	115	False	True	0.204874	4.744932	7.118826
POLG2	0	2	False	True	-0.333914	0.693147	6.175867
POLH	0	2	False	False	0.248559	0.693147	6.559615
POLK	0	15	False	False	0.33593	2.70805	6.74876
POLR1A	0	4	False	True	0.685414	1.386294	7.436617
POLR1B	1	4	False	False	0.161188	1.386294	7.013016
POLR1C	0	17	False	True	-0.668836	2.833213	5.777652
POLR1D	0	3	False	False	-0.770769	1.098612	4.875197
POLR2B	0	1	False	False	0.088379	0.0	7.06732
POLR2C	0	2	False	False	-0.596027	0.693147	5.594711
POLR3A	3	22	False	True	0.233997	3.091042	7.203406
POLR3B	3	29	False	True	0.044694	3.367296	7.029088
POLR3K	0	2	False	True	-0.843578	0.693147	4.454347
POLRMT	1	7	False	False	0.161188	1.94591	7.114769
POMC	0	1	False	False	-0.552342	0.0	5.505332
POMGNT1	2	32	True	True	-0.275667	3.465736	6.458338
POMGNT2	0	4	True	True	-0.566904	1.386294	6.224558
POMK	0	1	False	True	-0.508656	0.0	5.840642
POMT1	1	18	False	True	-0.654275	2.890372	5.288267
POMT2	0	18	False	True	-0.115487	2.890372	6.616065
POP1	0	5	False	False	0.292245	1.609438	6.919684
POPDC1	0	1	False	True	-0.435847	0.0	5.857933
POPDC3	0	4	True	True	-0.523218	1.386294	5.652489
POR	0	15	False	False	-0.231981	2.70805	6.517671
PORCN	0	15	True	False	-0.392162	2.70805	6.100319
POT1	0	10	False	False	-0.100925	2.302585	6.411818
POU1F1	1	13	False	True	-0.523218	2.564949	5.648974
POU3F2	0	1	True	False	-0.3776	0.0	6.061457
POU3F3	1	18	True	True	-0.333914	2.890372	6.2106
POU3F4	2	29	True	False	-0.319352	3.367296	5.877736
POU4F1	0	1	False	False	-0.392162	0.0	6.030685
POU4F3	2	18	False	False	-0.3776	2.890372	5.814131
PPA2	1	14	False	False	-0.610589	2.639057	5.774552
PPCS	0	3	False	False	-0.566904	1.098612	5.70711
PPFIA3	0	11	True	True	0.656291	2.397895	7.084226
PPIB	0	6	False	False	-0.756207	1.791759	5.241747
PPIL1	0	6	False	True	-0.799893	1.791759	5.105945
PPM1D	0	1	False	False	-0.115487	0.0	6.35437
PPM1K	0	1	True	False	-0.435847	0.0	5.908083
PPOX	0	19	False	False	-0.231981	2.944439	6.167516
PPP1CB	1	14	False	True	-0.668836	2.639057	5.739793
PPP1R12A	0	4	False	False	0.860156	1.386294	6.936343
PPP1R13L	0	1	False	False	0.263121	0.0	6.716595
PPP1R21	0	2	False	True	0.190312	0.693147	6.658011
PPP2CA	1	17	False	True	-0.668836	2.833213	5.652489
PPP2R1A	2	21	True	True	-0.319352	3.044522	6.375025
PPP2R1B	0	1	False	False	-0.3776	0.0	6.390241
PPP2R3C	0	4	False	False	-0.552342	1.386294	6.102559
PPP2R5D	1	20	False	True	-0.30479	2.995732	6.393591
PPP3CA	4	21	True	True	-0.3776	3.044522	6.249975
PPT1	1	44	False	True	-0.596027	3.78419	5.680173
PPTC7	0	1	False	False	-0.552342	0.0	5.693732
PQBP1	1	6	False	True	-0.566904	1.791759	5.556828
PRB3	0	1	False	False	-0.625151	0.0	5.605802
PRCD	1	2	True	True	-0.799893	0.693147	3.828641
PRDM12	1	7	False	True	-0.479533	1.94591	5.811141
PRDM15	0	1	False	True	0.306807	0.0	7.038784
PRDM16	0	1	False	False	0.758223	0.0	7.144407
PRDM5	0	2	False	False	-0.173734	0.693147	6.44572
PRDM6	0	3	False	False	-0.086363	1.098612	6.381816
PRDM8	1	1	True	True	0.161188	0.0	6.532334
PRDM9	0	2	False	False	0.102941	0.693147	6.77308
PRDX3	1	3	False	True	-0.53778	1.098612	5.509388
PREX2	0	1	True	False	0.991213	0.0	7.37086
PRF1	6	54	False	True	-0.333914	3.988984	6.311735
PRICKLE1	0	2	False	True	0.481549	0.693147	6.72263
PRICKLE2	0	2	False	False	0.510672	0.693147	6.738152
PRIM1	0	1	False	False	-0.450409	0.0	6.025866
PRKACA	0	2	True	False	-0.639713	0.693147	5.855072
PRKAG2	3	24	False	False	0.102941	3.178054	6.306275
PRKAR1A	0	13	False	False	-0.494094	2.564949	5.940171
PRKAR1B	0	4	True	True	-0.508656	1.386294	5.934894
PRKCB	0	1	False	False	-0.392162	0.0	6.336826
PRKCD	0	2	False	False	-0.348476	0.693147	6.498282
PRKCE	0	2	True	False	-0.3776	0.693147	6.591674
PRKCG	5	45	True	True	-0.333914	3.806662	6.536692
PRKCSH	1	3	False	False	-0.639713	1.098612	5.736572
PRKD1	0	6	False	False	0.263121	1.791759	6.813445
PRKDC	0	2	False	False	3.874456	0.693147	8.318498
PRKG2	0	2	False	False	-0.246543	0.693147	6.628041
PRKN	1	19	True	True	-0.450409	2.944439	6.008813
PRKRA	0	3	False	True	-0.494094	1.098612	5.690359
PRLR	0	3	False	True	-0.173734	1.098612	6.429719
PRMT7	0	8	False	True	-0.217419	2.079442	6.505784
PRMT9	0	1	False	False	0.073817	0.0	6.733402
PRNP	1	19	True	True	-0.668836	2.944439	5.501258
PROC	4	67	False	True	-0.363038	4.204693	6.126869
PRODH	0	3	True	False	-0.435847	1.098612	6.345636
PROK2	0	4	False	False	-0.785331	1.386294	4.779123
PROKR2	0	5	False	False	-0.566904	1.609438	5.891644
PROM1	0	12	True	True	0.102941	2.484907	6.760415
PROP1	7	41	False	True	-0.53778	3.713572	5.411646
PRORP	1	5	False	False	-0.246543	1.609438	6.34388
PROS1	0	41	False	False	-0.086363	3.713572	6.516193
PRPF19	0	1	False	False	-0.217419	0.0	6.22059
PRPF3	1	8	False	True	-0.319352	2.079442	6.523562
PRPF31	2	11	False	True	-0.275667	2.397895	6.2106
PRPF6	0	1	False	True	-0.246543	0.0	6.820016
PRPF8	4	32	False	True	0.685414	3.465736	7.752335
PRPH2	6	128	True	True	-0.464971	4.85203	5.774552
PRPS1	2	39	False	True	-0.53778	3.663562	5.749393
PRR12	0	2	False	True	1.777552	0.693147	7.617268
PRRT2	1	19	True	True	-0.406723	2.944439	5.802118
PRRX1	0	3	False	False	-0.566904	1.098612	5.459586
PRSS1	0	10	False	False	-0.596027	2.302585	5.509388
PRSS56	1	11	True	False	-0.406723	2.397895	6.309918
PRUNE1	1	9	False	True	-0.363038	2.197225	6.111467
PRX	0	1	False	False	0.219436	0.0	7.27448
PSAP	1	19	False	True	-0.435847	2.944439	6.214608
PSAT1	0	4	True	True	-0.494094	1.386294	5.840642
PSEN1	10	132	False	True	-0.392162	4.882802	6.082219
PSEN2	0	7	False	True	-0.464971	1.94591	6.09357
PSENEN	0	1	False	False	-0.814455	0.0	4.532599
PSKH1	0	4	False	False	-0.392162	1.386294	5.998937
PSMB1	0	1	False	True	-0.596027	0.0	5.46806
PSMB10	0	4	False	False	-0.683398	1.386294	5.472271
PSMB8	0	4	False	False	-0.494094	1.386294	5.57973
PSMB9	0	1	False	False	-0.683398	0.0	5.241747
PSMC1	0	1	False	True	-0.581465	0.0	6.045005
PSMC3	0	10	False	True	-0.654275	2.302585	5.929589
PSMC3IP	0	1	False	False	-0.741646	0.0	5.267858
PSMC5	0	4	False	True	-0.596027	1.386294	5.991465
PSMD11	0	1	False	False	-0.435847	0.0	6.023448
PSMF1	0	1	False	True	-0.654275	0.0	5.529429
PSPH	0	2	False	False	-0.727084	0.693147	5.043425
PSTPIP1	0	4	False	False	-0.464971	1.386294	6.018593
PTBP1	0	8	False	False	-0.173734	2.079442	6.318968
PTBP2	0	2	False	False	-0.363038	0.693147	6.270988
PTCD3	0	1	False	False	-0.057239	0.0	6.530878
PTCH1	0	1	False	False	0.641729	0.0	7.276556
PTCHD1	0	4	False	True	0.190312	1.386294	6.777647
PTDSS1	0	8	False	False	-0.450409	2.079442	6.139885
PTEN	15	254	False	True	-0.566904	5.537334	5.953243
PTF1A	1	1	False	True	-0.479533	0.0	5.793014
PTGER2	0	1	False	False	-0.333914	0.0	5.866468
PTGIS	0	1	False	True	-0.450409	0.0	6.171701
PTH	0	4	False	False	-0.756207	1.386294	4.736198
PTH1R	1	14	True	False	-0.30479	2.639057	6.356108
PTH2R	0	1	True	True	-0.30479	0.0	6.282267
PTHLH	0	7	False	False	-0.610589	1.94591	5.159055
PTPA	1	2	False	True	-0.843578	0.693147	3.73767
PTPMT1	0	1	False	True	-0.741646	0.0	5.293305
PTPN1	0	1	False	False	-0.406723	0.0	6.070738
PTPN11	8	121	False	True	-0.3776	4.795791	6.381816
PTPN12	0	1	False	False	0.161188	0.0	6.65544
PTPN14	0	1	False	False	0.539796	0.0	7.076654
PTPN23	1	3	False	True	0.874718	1.098612	7.393263
PTPN4	0	1	False	True	0.146626	0.0	6.827629
PTPRC	0	1	False	False	0.627167	0.0	7.174724
PTPRJ	0	1	False	False	0.932966	0.0	7.173958
PTPRS	0	1	True	False	0.918404	0.0	7.571474
PTPRT	0	1	True	False	0.539796	0.0	7.272398
PTPRU	0	2	True	False	-0.173734	0.693147	6.609349
PTRH2	0	2	False	True	-0.69796	0.693147	5.043425
PTRHD1	0	3	False	True	-0.843578	1.098612	3.713572
PTS	3	46	False	False	-0.770769	3.828641	4.65396
PUF60	0	21	False	True	-0.3776	3.044522	6.324359
PUM1	0	5	False	True	0.699976	1.609438	6.831954
PURA	1	59	False	True	-0.596027	4.077537	5.616771
PUS1	0	5	False	False	-0.494094	1.609438	6.040255
PUS3	0	2	False	True	-0.581465	0.693147	6.171701
PUS7	0	5	False	False	-0.275667	1.609438	6.473891
PXDN	0	4	False	False	0.510672	1.386294	7.25982
PYCR1	0	14	False	False	-0.523218	2.639057	5.743003
PYCR2	0	11	False	True	-0.508656	2.397895	5.743003
PYGL	2	16	False	False	-0.3776	2.772589	6.734592
PYGM	3	48	True	False	-0.450409	3.871201	6.72263
PYROXD1	0	4	False	False	-0.479533	1.386294	6.180017
QARS1	0	6	False	True	-0.406723	1.791759	6.626718
QDPR	1	27	True	False	-0.610589	3.295837	5.420535
QRICH1	1	11	False	False	-0.086363	2.397895	6.650279
QRSL1	0	2	False	False	-0.202858	0.693147	6.263398
RAB11A	0	2	False	False	-0.654275	0.693147	5.257495
RAB11B	0	6	False	True	-0.668836	1.791759	5.293305
RAB18	0	3	False	True	-0.741646	1.098612	5.31812
RAB23	0	1	False	False	-0.625151	0.0	5.459586
RAB27A	1	18	False	False	-0.668836	2.890372	5.351858
RAB28	0	2	False	True	-0.479533	0.693147	5.375278
RAB33B	0	2	False	False	-0.610589	0.693147	5.337538
RAB34	0	3	False	False	-0.668836	1.098612	5.525453
RAB39B	1	4	True	True	-0.712522	1.386294	5.332719
RAB3A	0	1	True	False	-0.625151	0.0	5.337538
RAB3GAP1	0	3	False	True	0.146626	1.098612	6.886532
RAB3GAP2	1	5	False	True	0.7291	1.609438	7.238497
RAB5C	0	1	False	False	-0.712522	0.0	5.370638
RAB7A	0	4	False	True	-0.712522	1.386294	5.327876
RAC1	1	26	False	True	-0.785331	3.258097	5.062595
RAC2	3	6	False	False	-0.727084	1.791759	5.247024
RAC3	0	8	True	True	-0.770769	2.079442	5.062595
RACGAP1	0	3	False	False	-0.071801	1.098612	6.44254
RAD21	0	11	False	False	-0.392162	2.397895	6.426488
RAD50	0	5	False	False	0.292245	1.609438	7.174724
RAD51	0	9	False	True	-0.654275	2.197225	5.758902
RAD51C	0	17	False	False	-0.552342	2.833213	5.910797
RAD51D	0	1	False	False	-0.552342	0.0	5.768321
RAD54B	0	1	False	False	0.204874	0.0	6.799056
RAD54L	1	7	False	True	0.088379	1.94591	6.605298
RAD54L2	0	1	False	False	1.078584	0.0	7.280008
RAF1	7	50	False	True	0.073817	3.912023	6.464588
RAG1	1	66	False	False	0.379616	4.189655	6.946976
RAG2	5	67	False	False	-0.275667	4.204693	6.253829
RAI1	0	7	False	True	2.272654	1.94591	7.547502
RALA	0	12	False	True	-0.712522	2.484907	5.267858
RALGAPA1	0	1	False	True	-0.028116	0.0	6.60665
RALGAPB	0	1	False	True	1.20964	0.0	7.309212
RANBP2	0	4	False	True	3.816209	1.386294	8.074338
RAP1B	0	5	False	False	-0.741646	1.609438	5.192957
RAPSN	2	19	True	True	-0.450409	2.944439	6.006353
RARS1	1	9	False	True	-0.421285	2.197225	6.419995
RARS2	0	26	False	True	-0.290229	3.258097	6.329721
RASA1	0	6	False	False	0.117503	1.791759	6.920672
RASA2	0	1	False	False	-0.071801	0.0	6.453625
RASA3	0	1	False	False	0.102941	0.0	6.725034
RASGRP1	0	1	False	False	0.132065	0.0	6.680855
RASGRP2	0	10	False	False	-0.100925	2.302585	6.375025
RAX	0	2	True	False	-0.464971	0.693147	5.780744
RAX2	0	4	True	True	-0.770769	1.386294	5.105945
RB1	1	40	False	True	0.263121	3.688879	6.827629
RBBP5	0	1	False	False	-0.217419	0.0	6.282267
RBBP8	0	1	False	False	0.437863	0.0	6.790097
RBCK1	0	1	False	False	-0.581465	0.0	6.224558
RBFOX1	0	2	True	True	-0.552342	0.693147	5.953243
RBM10	0	4	False	False	0.481549	1.386294	6.816736
RBM20	1	13	True	False	0.787347	2.564949	7.103322
RBM28	0	2	False	False	-0.217419	0.693147	6.632002
RBM48	0	1	False	False	-0.494094	0.0	5.880533
RBM5	0	1	False	False	0.277683	0.0	6.682109
RBMX	0	3	False	True	0.030132	1.098612	5.963579
RBP3	0	4	True	True	0.452425	1.386294	7.122867
RBP4	0	7	True	False	-0.712522	1.94591	5.278115
RBSN	0	3	False	True	0.146626	1.098612	6.58755
RCBTB1	0	4	True	True	-0.392162	1.386294	6.261492
RCC1	0	5	False	True	-0.333914	1.609438	6.042633
RCHY1	0	1	False	False	-0.756207	0.0	5.549076
RDH12	7	59	True	True	-0.523218	4.077537	5.726848
RDH5	0	14	False	True	-0.625151	2.639057	5.703782
RDX	0	1	True	False	-0.683398	0.0	6.278521
REC114	0	1	False	False	-0.610589	0.0	5.42495
RECQL4	1	7	False	False	0.306807	1.94591	7.082549
REEP1	1	14	False	True	-0.610589	2.639057	5.247024
REEP2	0	3	True	True	-0.741646	1.098612	4.736198
REEP6	0	3	False	True	-0.610589	1.098612	5.313206
RELA	0	1	False	True	-0.275667	0.0	6.311735
RELN	1	10	True	True	3.772523	2.302585	8.147578
RELT	0	4	False	False	-0.450409	1.386294	6.054439
REN	1	8	False	False	-0.348476	2.079442	5.880533
REPS1	0	1	False	True	0.539796	0.0	6.677083
RERE	2	21	False	True	1.267888	3.044522	7.349874
REST	0	1	False	False	0.481549	0.0	6.981006
RET	1	65	False	False	0.452425	4.174387	7.015712
REV3L	0	1	False	False	4.151131	0.0	8.044947
RFC4	0	2	False	True	-0.494094	0.693147	5.886104
RFT1	0	9	False	False	-0.348476	2.197225	6.184149
RFWD3	0	1	False	False	0.350492	0.0	6.630683
RFX3	0	1	False	False	0.161188	0.0	6.60665
RFX5	0	1	False	False	-0.115487	0.0	6.405228
RFX6	0	4	False	False	0.583481	1.386294	6.81564
RFX7	0	2	False	True	2.127036	0.693147	7.279319
RFXANK	0	2	False	False	-0.625151	0.693147	5.529429
RGS9	0	1	True	True	-0.042677	0.0	6.511745
RHAG	0	9	False	False	-0.508656	2.197225	5.991465
RHBDF2	0	1	False	False	-0.756207	0.0	3.332205
RHEB	0	5	False	True	-0.610589	1.609438	5.204007
RHO	15	132	True	True	-0.639713	4.882802	5.83773
RHOA	0	4	False	False	-0.785331	1.386294	5.236442
RHOBTB2	0	13	False	True	-0.057239	2.564949	6.584791
RIC1	0	1	False	False	1.107708	0.0	7.260523
RICTOR	0	1	False	False	1.60281	0.0	7.443078
RIGI	0	5	False	False	-0.130048	1.609438	6.828712
RINT1	0	1	False	False	0.001008	0.0	6.626718
RIPK1	0	6	False	False	-0.057239	1.791759	6.505784
RIPK4	0	4	False	False	-0.712522	1.386294	5.545177
RIT1	0	31	False	True	-0.654275	3.433987	5.379897
RLBP1	0	10	True	True	-0.668836	2.302585	5.659482
RLIM	0	12	False	True	0.816471	2.484907	6.43294
RMND1	2	11	False	False	-0.421285	2.397895	5.976351
RMP64	0	1	False	False	-0.290229	0.0	6.308098
RNASEH1	0	3	False	True	-0.639713	1.098612	5.648974
RNASEH2A	0	9	False	True	-0.552342	2.197225	5.697093
RNASEH2B	0	8	False	True	-0.566904	2.079442	5.690359
RNASEH2C	0	3	False	True	-0.785331	1.098612	5.023881
RNASEL	1	3	False	False	-0.231981	1.098612	6.603944
RNASET2	0	1	False	True	-0.727084	0.0	5.459586
RNF113A	0	1	False	False	-0.581465	0.0	5.796058
RNF125	0	2	False	False	-0.596027	0.693147	5.433722
RNF13	0	2	False	True	-0.450409	0.693147	5.863631
RNF170	0	2	False	True	-0.69796	0.693147	5.501258
RNF2	0	1	False	False	-0.406723	0.0	5.752573
RNF213	3	18	False	True	4.689919	2.890372	8.554874
RNF216	0	5	False	True	-0.843578	1.609438	3.637586
RNF220	0	2	True	True	-0.071801	0.693147	6.267201
RNF31	0	3	False	False	0.088379	1.098612	6.971669
RNF6	0	3	False	False	0.248559	1.098612	6.520621
RNPC3	1	4	False	True	-0.363038	1.386294	6.22059
ROBO1	0	2	False	False	1.384382	0.693147	7.409136
ROBO3	0	17	False	False	1.253326	2.833213	7.225481
ROBO4	0	6	False	False	0.874718	1.791759	6.914731
ROR2	3	15	False	False	0.161188	2.70805	6.823286
RORA	1	9	False	False	-0.188296	2.197225	6.240276
RORC	0	2	False	False	-0.217419	0.693147	6.248043
ROS1	0	2	False	False	-0.814455	0.693147	4.189655
RP1	1	9	True	True	2.709509	2.197225	7.673223
RP1L1	1	6	True	True	2.855128	1.791759	7.774856
RP2	1	18	False	True	-0.53778	2.890372	5.826
RPA1	0	2	False	False	-0.100925	0.693147	6.418365
RPE65	10	125	True	True	-0.479533	4.828314	6.278521
RPGR	1	54	False	True	-0.202858	3.988984	6.335054
RPGRIP1	1	13	True	True	0.627167	2.564949	7.159292
RPGRIP1L	0	10	False	True	0.394178	2.302585	7.173192
RPH3A	0	1	True	False	-0.100925	0.0	6.54103
RPIA	0	4	False	True	-0.581465	1.386294	5.710427
RPL10	0	9	False	True	-0.741646	2.197225	5.365976
RPL10L	0	1	False	False	-0.741646	0.0	5.365976
RPL13	1	4	False	False	-0.727084	1.386294	5.198497
RPL15	0	3	False	False	-0.756207	1.098612	5.231109
RPL18	0	1	False	False	-0.712522	0.0	5.209486
RPL21	0	1	False	False	-0.829017	0.0	4.644391
RPL35	0	1	False	False	-0.829017	0.0	3.970292
RPL35A	0	3	False	False	-0.814455	1.098612	4.682131
RPL3L	0	7	True	False	-0.596027	1.94591	6.001415
RPL5	0	6	False	False	-0.741646	1.791759	5.693732
RPS10	0	2	False	False	-0.814455	0.693147	4.983607
RPS17	0	2	False	False	-0.814455	0.693147	4.744932
RPS19	0	21	False	False	-0.785331	3.044522	4.584967
RPS20	0	2	False	False	-0.785331	0.693147	4.65396
RPS23	0	2	False	False	-0.814455	0.693147	4.962845
RPS24	0	4	False	False	-0.85814	1.386294	4.634729
RPS26	0	7	False	False	-0.814455	1.94591	4.477337
RPS29	0	3	False	False	-0.829017	1.098612	3.218876
RPS6KA3	0	41	False	True	-0.231981	3.713572	6.602588
RPS6KC1	0	3	False	True	0.932966	1.098612	6.958448
RPS7	0	1	False	False	-0.69796	0.0	5.159055
RPSA	1	6	False	False	-0.683398	1.791759	5.686975
RRAGC	2	4	False	False	-0.3776	1.386294	5.953243
RRAGD	0	8	True	False	-0.479533	2.079442	5.932245
RRAS2	0	8	False	True	-0.770769	2.079442	5.225747
RRM1	0	2	False	True	-0.173734	0.693147	6.674561
RRM2B	0	13	False	True	-0.552342	2.564949	5.796058
RRP12	0	2	False	True	0.539796	0.693147	7.157735
RRP7A	0	1	False	True	-0.581465	0.0	5.517453
RS1	13	149	True	True	-0.610589	5.003946	5.398163
RSPH1	0	3	True	False	-0.741646	1.098612	5.720312
RSPH4A	0	2	False	False	-0.013554	0.693147	6.558198
RSPH9	0	3	False	False	-0.552342	1.098612	5.484797
RSPO2	0	1	False	False	-0.654275	0.0	5.451038
RSPO4	0	6	True	False	-0.741646	1.791759	5.303305
RSPRY1	0	1	False	False	-0.202858	0.0	6.356108
RSRC1	0	1	False	True	-0.042677	0.0	5.802118
RSRC2	0	1	False	False	0.030132	0.0	6.056784
RTEL1	0	13	False	True	0.49611	2.564949	7.095064
RTN4IP1	0	7	False	True	-0.523218	1.94591	5.921578
RTTN	0	8	False	True	2.214407	2.079442	7.707962
RUNX2	3	40	False	False	0.17575	3.688879	6.246107
RXFP2	0	1	False	False	-0.115487	0.0	6.625392
RXRA	0	1	False	True	-0.231981	0.0	6.056784
RXYLT1	0	3	False	True	-0.494094	1.098612	6.09357
RYR1	26	238	True	True	3.423039	5.472271	8.524764
RYR2	21	232	True	True	4.253064	5.446737	8.504716
RYR3	0	1	True	False	3.932704	0.0	8.484877
S1PR2	0	2	False	False	-0.435847	0.693147	5.83773
SACS	6	53	False	True	4.354997	3.970292	8.423761
SAG	0	1	True	True	-0.479533	0.0	5.916202
SALL1	0	2	True	False	1.981418	0.693147	7.188413
SALL4	0	1	False	False	0.772785	0.0	6.959399
SAMD7	0	2	True	True	-0.3776	0.693147	6.09357
SAMD8	0	1	True	False	-0.508656	0.0	6.003887
SAMD9	3	28	False	False	0.7291	3.332205	7.36328
SAMD9L	1	15	False	True	0.903842	2.70805	7.360104
SAMHD1	0	11	False	True	-0.406723	2.397895	6.423247
SAR1B	0	4	False	False	-0.727084	1.386294	5.187386
SARS1	0	1	False	False	-0.464971	0.0	6.196444
SARS2	1	3	False	False	-0.494094	1.098612	6.249975
SART3	0	7	False	False	-0.071801	1.94591	6.858565
SASH1	1	12	False	False	1.151393	2.484907	7.117206
SASH3	0	1	False	False	-0.290229	0.0	5.926926
SASS6	0	1	False	True	-0.14461	0.0	6.487684
SATB1	1	13	False	False	-0.013554	2.564949	6.620073
SATB2	1	49	False	True	0.088379	3.89182	6.583409
SBDS	0	8	False	False	-0.741646	2.079442	5.451038
SBF1	0	8	False	True	-0.843578	2.079442	4.317488
SBF2	0	1	False	True	1.486315	0.0	7.521318
SC5D	1	5	False	False	-0.625151	1.609438	5.638355
SCAPER	0	1	False	True	0.627167	0.0	7.224025
SCARF2	0	5	False	False	-0.581465	1.609438	6.12905
SCD5	0	1	True	False	-0.566904	0.0	5.796058
SCEL	0	1	False	False	0.030132	0.0	6.522093
SCFD2	0	1	False	False	-0.188296	0.0	6.490724
SCLT1	0	1	False	True	-0.30479	0.0	6.523562
SCN10A	0	1	False	True	1.28245	0.0	7.574558
SCN11A	2	9	False	True	0.976651	2.197225	7.484369
SCN1A	85	1000	True	True	1.267888	6.907755	7.593374
SCN1B	0	9	True	True	-0.683398	2.197225	5.332719
SCN2A	23	394	True	True	3.728838	5.976351	7.602401
SCN3A	2	27	False	True	1.413506	3.295837	7.59589
SCN3B	0	2	True	False	-0.668836	0.693147	5.342334
SCN4A	13	105	True	True	0.714538	4.65396	7.514255
SCN4B	0	2	True	False	-0.668836	0.693147	5.420535
SCN5A	7	117	True	False	2.563891	4.762174	7.607878
SCN8A	25	271	True	True	3.160926	5.602119	7.589842
SCN9A	2	32	False	True	1.544563	3.465736	7.593878
SCNM1	1	1	False	False	-0.610589	0.0	5.389072
SCNN1A	0	4	False	False	0.102941	1.386294	6.495266
SCNN1B	1	13	False	True	-0.231981	2.564949	6.453625
SCO1	0	3	False	False	-0.683398	1.098612	5.70711
SCO2	0	5	False	False	-0.683398	1.609438	5.583496
SCUBE2	0	1	False	False	-0.523218	0.0	6.139885
SCUBE3	0	3	False	False	-0.028116	1.098612	6.89467
SCYL1	0	5	False	True	0.001008	1.609438	6.642487
SDCCAG8	0	2	False	False	-0.130048	0.693147	6.566672
SDHA	1	24	False	True	-0.319352	3.178054	6.496775
SDHAF1	0	5	False	False	-0.785331	1.609438	4.644391
SDHAF2	0	2	False	True	-0.668836	0.693147	4.727388
SDHB	3	76	False	True	-0.654275	4.330733	5.631212
SDHC	2	18	False	True	-0.683398	2.890372	5.09375
SDHD	1	26	False	True	-0.712522	3.258097	4.882802
SDR9C7	0	2	False	False	-0.581465	0.693147	5.743003
SEC23A	1	2	False	False	-0.086363	0.693147	6.637258
SEC23B	1	15	False	False	-0.173734	2.70805	6.639876
SEC24D	0	8	False	False	0.219436	2.079442	6.922644
SEC61A1	1	7	False	False	-0.3776	1.94591	6.152733
SEC63	0	6	False	False	-0.246543	1.791759	6.617403
SEL1L	0	1	False	True	-0.159172	0.0	6.548219
SELENBP1	0	2	False	False	-0.421285	0.693147	6.148468
SEMA3D	0	1	False	False	-0.14461	0.0	6.58755
SEMA4A	0	2	False	True	0.01557	0.693147	6.616065
SEMA6A	0	1	False	False	0.598043	0.0	6.929517
SEMA6B	0	4	True	True	0.044694	1.386294	6.746412
SEMA7A	0	1	False	False	-0.130048	0.0	6.476972
SENP7	0	1	False	False	1.122269	0.0	6.956545
SEPHS1	0	4	False	False	-0.683398	1.386294	5.971262
SEPSECS	0	9	False	True	-0.30479	2.197225	6.216606
SEPTIN9	0	2	False	True	-0.188296	0.693147	6.345636
SERAC1	0	7	False	True	-0.100925	1.94591	6.410175
SERPINA1	2	26	False	False	-0.523218	3.258097	6.003887
SERPINA3	0	1	True	False	-0.450409	0.0	6.028279
SERPINA7	0	3	False	False	-0.406723	1.098612	5.996452
SERPINB6	0	1	False	False	-0.479533	0.0	5.926926
SERPINB7	0	1	False	False	-0.3776	0.0	5.934894
SERPINB8	0	1	False	False	-0.552342	0.0	5.921578
SERPINC1	5	68	False	True	-0.3776	4.219508	6.054439
SERPIND1	0	1	False	False	-0.435847	0.0	6.212606
SERPINF1	0	2	False	False	-0.333914	0.693147	5.924256
SERPINF2	0	1	False	False	-0.290229	0.0	6.192362
SERPING1	9	107	False	False	-0.14461	4.672829	6.137727
SERPINH1	1	3	False	False	-0.406723	1.098612	5.988961
SERPINI1	0	5	True	True	-0.464971	1.609438	5.998937
SETBP1	4	21	False	True	1.908608	3.044522	7.372746
SETD1A	0	11	False	True	2.097912	2.397895	7.44132
SETD1B	4	24	False	True	2.025103	3.178054	7.579679
SETD2	0	12	False	True	3.699714	2.484907	7.815611
SETD5	0	26	False	False	2.039665	3.258097	7.273786
SETX	0	21	False	True	2.767757	3.044522	7.890208
SF3B1	0	3	False	False	-0.028116	1.098612	7.151485
SF3B2	0	1	False	False	-0.188296	0.0	6.787845
SF3B4	0	3	False	False	-0.566904	1.098612	5.886104
SFRP4	1	2	False	False	-0.552342	0.693147	5.817111
SFTPA1	0	4	False	False	-0.712522	1.386294	5.484797
SFTPA2	0	5	False	False	-0.712522	1.609438	5.484797
SFTPB	0	4	False	False	-0.596027	1.386294	5.934894
SFTPC	2	16	True	False	-0.741646	2.772589	4.890349
SGCA	6	66	True	True	-0.596027	4.189655	5.932245
SGCB	2	21	True	True	-0.479533	3.044522	5.736572
SGCE	0	12	False	True	-0.523218	2.484907	6.011267
SGCG	0	9	True	True	-0.581465	2.197225	5.63479
SGK2	0	1	False	False	-0.508656	0.0	5.874931
SGMS1	0	2	False	False	-0.581465	0.693147	6.008813
SGMS2	0	2	False	False	-0.494094	0.693147	5.897154
SGO1	0	1	False	False	-0.130048	0.0	6.228511
SGPL1	0	6	False	False	-0.246543	1.791759	6.335054
SGSH	9	65	False	True	-0.406723	4.174387	6.198479
SH2B3	0	1	False	False	-0.013554	0.0	6.33328
SH2D1A	0	12	False	False	-0.727084	2.484907	4.70048
SH3BP2	2	9	False	False	-0.086363	2.197225	6.306275
SH3PXD2B	0	1	False	False	0.17575	0.0	6.806829
SH3TC2	0	13	True	True	0.801909	2.564949	7.156177
SHANK1	0	1	True	False	2.534767	0.0	7.662468
SHANK2	0	2	True	False	1.76299	0.693147	7.503841
SHH	7	55	False	True	-0.406723	4.007333	6.135565
SHMT2	0	3	False	True	-0.450409	1.098612	6.171701
SHOC2	0	4	False	False	-0.071801	1.386294	6.338594
SHOX	2	19	False	False	-0.596027	2.944439	5.616771
SHQ1	0	1	False	True	-0.130048	0.0	6.335054
SHROOM2	0	1	True	False	1.690181	0.0	7.383368
SI	0	7	False	False	0.641729	1.94591	7.510431
SIAH1	1	12	False	True	-0.596027	2.484907	5.63479
SIGMAR1	0	5	False	True	-0.712522	1.609438	5.32301
SIK1	1	2	False	True	0.088379	0.693147	6.652863
SIK3	0	2	False	False	-0.508656	0.693147	6.383507
SIL1	0	1	False	True	-0.508656	0.0	6.120297
SIM1	0	1	False	False	0.466987	0.0	6.641182
SIM2	0	1	False	False	0.030132	0.0	6.49224
SIN3A	0	7	False	True	0.452425	1.94591	7.137278
SIRT6	0	2	False	False	-0.581465	0.693147	5.872118
SIX1	1	17	True	False	-0.464971	2.833213	5.648974
SIX2	0	1	True	False	-0.450409	0.0	5.673323
SIX3	1	10	True	True	-0.435847	2.302585	5.793014
SIX5	0	1	False	False	-0.115487	0.0	6.593045
SIX6	1	3	False	True	-0.639713	1.098612	5.488938
SKI	2	25	False	True	0.088379	3.218876	6.579251
SKIC2	0	2	False	False	0.292245	0.693147	7.124478
SKIC3	0	2	False	False	0.539796	0.693147	7.354362
SKOR2	0	1	False	False	0.379616	0.0	6.922644
SLC10A7	0	3	False	False	-0.421285	1.098612	5.793014
SLC11A2	0	4	False	False	-0.290229	1.386294	6.244167
SLC12A1	4	19	False	False	0.219436	2.944439	7.002156
SLC12A2	0	5	False	True	0.379616	1.609438	7.100027
SLC12A3	12	158	False	False	0.17575	5.062595	6.905753
SLC12A6	0	8	False	True	0.437863	2.079442	7.047517
SLC13A1	0	2	False	False	-0.275667	0.693147	6.380123
SLC13A3	1	3	True	False	-0.3776	1.098612	6.369901
SLC13A5	1	11	True	True	-0.450409	2.397895	6.212606
SLC14A1	0	1	True	False	-0.435847	0.0	5.958425
SLC16A1	0	2	False	False	-0.333914	0.693147	6.2106
SLC16A12	0	1	False	False	-0.246543	0.0	6.242223
SLC16A2	5	32	False	True	-0.333914	3.465736	6.276643
SLC17A5	0	14	False	False	-0.333914	2.639057	6.100319
SLC17A8	1	2	False	False	-0.246543	0.693147	6.378426
SLC17A9	0	1	False	False	-0.231981	0.0	6.066108
SLC18A2	0	4	False	True	-0.275667	1.386294	6.240276
SLC18A3	0	1	False	True	-0.3776	0.0	6.276643
SLC19A1	0	1	False	False	-0.115487	0.0	6.368187
SLC19A2	1	11	False	False	-0.319352	2.397895	6.20859
SLC19A3	1	20	False	True	-0.14461	2.995732	6.200509
SLC1A1	0	1	False	False	-0.406723	0.0	6.257668
SLC1A2	0	8	True	True	-0.406723	2.079442	6.335054
SLC1A3	0	2	True	True	-0.53778	0.693147	6.287859
SLC1A4	1	8	True	False	-0.333914	2.079442	6.272877
SLC20A2	2	16	True	True	-0.115487	2.772589	6.45677
SLC22A12	0	10	False	False	-0.348476	2.302585	6.309918
SLC22A5	12	103	False	False	-0.261105	4.634729	6.317165
SLC24A1	0	1	True	False	0.656291	0.0	7.001246
SLC24A4	0	2	True	False	-0.348476	0.693147	6.400257
SLC24A5	1	3	False	False	-0.261105	1.098612	6.177944
SLC25A1	0	9	False	True	-0.712522	2.197225	5.455321
SLC25A11	1	3	True	True	-0.639713	1.098612	5.746203
SLC25A12	0	4	True	True	-0.319352	1.386294	6.498282
SLC25A13	1	17	False	False	-0.363038	2.833213	6.504288
SLC25A15	1	16	False	False	-0.552342	2.772589	5.669881
SLC25A16	0	1	False	False	-0.69796	0.0	5.749393
SLC25A19	1	13	False	True	-0.566904	2.564949	5.762051
SLC25A20	0	9	False	False	-0.69796	2.197225	5.575949
SLC25A21	0	1	False	False	-0.668836	0.0	5.680173
SLC25A22	0	4	True	True	-0.639713	1.386294	5.746203
SLC25A24	0	3	False	False	-0.53778	1.098612	6.133398
SLC25A26	0	4	False	False	-0.508656	1.386294	5.609472
SLC25A3	0	1	False	False	-0.464971	0.0	5.866468
SLC25A38	1	16	False	False	-0.53778	2.772589	5.717028
SLC25A4	1	12	True	True	-0.683398	2.484907	5.620401
SLC25A42	0	1	True	False	-0.494094	0.0	5.762051
SLC25A46	0	10	False	True	-0.435847	2.302585	6.018593
SLC26A1	0	1	False	False	-0.173734	0.0	6.520621
SLC26A2	1	33	False	False	0.088379	3.496508	6.603944
SLC26A3	0	22	False	False	-0.100925	3.091042	6.598509
SLC26A4	16	232	False	False	-0.057239	5.446737	6.659294
SLC26A5	0	2	False	False	-0.217419	0.693147	6.591674
SLC26A7	1	1	False	False	-0.100925	0.0	6.483107
SLC26A8	0	2	False	False	0.685414	0.693147	6.873164
SLC27A4	0	11	False	False	-0.3776	2.397895	6.452049
SLC29A1	0	1	False	False	-0.319352	0.0	6.107023
SLC29A3	0	9	False	False	-0.115487	2.197225	6.148468
SLC2A1	4	121	False	True	-0.3776	4.795791	6.194405
SLC2A10	2	16	False	False	-0.14461	2.772589	6.293419
SLC2A2	0	11	False	False	-0.261105	2.397895	6.224558
SLC2A9	0	6	False	False	-0.348476	1.791759	6.270988
SLC30A10	0	2	False	True	-0.363038	0.693147	6.150603
SLC30A2	0	2	False	False	-0.494094	0.693147	5.916202
SLC31A1	0	2	False	True	-0.625151	0.693147	5.170484
SLC32A1	0	6	True	True	-0.392162	1.791759	6.23637
SLC33A1	0	2	False	True	-0.319352	0.693147	6.295266
SLC34A1	0	8	False	False	-0.100925	2.079442	6.437752
SLC34A2	0	1	False	False	-0.159172	0.0	6.526495
SLC34A3	2	15	False	False	-0.115487	2.70805	6.390241
SLC35A1	0	4	False	False	-0.523218	1.386294	5.799093
SLC35A2	0	20	False	False	-0.450409	2.995732	5.981414
SLC35A3	0	1	False	False	-0.479533	0.0	5.690359
SLC35C1	0	4	False	False	-0.464971	1.386294	5.886104
SLC35D1	0	2	False	False	-0.581465	0.693147	5.831882
SLC38A3	0	1	True	True	-0.319352	0.0	6.2106
SLC38A8	0	7	False	True	-0.30479	1.94591	6.054439
SLC39A13	1	1	False	False	-0.508656	0.0	5.905362
SLC39A14	1	7	False	True	0.350492	1.94591	6.186209
SLC39A4	1	10	False	False	-0.042677	2.302585	6.459904
SLC39A5	0	1	False	False	-0.421285	0.0	6.146329
SLC39A7	0	3	False	False	-0.363038	1.098612	6.104793
SLC39A8	0	5	False	True	-0.450409	1.609438	6.008813
SLC3A1	5	42	False	False	-0.115487	3.73767	6.527958
SLC40A1	2	37	False	False	-0.261105	3.610918	6.34388
SLC41A1	0	1	True	False	-0.290229	0.0	6.20859
SLC45A1	0	1	True	True	0.263121	0.0	6.598509
SLC45A2	3	38	False	False	-0.333914	3.637586	6.238325
SLC46A1	2	7	False	False	-0.3776	1.94591	6.126869
SLC4A1	4	41	False	False	-0.042677	3.713572	6.75227
SLC4A10	0	5	True	True	0.33593	1.609438	7.019297
SLC4A11	0	28	False	False	0.001008	3.332205	6.726233
SLC4A2	0	3	False	False	0.321368	1.098612	7.078342
SLC4A3	0	2	True	False	0.510672	0.693147	7.098376
SLC52A2	1	17	False	True	-0.392162	2.833213	6.098074
SLC52A3	2	9	False	True	-0.30479	2.197225	6.12905
SLC5A1	0	14	False	False	-0.261105	2.639057	6.455199
SLC5A2	2	22	False	False	-0.173734	3.091042	6.473891
SLC5A5	0	10	False	False	-0.188296	2.302585	6.437752
SLC5A6	0	3	False	True	-0.028116	1.098612	6.452049
SLC5A7	0	6	False	True	-0.188296	1.791759	6.350886
SLC6A1	4	84	True	True	-0.231981	4.430817	6.386879
SLC6A17	0	2	True	True	-0.071801	0.693147	6.586172
SLC6A19	0	8	False	False	-0.130048	2.079442	6.440947
SLC6A2	0	1	False	True	-0.392162	0.0	6.368187
SLC6A3	0	5	True	True	-0.188296	1.609438	6.37332
SLC6A5	1	16	False	True	-0.071801	2.772589	6.660575
SLC6A6	1	3	False	True	-0.275667	1.098612	6.39693
SLC6A8	2	35	True	True	-0.392162	3.555348	6.45047
SLC7A14	0	4	True	True	0.030132	1.386294	6.645091
SLC7A7	2	15	False	False	-0.261105	2.70805	6.234411
SLC7A8	0	2	False	False	-0.450409	0.693147	6.2186
SLC7A9	2	26	False	False	-0.3776	3.258097	6.144186
SLC9A1	0	2	False	True	-0.013554	0.693147	6.679599
SLC9A3	0	5	False	False	0.073817	1.609438	6.72263
SLC9A7	0	1	True	True	-0.464971	0.0	5.811141
SLCO2A1	1	19	False	False	0.117503	2.944439	6.437752
SLF2	0	1	False	False	1.20964	0.0	7.06732
SLFN11	0	1	False	False	0.059255	0.0	6.787845
SLFN14	0	3	False	False	0.102941	1.098612	6.79794
SLIT1	0	1	True	True	0.598043	0.0	7.32449
SLIT2	0	2	False	False	0.656291	0.693147	7.332369
SLIT3	0	1	False	False	0.758223	0.0	7.328437
SLITRK2	0	4	True	True	-0.013554	1.386294	6.736967
SLITRK5	0	1	True	False	0.292245	0.0	6.862758
SLITRK6	0	1	False	False	0.059255	0.0	6.692084
SLTM	1	1	False	False	0.758223	0.0	6.928538
SLURP1	1	7	False	False	-0.727084	1.94591	4.615121
SMAD2	0	13	False	False	-0.30479	2.564949	6.146329
SMAD3	1	41	False	False	-0.406723	3.713572	6.052089
SMAD4	1	29	False	True	-0.231981	3.367296	6.248043
SMAD6	1	11	False	False	-0.231981	2.397895	6.180017
SMARCA2	12	115	False	True	0.627167	4.744932	7.36834
SMARCA4	1	67	False	True	1.937732	4.204693	7.404888
SMARCA5	0	6	False	True	-0.071801	1.791759	6.938284
SMARCAL1	1	20	False	False	0.583481	2.995732	6.858565
SMARCB1	2	21	False	True	-0.494094	3.044522	5.796058
SMARCC2	0	11	False	True	-0.392162	2.397895	6.289716
SMARCD1	2	6	False	False	-0.494094	1.791759	6.20859
SMARCE1	0	15	False	True	-0.3776	2.70805	5.97381
SMC1A	4	77	False	True	0.001008	4.343805	7.100852
SMC1B	0	1	False	False	0.204874	0.0	7.118016
SMC3	3	53	False	True	0.161188	3.970292	7.086738
SMC5	0	1	False	False	0.044694	0.0	7.003974
SMCHD1	1	22	False	True	0.918404	3.091042	7.587817
SMG8	0	1	False	True	0.321368	0.0	6.88551
SMG9	0	3	False	True	-0.188296	1.098612	6.246107
SMN1	0	26	False	True	-0.435847	3.258097	5.676754
SMO	1	9	False	True	-0.130048	2.197225	6.665684
SMOC1	0	5	True	False	-0.406723	1.609438	6.033086
SMPD1	18	143	False	True	-0.275667	4.962845	6.434547
SMPX	1	4	True	True	-0.814455	1.386294	4.356709
SMS	3	27	False	True	-0.596027	3.295837	5.857933
SNAP25	1	18	True	True	-0.741646	2.890372	5.32301
SNAP29	0	2	False	True	-0.581465	0.693147	5.521461
SNAPC4	0	3	False	True	1.195079	1.098612	7.275865
SNAPIN	0	2	False	True	-0.785331	0.693147	4.890349
SNCA	1	5	True	True	-0.829017	1.609438	4.859812
SNCB	0	1	True	True	-0.799893	0.0	4.770685
SNF8	0	3	False	True	-0.756207	1.098612	5.501258
SNRNP200	0	15	False	True	0.874718	2.70805	7.666222
SNRPA	0	2	False	False	-0.712522	0.693147	5.627621
SNRPE	0	2	False	False	-0.814455	0.693147	4.51086
SNUPN	0	1	False	True	-0.392162	0.0	5.857933
SNX10	0	2	False	False	-0.53778	0.693147	5.303305
SNX14	0	1	False	True	-0.042677	0.0	6.850126
SNX27	0	3	False	False	-0.464971	1.098612	6.280396
SOCS1	0	4	False	False	-0.610589	1.386294	5.327876
SOD1	4	116	True	True	-0.741646	4.75359	4.962845
SOHLH1	0	1	True	False	-0.275667	0.0	5.717028
SON	0	3	False	False	4.020075	1.098612	7.781556
SORD	1	4	False	True	-0.596027	1.386294	5.866468
SORL1	0	1	False	False	1.952294	0.0	7.698936
SOS1	1	62	False	False	0.7291	4.127134	7.195187
SOS2	1	11	False	False	0.685414	2.397895	7.181592
SOST	0	2	False	False	-0.770769	0.693147	5.303305
SOX10	3	49	True	False	-0.14461	3.89182	6.139885
SOX11	6	58	False	False	0.001008	4.060443	6.075346
SOX17	0	6	False	False	-0.494094	1.791759	6.001415
SOX18	0	2	False	False	-0.53778	0.693147	5.948035
SOX2	0	19	True	False	-0.363038	2.944439	5.752573
SOX3	1	1	False	True	-0.290229	0.0	6.030685
SOX30	0	1	False	False	0.233997	0.0	6.608001
SOX4	2	13	False	True	0.365054	2.564949	6.148468
SOX5	1	23	False	True	0.088379	3.135494	6.625392
SOX6	1	9	False	True	0.292245	2.197225	6.716595
SOX9	5	47	False	False	-0.14461	3.850148	6.202536
SP9	0	2	False	True	0.190312	0.693147	6.182085
SPAG1	0	1	False	False	-0.071801	0.0	6.807935
SPAG17	0	2	False	False	1.661057	0.693147	7.705713
SPARC	0	2	True	False	-0.785331	0.693147	5.513429
SPARCL1	0	1	True	False	-0.130048	0.0	6.428105
SPART	0	1	False	True	-0.173734	0.0	6.452049
SPAST	10	171	False	True	-0.202858	5.141664	6.391917
SPATA7	0	3	False	True	0.204874	1.098612	6.381816
SPECC1	0	1	False	False	0.88928	0.0	6.960348
SPECC1L	0	13	False	False	1.020337	2.564949	6.990257
SPEN	0	1	False	False	4.864661	0.0	8.206038
SPG11	0	9	False	True	2.010541	2.197225	7.775696
SPG21	0	1	False	True	-0.523218	0.0	5.717028
SPG7	1	34	False	True	-0.348476	3.526361	6.539586
SPI1	1	6	False	False	-0.566904	1.791759	5.533389
SPINK1	0	3	False	False	-0.799893	1.098612	4.330733
SPINK5	0	1	False	False	0.030132	0.0	6.967909
SPINT2	0	8	False	False	-0.552342	2.079442	5.472271
SPOCD1	0	1	False	False	0.831033	0.0	7.096721
SPOP	1	10	False	True	-0.392162	2.302585	5.924256
SPOUT1	0	6	False	True	-0.654275	1.791759	5.886104
SPR	0	9	False	True	-0.596027	2.197225	5.529429
SPRED1	1	8	False	True	-0.188296	2.079442	6.018593
SPRED2	0	1	False	False	-0.363038	0.0	5.953243
SPRTN	0	1	False	False	-0.071801	0.0	6.190315
SPRY4	0	1	False	False	-0.435847	0.0	5.680173
SPTA1	1	12	False	False	0.991213	2.484907	7.789455
SPTAN1	1	33	False	True	0.394178	3.496508	7.363914
SPTB	0	15	True	False	0.7291	2.70805	7.652071
SPTBN1	3	21	True	True	1.340697	3.044522	7.765569
SPTBN2	0	24	False	True	0.976651	3.178054	7.776535
SPTBN4	0	2	True	True	1.078584	0.693147	7.847763
SPTLC1	1	12	False	True	-0.494094	2.484907	6.135565
SPTLC2	0	10	False	True	-0.464971	2.302585	6.291569
SPTLC3	0	1	False	True	-0.450409	0.0	6.304449
SPTSSA	0	1	False	True	-0.843578	0.0	3.7612
SQOR	0	1	False	False	-0.523218	0.0	6.109248
SQSTM1	0	5	False	True	-0.173734	1.609438	6.073045
SRC	0	1	False	False	-0.348476	0.0	6.263398
SRCAP	0	5	False	False	3.90358	1.609438	8.077758
SRD5A2	4	46	False	False	-0.683398	3.828641	5.501258
SRD5A3	0	2	False	False	-0.596027	0.693147	5.720312
SREBF1	0	3	False	False	0.816471	1.098612	7.044905
SRGAP1	0	1	False	False	0.510672	0.0	6.986566
SRGAP3	0	1	True	False	0.670852	0.0	6.999422
SRP54	1	6	False	False	-0.479533	1.791759	6.177944
SRPK3	1	2	True	True	-0.057239	0.693147	6.318968
SRPRA	0	1	False	False	-0.261105	0.0	6.437752
SRPX	0	1	False	False	-0.464971	0.0	6.12905
SRPX2	0	1	False	False	-0.3776	0.0	6.109248
SRRM2	0	1	False	False	8.461434	0.0	7.91972
SRSF1	0	5	False	True	-0.479533	1.609438	5.505332
SRSF2	0	2	False	False	-0.188296	0.693147	5.398163
SRY	3	24	False	False	-0.581465	3.178054	5.293305
SSBP1	0	4	False	True	-0.741646	1.386294	4.94876
SSUH2	1	1	False	False	-0.450409	0.0	5.768321
SSX1	0	1	False	False	-0.727084	0.0	5.198497
ST14	0	3	False	False	0.132065	1.098612	6.715383
ST3GAL3	1	4	True	True	-0.508656	1.386294	5.921578
ST3GAL5	0	5	True	True	-0.552342	1.609438	6.018593
STAC2	0	1	True	True	-0.173734	0.0	5.981414
STAC3	0	1	True	True	-0.69796	0.0	5.755742
STAG1	0	16	False	True	0.379616	2.772589	7.131699
STAG2	0	10	False	True	0.277683	2.302585	7.038784
STAG3	0	2	False	False	0.539796	0.693147	7.01661
STAMBP	0	7	False	False	-0.464971	1.94591	6.013715
STAP1	0	1	False	False	-0.625151	0.0	5.652489
STAR	2	22	False	False	-0.596027	3.091042	5.638355
STAT1	6	69	False	False	-0.159172	4.234107	6.613384
STAT2	0	2	False	False	-0.057239	0.693147	6.744059
STAT3	7	90	False	False	-0.14461	4.49981	6.64379
STAT4	0	2	False	False	0.059255	0.693147	6.614726
STAT5B	0	5	False	False	-0.202858	1.609438	6.668228
STAT6	0	6	False	False	0.073817	1.791759	6.740519
STIL	1	4	False	True	0.56892	1.386294	6.75227
STIM1	2	15	False	True	-0.435847	2.70805	6.137727
STING1	0	12	False	False	-0.421285	2.484907	5.937536
STK11	4	40	False	False	-0.53778	3.688879	6.059123
STN1	0	2	False	True	-0.450409	0.693147	5.883322
STRA6	0	8	False	False	-0.130048	2.079442	6.45047
STRADA	0	2	False	True	-0.246543	0.693147	6.021023
STRC	0	7	True	False	0.991213	1.94591	7.47817
STT3A	1	6	False	False	-0.071801	1.791759	6.555357
STT3B	0	1	False	False	-0.013554	0.0	6.71174
STUB1	3	20	True	True	-0.639713	2.995732	5.686975
STX11	0	1	False	False	-0.683398	0.0	5.389072
STX1A	0	3	True	True	-0.508656	1.098612	5.638355
STX1B	0	11	True	True	-0.596027	2.397895	5.638355
STX7	0	1	False	False	-0.566904	0.0	5.533389
STXBP1	6	131	True	True	0.408739	4.875197	6.386879
STXBP2	0	10	False	False	-0.30479	2.302585	6.342121
STXBP3	0	1	False	False	-0.333914	0.0	6.375025
SUCLA2	1	9	True	False	-0.53778	2.197225	6.095825
SUCLG1	1	9	False	False	-0.596027	2.197225	5.793014
SUFU	0	3	False	False	-0.348476	1.098612	6.175867
SULT2B1	0	4	False	False	-0.392162	1.386294	5.899897
SUMF1	0	28	False	True	-0.53778	3.332205	5.883322
SUN5	0	4	False	False	-0.494094	1.386294	5.891644
SUOX	0	14	False	False	-0.348476	2.639057	6.298949
SUPT16H	0	6	False	True	0.132065	1.791759	6.946014
SUPT7L	0	1	False	False	-0.231981	0.0	5.991465
SURF1	0	28	False	True	-0.639713	3.332205	5.655992
SUZ12	0	5	False	False	0.01557	1.609438	6.598509
SVBP	0	1	False	False	-0.843578	0.0	3.258097
SVIL	0	1	False	False	2.112474	0.0	7.668094
SYCE1	0	1	False	False	-0.639713	0.0	5.828946
SYCP2L	0	1	False	False	0.33593	0.0	6.6995
SYK	2	3	False	False	-0.333914	1.098612	6.361302
SYN1	0	3	True	True	-0.013554	1.098612	6.556778
SYNE1	0	5	True	True	9.742876	1.609438	9.080573
SYNE2	0	1	True	False	6.073293	0.0	8.76873
SYNGAP1	2	64	False	True	1.238764	4.158883	7.13966
SYNJ1	0	3	True	True	0.903842	1.098612	7.166266
SYP	0	1	True	True	-0.596027	0.0	5.736572
SYT1	2	17	True	True	-0.654275	2.833213	5.971262
SYT14	0	1	False	True	-0.071801	0.0	6.086775
SYT2	0	5	True	True	-0.69796	1.609438	6.001415
SZT2	1	12	False	True	3.889018	2.484907	8.136811
TAB2	0	2	False	False	0.33593	0.693147	6.476972
TAC3	1	2	True	False	-0.69796	0.693147	4.70048
TACO1	0	1	False	False	-0.53778	0.0	5.648974
TACR3	0	5	False	True	-0.333914	1.609438	6.142037
TACSTD2	0	4	False	False	-0.668836	1.386294	5.774552
TAF13	0	2	False	True	-0.829017	0.693147	4.820282
TAF2	0	2	False	False	0.670852	0.693147	7.088409
TAF6	0	1	False	False	-0.028116	0.0	6.510258
TAFAZZIN	3	21	False	False	-0.785331	3.044522	4.736198
TALDO1	1	8	False	False	-0.566904	2.079442	5.733341
TAMM41	0	2	False	False	-0.494094	0.693147	5.720312
TANGO2	0	4	False	True	-0.654275	1.386294	5.620401
TAOK1	0	17	False	True	0.277683	2.833213	6.906755
TAPT1	0	1	False	False	-0.290229	0.0	6.308098
TARDBP	3	24	False	True	-0.290229	3.178054	6.016157
TARS1	0	2	False	False	-0.348476	0.693147	6.57368
TARS2	0	12	False	False	-0.202858	2.484907	6.517671
TASP1	0	1	False	False	-0.30479	0.0	6.033086
TAT	0	10	False	False	-0.406723	2.302585	6.104793
TBATA	0	1	False	False	-0.683398	0.0	5.036953
TBC1D24	1	35	False	True	-0.30479	3.555348	6.291569
TBC1D31	0	1	False	False	0.102941	0.0	6.931472
TBC1D8B	0	4	False	False	0.49611	1.386294	7.017506
TBCD	2	13	False	True	0.088379	2.564949	7.052721
TBCE	0	3	False	False	-0.348476	1.098612	6.246107
TBCK	0	1	False	True	0.073817	0.0	6.791221
TBK1	0	6	False	True	-0.275667	1.791759	6.57368
TBL1XR1	2	66	False	True	-0.173734	4.189655	6.226537
TBR1	2	22	True	True	0.204874	3.091042	6.52503
TBRG1	0	1	False	True	-0.392162	0.0	6.016157
TBX18	0	2	False	False	0.233997	0.693147	6.401917
TBX19	0	8	False	True	-0.159172	2.079442	6.098074
TBX2	1	4	False	False	-0.013554	1.386294	6.565265
TBX20	0	3	True	False	-0.028116	1.098612	6.086775
TBX22	0	7	False	False	0.117503	1.94591	6.216606
TBX3	0	5	False	False	-0.712522	1.609438	5.293305
TBX4	0	9	False	False	-0.53778	2.197225	5.802118
TBX5	5	31	True	False	-0.071801	3.433987	6.249975
TBX6	0	2	False	False	-0.421285	0.693147	6.068426
TBXA2R	0	2	False	False	-0.479533	0.693147	5.828946
TBXAS1	0	4	False	False	-0.421285	1.386294	6.276643
TBXT	0	1	False	True	-0.654275	0.0	5.411646
TCAP	0	3	True	True	-0.727084	1.098612	5.081404
TCEAL1	0	1	False	True	-0.69796	0.0	5.036953
TCF12	0	6	False	False	0.33593	1.791759	5.961005
TCF20	0	4	False	True	2.79688	1.386294	7.579168
TCF3	0	2	False	True	1.76299	0.693147	6.46925
TCF4	3	60	False	True	0.554358	4.094345	6.270988
TCF7L2	0	4	False	True	0.117503	1.386294	6.424869
TCIRG1	1	9	False	False	-0.246543	2.197225	6.710523
TCN2	0	1	False	False	-0.494094	0.0	6.054439
TCOF1	0	10	False	False	1.500877	2.302585	7.052721
TCP1	0	1	False	False	-0.363038	0.0	6.311735
TCTN1	0	2	False	False	-0.261105	0.693147	6.167516
TCTN2	0	3	False	True	-0.173734	1.098612	6.546785
TCTN3	0	6	False	True	0.01557	1.791759	6.378426
TDP1	0	2	False	True	0.044694	0.693147	6.410175
TDRD1	1	1	False	False	0.452425	0.0	7.07327
TDRD12	0	1	False	False	0.161188	0.0	7.050989
TDRD7	0	1	False	False	0.233997	0.0	6.99851
TECPR1	0	2	False	False	0.772785	0.693147	7.050989
TECPR2	1	1	False	True	1.457192	0.0	7.239933
TECTA	1	27	False	False	1.559124	3.295837	7.675546
TEK	1	17	False	False	0.088379	2.833213	7.020191
TEKT3	0	2	False	False	-0.406723	0.693147	6.171701
TELO2	0	5	False	True	0.01557	1.609438	6.728629
TENM1	0	1	True	False	0.699976	0.0	7.108244
TENM3	0	2	False	False	2.505644	0.693147	7.898782
TENM4	1	2	False	True	2.360025	0.693147	7.924434
TENT5A	0	3	False	False	-0.494094	1.098612	6.077642
TERB1	0	1	False	False	0.117503	0.0	6.588926
TERB2	0	1	False	False	-0.668836	0.0	5.351858
TERT	1	42	False	True	0.204874	3.73767	7.025538
TET2	0	1	False	False	2.054227	0.0	7.594381
TET3	0	14	False	True	1.646495	2.639057	7.491088
TEX14	0	2	False	False	-0.668836	0.693147	5.303305
TF	0	6	True	False	-0.290229	1.791759	6.533789
TFAM	0	1	False	False	-0.581465	0.0	5.379897
TFAP2B	2	11	False	False	-0.202858	2.397895	6.107023
TFE3	2	18	False	True	0.161188	2.890372	6.35437
TFG	0	4	False	True	-0.333914	1.386294	5.929589
TFR2	0	7	False	False	0.01557	1.94591	6.673298
TG	1	13	False	False	3.044432	2.564949	7.925519
TGDS	0	8	False	False	-0.552342	2.079442	5.723585
TGFB1	0	9	False	False	-0.435847	2.197225	5.966147
TGFB2	3	13	True	False	-0.363038	2.564949	6.025866
TGFB3	0	7	True	False	-0.552342	1.94591	6.021023
TGFBI	3	20	False	False	-0.290229	2.995732	6.50279
TGFBR1	2	55	False	False	-0.435847	4.007333	6.206576
TGFBR2	6	104	False	False	-0.231981	4.644391	6.331502
TGM1	3	93	False	False	0.102941	4.532599	6.700731
TGM5	0	5	False	False	0.01557	1.609438	6.553933
TGM6	0	1	False	True	-0.130048	0.0	6.533789
TH	3	37	True	True	-0.872702	3.610918	2.944439
THAP1	1	17	False	True	-0.741646	2.833213	5.267858
THAP11	1	1	False	True	-0.581465	0.0	5.638355
THBD	0	1	False	False	-0.421285	0.0	6.324359
THBS2	0	1	False	False	0.204874	0.0	7.058758
THG1L	0	3	False	True	-0.668836	1.098612	5.697093
THOC1	0	1	False	False	-0.188296	0.0	6.487684
THOC2	0	19	False	True	1.064022	2.944439	7.37086
THOC6	0	6	False	True	-0.464971	1.791759	5.828946
THPO	0	4	False	False	-0.421285	1.386294	5.857933
THRA	1	13	True	False	-0.494094	2.564949	5.831882
THRB	4	63	False	False	-0.464971	4.143135	6.079933
THSD1	0	1	False	False	0.350492	0.0	6.740519
THSD4	0	1	False	False	0.466987	0.0	6.924612
THUMPD1	0	1	False	True	-0.581465	0.0	5.866468
TIA1	0	1	False	True	-0.464971	0.0	5.929589
TIAM1	1	5	True	True	1.631934	1.609438	7.367709
TIE1	0	2	False	False	0.263121	0.693147	7.021976
TIMM50	0	4	False	False	-0.552342	1.386294	5.857933
TIMM8A	0	2	False	True	-0.712522	0.693147	4.564348
TIMMDC1	0	1	False	False	-0.69796	0.0	5.624018
TIMP3	0	10	False	True	-0.683398	2.302585	5.31812
TINF2	1	13	False	True	-0.421285	2.564949	6.104793
TJP2	1	10	False	False	0.685414	2.302585	7.074963
TK2	4	42	False	True	-0.654275	3.73767	5.411646
TKFC	0	2	False	False	-0.261105	0.693147	6.35437
TKT	0	1	False	False	-0.275667	0.0	6.388561
TLCD3B	0	1	True	True	-0.683398	0.0	5.575949
TLE6	1	2	False	False	0.030132	0.693147	6.338594
TLK2	0	20	False	True	-0.30479	2.995732	5.899897
TLL1	0	3	False	False	0.132065	1.098612	6.909753
TLR1	0	2	False	False	0.33593	0.693147	6.637258
TLR7	0	4	False	False	0.452425	1.386294	6.948897
TLR8	1	4	False	False	0.466987	1.386294	6.944087
TLR9	0	1	False	False	0.379616	0.0	6.911747
TM2D3	0	2	False	True	-0.639713	0.693147	5.497168
TMBIM1	0	1	False	False	-0.654275	0.0	5.638355
TMC1	4	43	False	False	-0.319352	3.7612	6.546785
TMEM106B	0	2	False	True	-0.581465	0.693147	5.575949
TMEM107	0	1	False	False	-0.683398	0.0	4.770685
TMEM126B	0	2	False	False	-0.683398	0.693147	5.062595
TMEM127	0	7	False	False	-0.668836	1.94591	5.356586
TMEM138	0	4	False	True	-0.727084	1.386294	5.010635
TMEM147	0	3	False	True	-0.683398	1.098612	5.411646
TMEM151A	0	5	True	True	-0.30479	1.609438	6.126869
TMEM163	0	4	True	True	-0.435847	1.386294	5.541264
TMEM165	0	1	False	False	-0.683398	0.0	5.774552
TMEM167A	0	1	False	False	-0.799893	0.0	4.204693
TMEM216	0	4	False	True	-0.770769	1.386294	4.962845
TMEM218	0	3	False	True	-0.799893	1.098612	4.736198
TMEM222	0	1	False	True	-0.712522	0.0	5.308268
TMEM230	0	1	False	False	-0.727084	0.0	4.70953
TMEM231	0	7	False	True	-0.581465	1.94591	5.755742
TMEM240	0	2	True	True	-0.741646	0.693147	5.129899
TMEM260	0	3	False	False	-0.14461	1.098612	6.55108
TMEM43	0	1	False	False	-0.363038	0.0	5.880533
TMEM47	0	1	False	False	-0.668836	0.0	5.09375
TMEM63A	0	8	False	True	-0.057239	2.079442	6.683361
TMEM63B	1	7	False	True	-0.115487	1.94591	6.714171
TMEM67	6	69	False	True	0.248559	4.234107	6.892642
TMEM70	0	3	False	False	-0.581465	1.098612	5.525453
TMEM87B	0	1	False	False	-0.217419	0.0	6.311735
TMEM98	0	2	False	False	-0.625151	0.693147	5.411646
TMIE	0	4	True	False	-0.829017	1.386294	4.890349
TMPRSS3	5	51	False	False	-0.450409	3.931826	5.831882
TMTC3	0	4	False	True	-0.275667	1.386294	6.342121
TMX2	0	4	False	True	-0.625151	1.386294	5.66296
TNC	0	4	False	False	1.136831	1.386294	7.6912
TNF	0	1	False	False	-0.596027	0.0	5.407172
TNFAIP3	0	2	False	False	-0.115487	0.693147	6.591674
TNFRSF11A	0	8	False	False	-0.086363	2.079442	6.405228
TNFRSF11B	0	3	False	False	-0.494094	1.098612	5.988961
TNFRSF13B	1	2	False	False	-0.464971	0.693147	5.624018
TNFRSF13C	0	1	False	False	-0.727084	0.0	5.135798
TNFRSF1A	0	31	False	True	-0.363038	3.433987	6.113682
TNFSF11	0	1	False	False	-0.450409	0.0	5.693732
TNK2	0	1	True	False	-0.464971	0.0	6.222576
TNNC1	0	9	True	False	-0.814455	2.197225	4.584967
TNNC2	0	2	True	False	-0.785331	0.693147	4.89784
TNNI2	0	7	True	False	-0.741646	1.94591	5.204007
TNNI3	3	56	True	False	-0.712522	4.025352	5.347108
TNNI3K	0	5	True	False	0.248559	1.609438	6.727432
TNNT1	0	4	True	False	-0.727084	1.386294	5.556828
TNNT2	2	48	True	False	-0.770769	3.871201	5.652489
TNNT3	1	4	True	False	-0.872702	1.386294	0.693147
TNPO2	2	14	False	False	-0.202858	2.639057	6.779922
TNPO3	0	1	False	True	-0.115487	0.0	6.806829
TNR	0	4	True	True	0.932966	1.386294	7.211557
TNRC6B	0	2	False	False	2.709509	0.693147	7.513164
TNXB	0	5	False	False	3.423039	1.609438	8.352083
TOE1	1	11	False	True	-0.290229	2.397895	6.234411
TOGARAM1	0	2	False	False	1.588248	0.693147	7.2086
TOM1	0	1	False	False	-0.348476	0.0	6.159095
TOMM7	0	2	False	False	-0.843578	0.693147	3.931826
TONSL	0	2	False	False	0.641729	0.693147	7.223296
TOP1	0	1	False	False	-0.435847	0.0	6.577861
TOP2B	0	3	False	True	0.787347	1.098612	7.385851
TOP3A	0	3	False	True	-0.057239	1.098612	6.892642
TOR1A	0	2	False	True	-0.581465	0.693147	5.752573
TOR1AIP1	0	1	False	True	0.073817	0.0	6.336826
TP53	17	229	False	True	-0.333914	5.433722	5.971262
TP53RK	0	3	False	False	-0.639713	1.098612	5.521461
TP63	1	7	False	False	0.146626	1.94591	6.47851
TPCN2	0	1	False	False	-0.115487	0.0	6.610696
TPI1	0	5	False	False	-0.712522	1.609438	5.463832
TPK1	0	9	False	False	-0.741646	2.197225	5.493061
TPM1	1	51	True	False	-0.668836	3.931826	5.645447
TPM2	2	21	True	True	-0.712522	3.044522	5.645447
TPM3	3	21	True	True	-0.727084	3.044522	5.648974
TPM4	0	1	False	False	-0.785331	0.0	5.26269
TPO	1	28	False	True	0.030132	3.332205	6.822197
TPP1	4	48	False	True	-0.042677	3.871201	6.287859
TPP2	0	1	False	False	0.292245	0.0	6.883463
TPRKB	0	2	False	False	-0.712522	0.693147	5.135798
TRA2B	0	2	False	True	-0.130048	0.693147	5.648974
TRAF3IP1	0	2	False	False	-0.013554	0.693147	6.535241
TRAF7	1	20	False	False	0.073817	2.995732	6.496775
TRAIP	0	1	False	False	-0.363038	0.0	6.150603
TRAPPC10	0	1	False	True	0.88928	0.0	7.136483
TRAPPC11	0	3	False	True	0.059255	1.098612	7.029088
TRAPPC12	0	1	False	False	-0.013554	0.0	6.58755
TRAPPC2	0	3	False	False	-0.741646	1.098612	4.941642
TRAPPC2L	0	2	False	False	-0.770769	0.693147	4.663439
TRAPPC3	0	1	False	False	-0.727084	0.0	4.85203
TRAPPC4	0	1	False	True	-0.668836	0.0	5.389072
TRAPPC9	0	2	False	True	0.525234	0.693147	7.037028
TRDN	0	3	True	False	0.102941	1.098612	6.580639
TREM2	0	4	True	True	-0.639713	1.386294	5.342334
TREX1	0	9	False	True	-0.508656	2.197225	5.7301
TRHR	0	2	False	False	-0.3776	0.693147	5.986452
TRIM24	0	1	False	False	0.641729	0.0	6.948897
TRIM32	0	2	False	True	-0.159172	0.693147	6.47851
TRIM37	0	2	False	False	0.598043	0.693147	6.869014
TRIM63	0	1	True	False	-0.552342	0.0	5.840642
TRIM71	0	4	False	True	0.102941	1.386294	6.739337
TRIO	2	36	False	True	3.291983	3.583519	8.03625
TRIOBP	0	1	False	False	3.262859	0.0	7.767264
TRIP11	0	3	False	False	1.530001	1.098612	7.584773
TRIP12	0	9	False	True	2.491082	2.197225	7.633854
TRIP13	0	3	False	False	-0.392162	1.098612	6.028279
TRIP4	0	1	False	True	-0.275667	0.0	6.335054
TRIT1	0	3	False	False	-0.435847	1.098612	6.144186
TRMT1	0	2	False	True	-0.188296	0.693147	6.466145
TRMT10A	0	1	False	False	-0.508656	0.0	5.817111
TRMT10C	0	1	False	False	-0.53778	0.0	5.968708
TRMT5	0	1	False	False	-0.333914	0.0	6.228511
TRMT61A	0	1	False	False	-0.581465	0.0	5.587249
TRMU	1	22	False	False	-0.596027	3.091042	6.035481
TRNT1	0	7	False	False	-0.596027	1.94591	6.061457
TRPA1	0	1	False	True	0.059255	0.0	7.003974
TRPC6	2	13	False	False	0.132065	2.564949	6.82546
TRPM3	0	7	True	True	-0.566904	1.94591	5.669881
TRPM4	0	5	False	False	0.277683	1.609438	7.100027
TRPM6	0	4	False	False	1.690181	1.386294	7.608374
TRPM7	0	3	False	False	1.04946	1.098612	7.528332
TRPV1	1	1	False	False	0.001008	0.0	6.728629
TRPV3	0	10	False	False	-0.217419	2.302585	6.670766
TRPV4	6	61	False	True	-0.042677	4.110874	6.741701
TRPV5	0	1	False	False	-0.290229	0.0	6.577861
TRRAP	1	23	False	True	0.365054	3.135494	7.309881
TSC1	0	21	False	True	0.801909	3.044522	7.059618
TSC2	9	182	False	True	1.76299	5.204007	7.494986
TSEN15	0	2	False	True	-0.712522	0.693147	5.123964
TSEN2	0	4	False	True	-0.363038	1.386294	6.131226
TSEN34	0	1	False	True	-0.479533	0.0	5.7301
TSEN54	0	6	False	True	-0.14461	1.791759	6.242223
TSFM	0	6	False	False	-0.479533	1.791759	5.723585
TSHB	0	1	False	False	-0.770769	0.0	4.919981
TSHR	4	52	False	False	-0.130048	3.951244	6.628041
TSHZ3	0	1	False	False	1.253326	0.0	6.981006
TSPAN12	0	8	False	True	-0.610589	2.079442	5.686975
TSPEAR	1	6	False	False	-0.130048	1.791759	6.493754
TSR2	0	1	True	False	-0.799893	0.0	5.117994
TTBK1	0	1	True	True	0.947527	0.0	7.163947
TTBK2	0	1	False	True	1.165955	0.0	7.125283
TTC1	0	1	False	False	-0.523218	0.0	5.638355
TTC12	0	2	False	False	-0.188296	0.693147	6.558198
TTC19	0	1	False	False	-0.581465	0.0	5.932245
TTC21A	0	1	False	False	-0.625151	0.0	5.505332
TTC21B	2	8	False	True	0.001008	2.079442	7.18007
TTC5	0	3	False	True	-0.30479	1.098612	6.075346
TTC7A	0	6	False	False	0.088379	1.791759	6.747587
TTC8	0	2	False	True	-0.668836	0.693147	5.225747
TTI1	0	7	False	True	0.219436	1.94591	6.976348
TTI2	0	5	False	False	-0.494094	1.609438	6.214608
TTLL5	0	3	False	True	1.122269	1.098612	7.149132
TTN	2	39	True	True	2.651262	3.663562	8.139149
TTPA	1	9	False	True	-0.581465	2.197225	5.620401
TTR	11	122	True	True	-0.69796	4.804021	4.919981
TUBA1A	11	193	True	True	-0.581465	5.26269	6.084499
TUBA3E	0	1	False	True	-0.566904	0.0	6.084499
TUBA4A	1	22	False	True	-0.552342	3.091042	6.084499
TUBA8	0	1	True	False	-0.508656	0.0	6.084499
TUBB	3	38	False	True	-0.508656	3.637586	6.040255
TUBB1	2	5	False	False	-0.435847	1.609438	6.040255
TUBB2A	4	34	True	True	-0.450409	3.526361	6.040255
TUBB2B	6	70	True	True	-0.464971	4.248495	6.040255
TUBB3	5	55	True	True	-0.421285	4.007333	6.095825
TUBB4A	6	43	True	True	-0.508656	3.7612	6.040255
TUBB4B	0	7	False	True	-0.508656	1.94591	6.040255
TUBB6	0	2	False	False	-0.464971	0.693147	6.040255
TUBB8	3	42	False	False	-0.508656	3.73767	6.040255
TUBG1	1	12	False	True	-0.392162	2.484907	6.098074
TUBGCP2	0	1	False	False	0.044694	0.0	6.776507
TUBGCP6	0	3	False	True	1.544563	1.098612	7.486613
TUFM	0	4	False	False	-0.712522	1.386294	5.948035
TULP1	4	39	True	True	-0.406723	3.663562	6.280396
TULP3	0	2	False	False	-0.348476	0.693147	6.079933
TUSC3	0	2	True	True	-0.523218	0.693147	5.83773
TUT1	0	1	False	False	0.33593	0.0	6.729824
TWIST1	2	34	False	False	-0.450409	3.526361	5.303305
TWIST2	0	3	False	False	-0.523218	1.098612	5.068904
TWNK	3	49	False	True	-0.202858	3.89182	6.526495
TXNDC15	0	1	False	False	-0.494094	0.0	5.846439
TYK2	0	3	False	False	0.219436	1.098612	7.077498
TYMP	4	44	False	True	-0.494094	3.78419	6.154858
TYR	13	169	False	True	-0.14461	5.129899	6.267201
TYROBP	0	2	False	True	-0.756207	0.693147	4.634729
TYRP1	0	8	False	False	-0.319352	2.079442	6.282267
U2AF1	0	1	False	False	-0.639713	0.0	5.46806
U2AF2	0	13	False	True	-0.450409	2.564949	6.148468
UBA1	0	1	False	False	0.132065	0.0	6.950815
UBA2	0	5	False	False	-0.30479	1.609438	6.437752
UBA5	0	13	False	True	-0.523218	2.564949	5.97381
UBAP1	0	1	False	True	-0.086363	0.0	6.2186
UBAP1L	1	2	True	False	-0.363038	0.693147	5.855072
UBE2A	0	6	False	True	-0.683398	1.791759	4.997212
UBE2H	0	1	False	False	-0.668836	0.0	5.159055
UBE2T	0	1	False	False	-0.741646	0.0	5.214936
UBE3B	0	6	False	False	0.292245	1.791759	6.973543
UBIAD1	1	12	False	False	-0.53778	2.484907	5.811141
UBN1	0	1	False	False	1.224202	0.0	7.021976
UBQLN2	2	7	False	True	0.088379	1.94591	6.43615
UBR1	2	5	False	False	0.831033	1.609438	7.458186
UBR4	0	3	False	False	6.20435	1.098612	8.552753
UBR5	0	3	False	True	3.321107	1.098612	7.929846
UBTF	0	2	False	True	0.132065	0.693147	6.637258
UCHL1	1	2	True	True	-0.727084	0.693147	5.370638
UFC1	0	2	False	True	-0.843578	0.693147	4.060443
UFM1	0	2	False	True	-0.770769	0.693147	4.430817
UFSP2	0	7	False	False	-0.450409	1.94591	5.971262
UGDH	0	21	False	True	-0.406723	3.044522	6.180017
UGGT1	0	4	False	False	0.7291	1.386294	7.342779
UGP2	0	1	False	True	-0.333914	0.0	6.214608
UGT1A1	1	19	False	False	-0.275667	2.944439	6.272877
UHMK1	0	1	False	False	-0.421285	0.0	6.008813
ULK2	0	1	False	False	0.903842	0.0	6.939254
UMOD	5	97	False	False	-0.086363	4.574711	6.448889
UMPS	0	2	False	False	-0.421285	0.693147	6.165418
UNC13A	1	7	True	True	1.04946	1.94591	7.434257
UNC13D	1	9	False	False	0.190312	2.197225	6.986566
UNC45A	0	4	False	False	0.01557	1.386294	6.822197
UNC45B	0	6	True	False	-0.435847	1.791759	6.257668
UNC80	0	4	True	True	0.845595	1.386294	6.979145
UNC93B1	0	1	False	False	-0.479533	0.0	6.309918
UNG	0	1	False	False	-0.552342	0.0	5.713733
UPB1	0	2	False	False	-0.566904	0.693147	5.934894
UPF1	0	5	False	True	-0.581465	1.609438	5.777652
UPF3B	0	1	False	True	-0.508656	0.0	6.163315
UQCC2	0	1	True	False	-0.785331	0.0	4.532599
UQCC3	0	1	False	False	-0.829017	0.0	4.521789
UQCRB	0	2	True	False	-0.85814	0.693147	2.302585
UQCRC1	0	4	False	True	-0.406723	1.386294	6.159095
UQCRC2	0	2	False	False	-0.319352	0.693147	6.089045
UQCRFS1	0	1	False	False	-0.494094	0.0	5.587249
UROC1	0	1	False	False	-0.290229	0.0	6.483107
UROD	1	20	False	False	-0.727084	2.995732	5.888878
UROS	1	16	True	False	-0.552342	2.772589	5.501258
USB1	0	3	False	False	-0.596027	1.098612	5.56452
USH1C	0	8	False	False	0.044694	2.079442	6.177944
USH1G	0	4	False	False	-0.261105	1.386294	6.063785
USH2A	20	324	True	True	6.116979	5.780744	8.554296
USP19	0	2	False	False	-0.610589	0.693147	5.209486
USP26	0	3	False	False	0.219436	1.098612	6.805723
USP27X	0	2	True	True	-0.333914	0.693147	6.056784
USP45	0	4	False	True	0.379616	1.386294	6.687109
USP48	0	1	False	False	0.102941	0.0	6.905753
USP53	0	5	False	False	0.962089	1.609438	6.978214
USP7	1	15	False	True	-0.042677	2.70805	6.993015
USP8	0	3	False	True	0.466987	1.098612	7.010312
USP9X	2	34	False	True	1.631934	3.526361	7.842671
UVSSA	0	1	False	False	-0.246543	0.0	6.552508
VAC14	0	4	False	True	-0.071801	1.386294	6.646391
VAMP2	0	8	True	True	-0.799893	2.079442	4.744932
VANGL1	0	1	False	False	-0.290229	0.0	6.259581
VAPB	0	2	False	True	-0.610589	0.693147	5.398163
VARS1	1	13	False	True	0.117503	2.564949	7.110696
VARS2	1	9	False	False	0.204874	2.197225	6.966024
VAX1	1	1	False	False	-0.392162	0.0	5.768321
VCAN	0	1	False	True	4.325873	0.0	8.129764
VCL	0	1	False	False	0.01557	0.0	7.014814
VCP	7	48	False	True	-0.30479	3.871201	6.677083
VDR	2	18	False	False	-0.231981	2.890372	6.056784
VHL	7	167	False	True	-0.727084	5.117994	5.209486
VIM	0	2	False	False	-0.261105	0.693147	6.12905
VIPAS39	0	2	False	False	-0.231981	0.693147	6.188264
VKORC1	0	5	False	False	-0.639713	1.609438	5.003946
VLDLR	0	5	True	True	0.146626	1.609438	6.765039
VMA12	1	3	False	False	-0.69796	1.098612	5.231109
VMA21	0	1	False	True	-0.785331	0.0	4.521789
VMA22	0	1	False	False	-0.727084	0.0	5.09375
VPS11	0	2	False	True	0.030132	0.693147	6.842683
VPS13A	0	6	False	True	2.432835	1.791759	8.062433
VPS13B	0	1	False	True	6.510149	0.0	8.295798
VPS13C	0	1	False	True	3.757962	0.0	8.230311
VPS13D	1	10	False	True	4.77729	2.302585	8.386629
VPS16	1	1	False	True	-0.159172	0.0	6.703188
VPS25	0	1	False	False	-0.683398	0.0	5.123964
VPS33A	0	1	False	False	-0.421285	0.0	6.37332
VPS33B	0	3	False	False	-0.231981	1.098612	6.418365
VPS35	0	3	False	True	-0.217419	1.098612	6.666957
VPS35L	0	3	False	True	0.248559	1.098612	6.848005
VPS37A	0	1	False	True	-0.231981	0.0	5.968708
VPS41	0	4	False	True	-0.028116	1.386294	6.741701
VPS45	1	3	False	False	-0.261105	1.098612	6.342121
VPS4A	0	7	False	True	-0.406723	1.94591	6.079933
VPS51	0	1	False	True	-0.173734	0.0	6.650279
VPS53	0	4	False	True	-0.159172	1.386294	6.708084
VRK1	0	8	False	True	-0.566904	2.079442	5.961005
VSX2	0	6	True	False	-0.363038	1.791759	5.866468
VWA1	0	1	False	False	-0.3776	0.0	6.09131
VWA2	0	1	False	False	-0.071801	0.0	6.597146
VWA3B	0	1	False	True	0.758223	0.0	7.161622
VWA8	0	1	False	False	0.976651	0.0	7.551712
VWF	7	171	False	False	2.127036	5.141664	7.941651
WARS1	0	3	False	True	-0.392162	1.098612	6.146329
WARS2	0	9	False	True	-0.479533	2.197225	5.826
WAS	3	50	False	False	-0.450409	3.912023	6.182085
WASF1	0	3	True	False	-0.246543	1.098612	6.309918
WASHC4	0	3	False	True	0.204874	1.098612	7.062192
WASHC5	0	12	False	True	0.102941	2.484907	7.013915
WBP11	0	1	False	False	-0.30479	0.0	6.43294
WBP2	0	1	True	False	-0.654275	0.0	5.501258
WDFY3	2	15	False	True	3.626905	2.70805	8.165932
WDPCP	0	1	False	False	0.030132	0.0	6.602588
WDR1	1	7	False	True	-0.071801	1.94591	6.393591
WDR11	0	1	False	False	0.612605	0.0	7.103322
WDR19	1	25	False	True	0.219436	3.218876	7.192934
WDR35	0	4	False	False	0.510672	1.386294	7.071573
WDR37	0	8	False	True	-0.100925	2.079442	6.137727
WDR4	0	3	False	False	-0.275667	1.098612	6.018593
WDR44	0	1	False	False	0.423301	0.0	6.816736
WDR45	2	25	False	True	-0.406723	3.218876	5.774552
WDR47	0	2	True	True	0.394178	0.693147	6.810142
WDR5	0	3	False	False	-0.30479	1.098612	5.805135
WDR62	2	17	False	True	0.699976	2.833213	6.955593
WDR72	0	4	False	False	0.7291	1.386294	7.004882
WDR73	0	5	False	True	-0.3776	1.609438	5.899897
WDR81	0	4	False	True	1.471753	1.386294	7.566311
WDR93	0	1	False	False	-0.202858	0.0	6.519147
WEE2	0	2	False	False	-0.071801	0.693147	6.327937
WFDC2	0	2	False	False	-0.756207	0.693147	4.770685
WFS1	4	86	False	True	0.059255	4.454347	6.788972
WHRN	0	1	False	False	0.452425	0.0	6.746412
WIPI2	0	2	False	False	-0.319352	0.693147	6.095825
WLS	0	3	False	False	-0.523218	1.098612	6.238325
WNK1	0	2	True	True	4.93747	0.693147	7.773594
WNK3	0	3	False	True	2.170722	1.098612	7.488853
WNK4	0	5	False	False	1.369821	1.609438	7.115582
WNT1	0	12	False	False	-0.406723	2.484907	5.874931
WNT10A	0	27	False	False	-0.450409	3.295837	6.025866
WNT10B	0	8	True	False	-0.435847	2.079442	5.846439
WNT3	0	1	False	False	-0.53778	0.0	5.831882
WNT4	0	5	False	False	-0.406723	1.609438	5.78996
WNT5A	0	11	False	False	-0.435847	2.397895	5.796058
WNT7A	0	6	False	False	-0.625151	1.791759	5.828946
WNT7B	0	2	False	False	-0.639713	0.693147	5.828946
WNT9B	0	1	False	False	-0.450409	0.0	5.799093
WRAP53	1	4	False	False	-0.028116	1.386294	6.265301
WRN	0	7	False	False	0.991213	1.94591	7.266827
WSB2	0	1	True	True	-0.261105	0.0	5.937536
WWOX	1	13	True	True	-0.494094	2.564949	6.023448
XDH	0	1	False	False	0.321368	0.0	7.192934
XIAP	0	4	False	False	-0.319352	1.386294	6.20859
XK	0	1	False	True	-0.30479	0.0	6.09357
XKR7	0	1	True	False	-0.173734	0.0	6.34388
XPA	0	7	False	False	-0.756207	1.94591	5.451038
XPC	0	6	False	False	0.219436	1.791759	6.837333
XPNPEP3	0	1	False	False	-0.421285	0.0	6.228511
XPO1	1	8	False	False	-0.086363	2.079442	6.961296
XPR1	0	6	False	True	-0.333914	1.791759	6.519147
XRCC1	0	1	False	True	0.01557	0.0	6.419995
XRCC2	0	1	False	False	-0.363038	0.0	5.616771
XRCC4	0	3	False	True	-0.508656	1.098612	5.594711
XYLT1	0	2	False	False	0.001008	0.693147	6.853299
XYLT2	0	3	False	True	-0.028116	1.098612	6.74876
YAP1	0	2	False	True	-0.159172	0.693147	6.212606
YARS1	2	11	False	True	-0.421285	2.397895	6.269096
YARS2	3	12	False	False	-0.450409	2.484907	6.131226
YIF1B	0	1	False	False	-0.683398	0.0	5.332719
YIPF5	0	4	False	False	-0.566904	1.386294	5.541264
YME1L1	0	2	False	True	-0.756207	0.693147	3.663562
YRDC	0	2	False	False	-0.53778	0.693147	5.624018
YWHAG	1	13	True	True	-0.625151	2.564949	5.459586
YWHAZ	0	3	False	True	-0.610589	1.098612	5.438079
YY1	1	28	False	True	-0.552342	3.332205	5.996452
ZAP70	1	8	False	False	-0.333914	2.079442	6.413459
ZBTB11	0	7	False	True	0.49611	1.94591	6.956545
ZBTB20	5	58	False	True	0.321368	4.060443	6.605298
ZBTB24	0	1	False	False	0.073817	0.0	6.546785
ZBTB47	0	1	True	False	-0.202858	0.0	6.603944
ZBTB7A	0	2	False	False	-0.3776	0.693147	6.340359
ZC4H2	1	25	False	True	-0.756207	3.218876	5.356586
ZCCHC8	0	5	False	False	0.044694	1.609438	6.559615
ZDHHC15	0	2	False	False	-0.53778	0.693147	5.799093
ZDHHC9	0	5	False	True	-0.53778	1.609438	5.834811
ZEB1	0	4	False	False	-0.814455	1.386294	4.290459
ZEB2	0	40	True	True	1.020337	3.688879	7.092574
ZFC3H1	0	2	False	False	2.010541	0.693147	7.593878
ZFHX2	0	1	False	True	2.243531	0.0	7.850493
ZFHX3	1	3	False	True	4.762728	1.098612	8.214736
ZFP30	0	1	False	False	-0.479533	0.0	6.228511
ZFPM2	0	5	True	False	0.860156	1.609438	7.042286
ZFX	0	5	False	True	-0.086363	1.609438	6.670766
ZFYVE16	0	1	False	False	1.661057	0.0	7.328437
ZFYVE19	0	1	False	False	-0.421285	0.0	6.137727
ZFYVE26	0	3	False	True	2.6367	1.098612	7.838738
ZIC1	2	5	True	False	-0.202858	1.609438	6.086775
ZIC2	2	9	True	True	-0.042677	2.197225	6.263398
ZIC3	0	8	True	False	-0.188296	2.079442	6.115892
ZMIZ1	1	8	False	True	0.525234	2.079442	6.967909
ZMPSTE24	0	4	False	False	-0.406723	1.386294	6.126869
ZMYM3	1	9	False	True	0.845595	2.197225	7.204893
ZMYND10	0	6	False	False	-0.494094	1.791759	6.006353
ZMYND11	0	19	False	True	-0.333914	2.944439	6.36647
ZNF141	0	1	False	False	-0.435847	0.0	6.139885
ZNF142	1	3	False	True	-0.799893	1.098612	3.828641
ZNF148	1	4	False	False	0.437863	1.386294	6.664409
ZNF292	0	4	False	True	2.942499	1.386294	7.90581
ZNF335	0	5	False	True	1.136831	1.609438	7.167809
ZNF341	0	1	False	False	0.030132	0.0	6.74876
ZNF407	0	1	False	False	2.330902	0.0	7.71557
ZNF408	0	4	False	True	-0.057239	1.386294	6.546785
ZNF418	0	1	False	False	0.17575	0.0	6.511745
ZNF462	0	2	False	False	2.549329	0.693147	7.822445
ZNF469	0	6	False	False	4.791852	1.791759	8.281977
ZNF526	1	2	False	True	-0.217419	0.693147	6.487684
ZNF644	0	2	False	False	1.20964	0.693147	7.190676
ZNF687	0	1	False	False	0.991213	0.0	7.099202
ZNF711	0	1	False	True	-0.581465	0.0	5.645447
ZNF862	0	1	False	False	0.350492	0.0	7.063904
ZNHIT3	0	2	False	True	-0.727084	0.693147	5.043425
ZNRF3	0	7	False	False	0.7291	1.94591	6.838405
ZP1	0	2	False	False	-0.130048	0.693147	6.453625
ZP2	0	2	True	False	0.204874	0.693147	6.610696
ZP3	0	2	False	False	-0.363038	0.693147	6.047372
ZPR1	0	1	False	False	-0.53778	0.0	6.021023
ZSWIM6	0	3	False	False	0.379616	1.098612	7.06732
ZSWIM7	0	1	False	False	-0.596027	0.0	4.820282
