gene,mane_transcript,protein_position,reference_amino_acid,alternate_amino_acid,reference_codon,c_to_a_codon_position,product_codon,route_class,clinvar_variation_id,clinvar_review_status,clinvar_review_stars,phenotype,higher_confidence_subset,splice_proximal,distance_from_exon_boundary,chromosome,genomic_coordinate,transcript_strand,base_resolution_map_detection,click_code_seq_detection,any_map_detection,map_condition_category
TBC1D24,NM_001199107.2,251,F,L,TTC,3,TTA,different-position convergence,50,no assertion criteria provided,0,Familial infantile myoclonic epilepsy,False,False,214,chr16,2496899,+,True,False,True,
UROD,NM_000374.5,304,N,K,AAC,3,AAA,exact nucleotide concordance,75,"criteria provided, single submitter",1,Familial porphyria cutanea tarda|not provided,False,False,30,chr1,45014976,+,False,True,True,
ASAH1,NM_177924.5,222,T,K,ACA,2,AAA,exact nucleotide concordance,91,no assertion criteria provided,0,Farber lipogranulomatosis,False,False,16,chr8,18061724,-,True,False,True,Vitro
SLC52A3,NM_033409.4,224,F,L,TTC,3,TTA,different-position convergence,142,no assertion criteria provided,0,Brown-Vialetto-van Laere syndrome 1,False,False,102,chr20,763901,-,True,False,True,
SLC52A3,NM_033409.4,28,P,T,CCC,1,ACC,exact nucleotide concordance,145,no assertion criteria provided,0,Brown-Vialetto-van Laere syndrome 1,False,False,81,chr20,765693,-,True,False,True,Vivo;WildType
OAT,NM_000274.4,199,P,Q,CCA,2,CAA,exact nucleotide concordance,183,"criteria provided, multiple submitters, no conflicts",2,Ornithine aminotransferase deficiency,True,False,52,chr10,124405488,-,True,False,True,Vivo;WildType
RBM20,NM_001134363.3,636,R,S,CGT,1,AGT,exact nucleotide concordance,270,"criteria provided, multiple submitters, no conflicts",2,Dilated cardiomyopathy 1DD|not provided|Primary dilated cardiomyopathy|Cardiovascular phenotype|Primary familial dilated cardiomyopathy,True,False,25,chr10,110812303,+,True,False,True,Vitro;Vivo;WildType
NF1,NM_001042492.3,2164,L,M,CTG,1,ATG,exact nucleotide concordance,339,no assertion criteria provided,0,"Neurofibromatosis, type 1",False,False,62,chr17,31337430,+,True,False,True,Vivo
TUBB2B,NM_178012.5,265,F,L,TTC,3,TTA,different-position convergence,428,no assertion criteria provided,0,Complex cortical dysplasia with other brain malformations 7,False,False,515,chr6,3225296,-,False,False,False,
ALDOB,NM_000035.4,175,A,D,GCC,2,GAC,exact nucleotide concordance,465,"criteria provided, multiple submitters, no conflicts",2,Hereditary fructosuria|not provided|See cases|Inborn genetic diseases|ALDOB-related disorder,True,False,16,chr9,101427498,-,True,False,True,Vivo
ALDOB,NM_000035.4,335,N,K,AAC,3,AAA,"same-position, alternate-base convergence",469,"criteria provided, multiple submitters, no conflicts",2,Hereditary fructosuria|not provided|ALDOB-related disorder|Glycogen storage disease,True,False,5,chr9,101421899,-,False,False,False,
PAH,NM_000277.3,87,S,R,AGC,3,AGA,exact nucleotide concordance,583,reviewed by expert panel,3,Hyperphenylalaninemia|not provided|Phenylketonuria|Inborn genetic diseases|PAH-related disorder,True,False,91,chr12,102894826,-,True,False,True,WildType
PAH,NM_000277.3,39,F,L,TTC,3,TTA,"same-position, alternate-base convergence",605,reviewed by expert panel,3,Phenylketonuria|not provided|PAH-related disorder|Inborn genetic diseases,True,False,51,chr12,102912842,-,True,False,True,WildType
GALNS,NM_000512.5,204,N,K,AAC,3,AAA,"same-position, alternate-base convergence",698,"criteria provided, single submitter",1,"Mucopolysaccharidosis, MPS-IV-A",False,False,21,chr16,88836222,-,True,False,True,WildType
ZFP57,NM_001109809.5,277,H,N,CAC,1,AAC,exact nucleotide concordance,720,no assertion criteria provided,0,"Diabetes mellitus, transient neonatal, 1",False,False,476,chr6,29673282,-,False,False,False,
MMADHC,NM_015702.3,182,T,N,ACT,2,AAT,exact nucleotide concordance,762,no assertion criteria provided,0,Homocystinuria-megaloblastic anemia cblD type,False,False,64,chr2,149575775,-,False,False,False,
NKX2-6,NM_001136271.3,151,F,L,TTC,3,TTA,different-position convergence,791,"criteria provided, single submitter",1,Persistent truncus arteriosus|Conotruncal heart malformations,False,False,176,chr8,23702906,-,False,False,False,
SLC46A1,NM_080669.6,113,R,S,CGC,1,AGC,exact nucleotide concordance,852,no assertion criteria provided,0,Congenital defect of folate absorption|not provided,False,False,108,chr17,28405360,-,False,False,False,
SLC46A1,NM_080669.6,318,S,R,AGC,3,AGA,"same-position, alternate-base convergence",853,no assertion criteria provided,0,Congenital defect of folate absorption|not provided,False,False,127,chr17,28404743,-,True,False,True,Vivo
UBIAD1,NM_013319.3,236,D,E,GAC,3,GAA,"same-position, alternate-base convergence",864,no assertion criteria provided,0,Schnyder crystalline corneal dystrophy,False,False,178,chr1,11285822,+,True,False,True,Vitro;Vivo;WildType
FBP1,NM_000507.4,177,A,D,GCC,2,GAC,exact nucleotide concordance,869,no assertion criteria provided,0,Fructose-biphosphatase deficiency,False,False,37,chr9,94609958,-,True,False,True,Vitro;Vivo;WildType
CA2,NM_000067.3,236,P,H,CCC,2,CAC,exact nucleotide concordance,915,no assertion criteria provided,0,CARBONIC ANHYDRASE II VARIANT,False,False,43,chr8,85480713,+,True,False,True,Vitro;WildType
IFT80,NM_020800.3,105,H,Q,CAC,3,CAA,"same-position, alternate-base convergence",989,no assertion criteria provided,0,Asphyxiating thoracic dystrophy 2,False,False,55,chr3,160377485,-,True,False,True,Vitro;WildType
MFSD8,NM_001371596.2,294,T,K,ACA,2,AAA,exact nucleotide concordance,1006,"criteria provided, multiple submitters, no conflicts",2,Neuronal ceroid lipofuscinosis 7|Late-infantile neuronal ceroid lipofuscinosis|Inborn genetic diseases|not provided,True,False,17,chr4,127930800,-,False,False,False,
YARS2,NM_001040436.3,52,F,L,TTC,3,TTA,"same-position, alternate-base convergence",1056,"criteria provided, multiple submitters, no conflicts",2,"Myopathy, lactic acidosis, and sideroblastic anemia 2|not provided",True,False,155,chr12,32755719,-,True,False,True,Vivo
F12,NM_000505.4,328,T,K,ACG,2,AAG,exact nucleotide concordance,1169,"criteria provided, multiple submitters, no conflicts",2,Hereditary angioedema type 3|Hereditary angioneurotic edema|not provided|Factor XII deficiency disease;Hereditary angioedema type 3|Hereditary angioedema types I and II,True,False,35,chr5,177404231,-,False,False,False,
CYP11B1,NM_000497.4,368,A,D,GCC,2,GAC,exact nucleotide concordance,1187,no assertion criteria provided,0,Deficiency of steroid 11-beta-monooxygenase,False,False,18,chr8,142875730,-,False,False,False,
SEC23A,NM_006364.4,382,F,L,TTC,3,TTA,different-position convergence,1228,no assertion criteria provided,0,Craniolenticulosutural dysplasia,False,False,40,chr14,39067256,-,True,False,True,
PIGV,NM_017837.4,341,A,E,GCA,2,GAA,exact nucleotide concordance,1284,"criteria provided, multiple submitters, no conflicts",2,Hyperphosphatasia with intellectual disability syndrome 1|Inborn genetic diseases|not provided|Hyperphosphatasia-intellectual disability syndrome|PIGV-related disorder,True,False,178,chr1,26795056,+,True,False,True,Vitro
PIGV,NM_017837.4,256,Q,K,CAG,1,AAG,exact nucleotide concordance,1286,no assertion criteria provided,0,Hyperphosphatasia with intellectual disability syndrome 1,False,False,434,chr1,26794800,+,True,False,True,Vitro;Vivo;WildType
TMPRSS6,NM_001374504.1,109,A,D,GCC,2,GAC,exact nucleotide concordance,1410,no assertion criteria provided,0,Iron-refractory iron deficiency anemia,False,False,10,chr22,37098426,-,False,False,False,
SLC34A3,NM_001177316.2,413,A,E,GCG,2,GAG,exact nucleotide concordance,1428,"criteria provided, multiple submitters, no conflicts",2,Autosomal recessive hypophosphatemic bone disease,True,False,27,chr9,137234634,+,True,False,True,Vitro;WildType
HMBS,NM_000190.4,34,Q,K,CAG,1,AAG,exact nucleotide concordance,1455,no assertion criteria provided,0,Acute intermittent porphyria,False,False,12,chr11,119088647,+,False,False,False,
HMBS,NM_000190.4,256,H,N,CAC,1,AAC,exact nucleotide concordance,1474,no assertion criteria provided,0,Acute intermittent porphyria,False,False,5,chr11,119092518,+,False,False,False,
PKLR,NM_000298.6,421,Q,K,CAG,1,AAG,exact nucleotide concordance,1509,no assertion criteria provided,0,Pyruvate kinase deficiency of red cells,False,False,8,chr1,155293446,-,False,False,False,
PKLR,NM_000298.6,130,S,Y,TCC,2,TAC,exact nucleotide concordance,1514,no assertion criteria provided,0,Pyruvate kinase deficiency of red cells,False,False,13,chr1,155295555,-,False,False,False,
LPL,NM_000237.3,231,D,E,GAC,3,GAA,"same-position, alternate-base convergence",1528,no assertion criteria provided,0,"Hyperlipoproteinemia, type I",False,False,82,chr8,19954271,+,True,False,True,WildType
LPL,NM_000237.3,207,D,E,GAC,3,GAA,"same-position, alternate-base convergence",1547,"criteria provided, single submitter",1,"Hyperlipoproteinemia, type I|not provided",False,False,79,chr8,19954199,+,True,False,True,Vitro
NAGLU,NM_000263.4,48,F,L,TTC,3,TTA,different-position convergence,1569,"criteria provided, single submitter",1,"Mucopolysaccharidosis, MPS-III-B|Mucopolysaccharidosis, MPS-III-B;Charcot-Marie-Tooth disease axonal type 2V",False,False,141,chr17,42536414,+,False,False,False,
NAGLU,NM_000263.4,314,F,L,TTC,3,TTA,"same-position, alternate-base convergence",1570,"criteria provided, multiple submitters, no conflicts",2,"Mucopolysaccharidosis, MPS-III-B|Mucopolysaccharidosis, MPS-III-B;Charcot-Marie-Tooth disease axonal type 2V|NAGLU-related disorder",True,False,79,chr17,42541127,+,True,False,True,Vitro;WildType
ACADVL,NM_000018.4,458,F,L,TTC,3,TTA,different-position convergence,1632,reviewed by expert panel,3,Very long chain acyl-CoA dehydrogenase deficiency|not provided|ACADVL-related disorder,True,False,39,chr17,7224007,+,True,False,True,
NIPAL4,NM_001099287.2,114,A,D,GCT,2,GAT,exact nucleotide concordance,1731,"criteria provided, multiple submitters, no conflicts",2,Autosomal recessive congenital ichthyosis 6|not provided|Autosomal recessive congenital ichthyosis|Lamellar ichthyosis|Ichthyosis and erythrokeratoderma|Fetal anomalies with a likely genetic cause,True,False,6,chr5,157468728,+,True,False,True,WildType
CYP17A1,NM_000102.4,342,P,T,CCA,1,ACA,exact nucleotide concordance,1783,"criteria provided, multiple submitters, no conflicts",2,"17-alpha-hydroxylase/17,20-lyase deficiency, combined partial|not provided|Deficiency of steroid 17-alpha-monooxygenase",True,False,54,chr10,102832626,-,True,False,True,Vitro
REEP1,NM_001371279.1,20,A,E,GCG,2,GAG,exact nucleotide concordance,1862,"criteria provided, multiple submitters, no conflicts",2,Hereditary spastic paraplegia 31|not provided|Spastic paraplegia|Inborn genetic diseases|Hereditary spastic paraplegia,True,False,26,chr2,86282216,-,True,False,True,WildType
MMUT,NM_000255.4,377,A,E,GCA,2,GAA,exact nucleotide concordance,1879,"criteria provided, multiple submitters, no conflicts",2,"METHYLMALONIC ACIDURIA, mut(0) TYPE|not provided|Methylmalonic aciduria due to complete methylmalonyl-CoA mutase deficiency",True,False,46,chr6,49451668,-,True,False,True,Vitro
CHD7,NM_017780.4,2319,R,S,CGC,1,AGC,exact nucleotide concordance,2027,no assertion criteria provided,0,CHARGE syndrome,False,False,18,chr8,60855993,+,True,False,True,Vivo
RDH12,NM_152443.3,151,H,N,CAC,1,AAC,exact nucleotide concordance,2052,no assertion criteria provided,0,Leber congenital amaurosis 13,False,True,2,chr14,67726983,+,True,False,True,Vitro;Vivo;WildType
RDH12,NM_152443.3,99,L,I,CTA,1,ATA,exact nucleotide concordance,2055,"criteria provided, multiple submitters, no conflicts",2,Leber congenital amaurosis 13|not provided|Retinitis pigmentosa|Retinal dystrophy|Leber congenital amaurosis,True,False,48,chr14,67725206,+,True,False,True,WildType
C1QTNF5,NM_001278431.2,163,S,R,AGC,3,AGA,"same-position, alternate-base convergence",2126,"criteria provided, multiple submitters, no conflicts",2,Late-onset retinal degeneration|not provided|Retinal dystrophy,True,False,243,chr11,119339574,-,False,False,False,
MYH14,NM_001145809.2,767,R,S,CGC,1,AGC,exact nucleotide concordance,2198,no assertion criteria provided,0,Autosomal dominant nonsyndromic hearing loss 4A,False,False,55,chr19,50259210,+,False,False,False,
CYBA,NM_000101.4,118,S,R,AGC,3,AGA,exact nucleotide concordance,2259,"criteria provided, multiple submitters, no conflicts",2,"Granulomatous disease, chronic, autosomal recessive, cytochrome b-negative|not provided|Chronic granulomatous disease",True,False,15,chr16,88646131,-,False,False,False,
CYBA,NM_000101.4,156,P,Q,CCG,2,CAG,exact nucleotide concordance,2260,"criteria provided, single submitter",1,"Granulomatous disease, chronic, autosomal recessive, cytochrome b-negative|Chronic granulomatous disease",False,False,97,chr16,88643474,-,False,False,False,
PINK1,NM_032409.3,271,H,Q,CAC,3,CAA,exact nucleotide concordance,2405,no assertion criteria provided,0,Autosomal recessive early-onset Parkinson disease 6,False,False,36,chr1,20644526,+,True,False,True,WildType
PINK1,NM_032409.3,217,A,D,GCC,2,GAC,exact nucleotide concordance,2414,no assertion criteria provided,0,Autosomal recessive early-onset Parkinson disease 6,False,False,25,chr1,20638104,+,True,False,True,Vitro;Vivo
KRT74,NM_175053.4,148,N,K,AAC,3,AAA,"same-position, alternate-base convergence",2460,no assertion criteria provided,0,Autosomal dominant wooly hair|not provided,False,False,27,chr12,52573334,-,True,False,True,WildType
SOX9,NM_000346.4,76,A,E,GCG,2,GAG,exact nucleotide concordance,2514,"criteria provided, single submitter",1,Acampomelic Campomelic Dysplasia|Inborn genetic diseases,False,False,204,chr17,72121618,+,False,False,False,
SOX9,NM_000346.4,154,F,L,TTC,3,TTA,"same-position, alternate-base convergence",2516,no assertion criteria provided,0,Camptomelic dysplasia,False,False,30,chr17,72122749,+,False,False,False,
ASPA,NM_000049.4,305,A,E,GCA,2,GAA,exact nucleotide concordance,2607,"criteria provided, multiple submitters, no conflicts",2,"Spongy degeneration of central nervous system|not provided|Canavan Disease, Familial Form|Inborn genetic diseases",True,False,28,chr17,3499060,+,True,False,True,Vitro;WildType
CNNM4,NM_020184.4,200,S,Y,TCT,2,TAT,exact nucleotide concordance,2851,no assertion criteria provided,0,Jalili syndrome,False,False,598,chr2,96761598,+,False,False,False,
MCFD2,NM_139279.6,129,D,E,GAC,3,GAA,"same-position, alternate-base convergence",2870,no assertion criteria provided,0,"Factor 5 and Factor VIII, combined deficiency of, 2",False,False,54,chr2,46905517,-,True,False,True,Vivo
PCSK9,NM_174936.4,216,F,L,TTC,3,TTA,different-position convergence,2874,no assertion criteria provided,0,"Hypercholesterolemia, autosomal dominant, 3",False,False,11,chr1,55052400,+,True,False,True,
SMPD1,NM_000543.5,438,S,R,AGC,3,AGA,exact nucleotide concordance,2983,no assertion criteria provided,0,"Niemann-Pick disease, type B",False,False,26,chr11,6393667,+,True,False,True,Vitro;Vivo
SMPD1,NM_000543.5,294,Q,K,CAA,1,AAA,exact nucleotide concordance,2994,"criteria provided, multiple submitters, no conflicts",2,"Niemann-Pick disease, type B|Niemann-pick disease, intermediate, protracted neurovisceral|Niemann-Pick disease, type A|not specified|Niemann-Pick disease, type A;Niemann-Pick disease, type B|Sphingomyelin/cholesterol lipidosis|not provided|Inborn genetic diseases",True,False,211,chr11,6391945,+,True,False,True,WildType
SMPD1,NM_000543.5,484,A,E,GCA,2,GAA,exact nucleotide concordance,2995,"criteria provided, multiple submitters, no conflicts",2,"Niemann-Pick disease, type A|not specified|Sphingomyelin/cholesterol lipidosis|Niemann-Pick disease, type A;Niemann-Pick disease, type B|Niemann-Pick disease, type B",True,False,35,chr11,6394006,+,True,False,True,Vitro;WildType
ARSA,NM_000487.6,297,S,Y,TCC,2,TAC,exact nucleotide concordance,3078,"criteria provided, single submitter",1,"METACHROMATIC LEUKODYSTROPHY, SEVERE|Metachromatic leukodystrophy",False,False,35,chr22,50626243,-,False,False,False,
ARSA,NM_000487.6,427,P,T,CCC,1,ACC,exact nucleotide concordance,3094,no assertion criteria provided,0,"Metachromatic leukodystrophy, juvenile type",False,False,68,chr22,50625396,-,False,False,False,
KCNQ1,NM_000218.3,341,A,E,GCG,2,GAG,exact nucleotide concordance,3120,"criteria provided, multiple submitters, no conflicts",2,"Long QT syndrome 1/2, digenic|Long QT syndrome 1|Long QT syndrome|Congenital long QT syndrome|not provided|Cardiovascular phenotype|Cardiac arrhythmia",True,False,10,chr11,2583535,+,False,False,False,
FKTN,NM_001079802.2,170,A,E,GCG,2,GAG,exact nucleotide concordance,3214,"criteria provided, multiple submitters, no conflicts",2,"Muscular dystrophy-dystroglycanopathy (congenital with brain and eye anomalies), type A, 4|Walker-Warburg congenital muscular dystrophy|Dilated cardiomyopathy 1X",True,False,138,chr9,105604354,+,True,False,True,WildType
MC2R,NM_000529.2,120,S,R,AGC,3,AGA,"same-position, alternate-base convergence",3260,no assertion criteria provided,0,Glucocorticoid deficiency 1,False,False,359,chr18,13885159,-,True,False,True,Vivo
PRPF3,NM_004698.4,489,A,D,GCT,2,GAT,exact nucleotide concordance,3354,no assertion criteria provided,0,Retinitis pigmentosa 18,False,False,39,chr1,150344201,+,True,False,True,Vitro
PRPF8,NM_006445.4,2301,P,T,CCC,1,ACC,exact nucleotide concordance,3358,"criteria provided, single submitter",1,Retinitis pigmentosa 13|not provided,False,False,47,chr17,1650909,-,True,False,True,Vivo
PRPF8,NM_006445.4,2304,F,L,TTC,3,TTA,"same-position, alternate-base convergence",3359,"criteria provided, multiple submitters, no conflicts",2,Retinitis pigmentosa 13|not provided,True,False,58,chr17,1650898,-,True,False,True,Vitro
ALOXE3,NM_021628.3,396,R,S,CGC,1,AGC,exact nucleotide concordance,3409,no assertion criteria provided,0,Autosomal recessive congenital ichthyosis 3,False,False,84,chr17,8110211,-,False,False,False,
PAX6,NM_001368894.2,133,S,R,AGC,3,AGA,exact nucleotide concordance,3481,"criteria provided, multiple submitters, no conflicts",2,Aniridia 1|not provided,False,True,0,chr11,31801561,-,True,False,True,Vivo
SLC39A4,NM_130849.4,106,N,K,AAC,3,AAA,exact nucleotide concordance,3540,no assertion criteria provided,0,Hereditary acrodermatitis enteropathica,False,False,125,chr8,144415966,-,False,False,False,
GALT,NM_000155.4,319,H,Q,CAC,3,CAA,exact nucleotide concordance,3617,"criteria provided, multiple submitters, no conflicts",2,Deficiency of UDPglucose-hexose-1-phosphate uridylyltransferase|not provided|Galactosemia,True,False,52,chr9,34649462,+,True,False,True,Vitro;Vivo;WildType
GALT,NM_000155.4,183,P,T,CCC,1,ACC,exact nucleotide concordance,3619,"criteria provided, single submitter",1,Deficiency of UDPglucose-hexose-1-phosphate uridylyltransferase,False,False,17,chr9,34648154,+,True,False,True,Vivo
GALT,NM_000155.4,194,F,L,TTC,3,TTA,different-position convergence,3624,no assertion criteria provided,0,Deficiency of UDPglucose-hexose-1-phosphate uridylyltransferase,False,False,15,chr9,34648349,+,True,False,True,
LCAT,NM_000229.2,252,N,K,AAC,3,AAA,exact nucleotide concordance,3659,no assertion criteria provided,0,LCAT deficiency,False,False,7,chr16,67940471,-,True,False,True,Vitro;WildType
GALE,NM_001008216.2,313,L,M,CTG,1,ATG,exact nucleotide concordance,3680,no assertion criteria provided,0,UDPglucose-4-epimerase deficiency,False,False,51,chr1,23796202,-,True,False,True,Vivo;WildType
LDLR,NM_000527.5,227,D,E,GAC,3,GAA,"same-position, alternate-base convergence",3690,reviewed by expert panel,3,"Hypercholesterolemia, familial, 1|Familial hypercholesterolemia|not provided|Cardiovascular phenotype|Dyslipidemia",True,False,13,chr19,11105587,+,True,False,True,Vitro;Vivo
UROS,NM_000375.3,248,P,Q,CCA,2,CAA,exact nucleotide concordance,3769,no assertion criteria provided,0,Cutaneous porphyria,False,False,55,chr10,125788923,-,True,False,True,WildType
TYR,NM_000372.5,373,T,K,ACA,2,AAA,exact nucleotide concordance,3774,"criteria provided, multiple submitters, no conflicts",2,"Oculocutaneous albinism type 1A|not provided|Oculocutaneous albinism|SKIN/HAIR/EYE PIGMENTATION 3, LIGHT/DARK SKIN|Oculocutaneous albinism type 1B|TYR-related disorder|Oculocutaneous albinism type 1A;Oculocutaneous albinism type 1B|SKIN/HAIR/EYE PIGMENTATION 3, LIGHT/DARK SKIN;Oculocutaneous albinism type 1A;Oculocutaneous albinism type 1B",True,False,66,chr11,89227904,+,False,False,False,
TYR,NM_000372.5,382,N,K,AAC,3,AAA,exact nucleotide concordance,3786,"criteria provided, multiple submitters, no conflicts",2,"Oculocutaneous albinism type 1A|not provided|SKIN/HAIR/EYE PIGMENTATION 3, LIGHT/DARK SKIN|SKIN/HAIR/EYE PIGMENTATION 3, LIGHT/DARK SKIN;Oculocutaneous albinism type 1A;Oculocutaneous albinism type 1B",True,False,38,chr11,89227932,+,False,False,False,
ATP7B,NM_000053.4,1069,H,Q,CAC,3,CAA,exact nucleotide concordance,3848,"criteria provided, multiple submitters, no conflicts",2,Wilson disease|not provided|Inborn genetic diseases,True,False,36,chr13,51944145,-,True,False,True,Vivo
SERPING1,NM_000062.3,466,R,S,CGC,1,AGC,exact nucleotide concordance,3948,no assertion criteria provided,0,Hereditary C1 esterase inhibitor deficiency - dysfunctional factor|not provided,False,False,107,chr11,57614474,+,True,False,True,WildType
GAA,NM_000152.5,645,D,E,GAC,3,GAA,exact nucleotide concordance,4029,reviewed by expert panel,3,"Glycogen storage disease, type II|not provided|GAA-related disorder|Cardiovascular phenotype",True,False,46,chr17,80112922,+,True,False,True,WildType
SLC26A2,NM_000112.4,512,T,K,ACA,2,AAA,exact nucleotide concordance,4099,"criteria provided, multiple submitters, no conflicts",2,"Diastrophic dysplasia|Multiple epiphyseal dysplasia type 4;Diastrophic dysplasia;Atelosteogenesis type II;Achondrogenesis, type IB|Osteochondrodysplasia|Multiple epiphyseal dysplasia type 4|Atelosteogenesis type II",True,False,685,chr5,149981128,+,True,False,True,Vitro
NSD1,NM_022455.5,2143,H,Q,CAC,3,CAA,"same-position, alternate-base convergence",4139,no assertion criteria provided,0,Sotos syndrome,False,False,34,chr5,177292124,+,True,False,True,Vitro;WildType
PAX3,NM_181458.4,47,N,K,AAC,3,AAA,"same-position, alternate-base convergence",4213,"criteria provided, multiple submitters, no conflicts",2,Craniofacial-deafness-hand syndrome|not provided|Waardenburg syndrome type 1,True,False,55,chr2,222297158,-,True,False,True,Vivo
FKRP,NM_024301.5,276,L,I,CTA,1,ATA,exact nucleotide concordance,4221,"criteria provided, multiple submitters, no conflicts",2,"Autosomal recessive limb-girdle muscular dystrophy type 2I|not provided|Walker-Warburg congenital muscular dystrophy|Muscular dystrophy-dystroglycanopathy|8 conditions|Limb-girdle muscular dystrophy|Muscular dystrophy-dystroglycanopathy type B5;Autosomal recessive limb-girdle muscular dystrophy type 2I;Muscular dystrophy-dystroglycanopathy (congenital with brain and eye anomalies), type A5|Muscular dystrophy-dystroglycanopathy type B5|Muscular dystrophy-dystroglycanopathy (congenital with brain and eye anomalies), type A5|Myopathy|Autosomal recessive limb-girdle muscular dystrophy|Cardiovascular phenotype|Myopathy caused by variation in FKRP|FKRP-related disorder|Neuronopathy, distal hereditary motor, type 2B|Nizon-Isidor syndrome|FKRP-related muscular dystrophy-dystroglycanopathy|Hereditary skeletal muscle disorder|Muscular dystrophy-dystroglycanopathy (congenital with brain and eye anomalies), type A1;Muscular dystrophy-dystroglycanopathy type B5;Autosomal recessive limb-girdle muscular dystrophy type 2I;Muscular dystrophy-dystroglycanopathy (congenital with brain and eye anomalies), type A5",True,False,662,chr19,46756276,+,False,False,False,
FKRP,NM_024301.5,316,P,T,CCC,1,ACC,exact nucleotide concordance,4224,"criteria provided, multiple submitters, no conflicts",2,Muscular dystrophy-dystroglycanopathy type B5|Autosomal recessive limb-girdle muscular dystrophy type 2I|not provided|Walker-Warburg congenital muscular dystrophy,True,False,542,chr19,46756396,+,False,False,False,
FKRP,NM_024301.5,221,S,R,AGC,3,AGA,exact nucleotide concordance,4225,"criteria provided, single submitter",1,"Muscular dystrophy-dystroglycanopathy type B5|Muscular dystrophy-dystroglycanopathy (congenital with brain and eye anomalies), type A5",False,False,662,chr19,46756113,+,False,False,False,
FKRP,NM_024301.5,455,A,D,GCC,2,GAC,exact nucleotide concordance,4226,"criteria provided, multiple submitters, no conflicts",2,"Muscular dystrophy-dystroglycanopathy type B5|Autosomal recessive limb-girdle muscular dystrophy type 2I|Walker-Warburg congenital muscular dystrophy|not provided|Muscular dystrophy-dystroglycanopathy (congenital with brain and eye anomalies), type A5",True,False,124,chr19,46756814,+,False,False,False,
CYP27A1,NM_000784.4,395,R,S,CGT,1,AGT,exact nucleotide concordance,4261,"criteria provided, multiple submitters, no conflicts",2,Cholestanol storage disease,False,True,1,chr2,218814186,+,False,False,False,
GBA1,NM_000157.4,290,F,L,TTC,3,TTA,exact nucleotide concordance,4331,no assertion criteria provided,0,Gaucher disease perinatal lethal,False,False,108,chr1,155237470,-,False,False,False,
ATL1,NM_015915.5,259,S,Y,TCC,2,TAC,exact nucleotide concordance,4347,"criteria provided, single submitter",1,Hereditary spastic paraplegia 3A,False,False,52,chr14,50614425,+,True,False,True,WildType
PRPF31,NM_015629.4,194,A,E,GCG,2,GAG,exact nucleotide concordance,4362,no assertion criteria provided,0,Retinitis pigmentosa 11,False,False,53,chr19,54123802,+,False,False,False,
ESPN,NM_031475.3,719,S,R,AGC,3,AGA,different-position convergence,4420,no assertion criteria provided,0,Autosomal dominant nonsyndromic hearing loss 91,False,False,93,chr1,6451926,+,False,False,False,
CTNS,NM_004937.3,323,N,K,AAC,3,AAA,"same-position, alternate-base convergence",4456,"criteria provided, multiple submitters, no conflicts",2,Juvenile nephropathic cystinosis|Inborn genetic diseases;Ocular cystinosis;Juvenile nephropathic cystinosis|Nephropathic cystinosis,False,True,1,chr17,3659974,+,False,False,False,
SLC2A10,NM_030777.4,81,S,R,AGC,3,AGA,"same-position, alternate-base convergence",4588,"criteria provided, multiple submitters, no conflicts",2,Arterial tortuosity syndrome|not provided|SLC2A10-related disorder|Familial aortopathy,True,False,238,chr20,46725279,+,True,False,True,WildType
TWNK,NM_021830.5,369,S,Y,TCT,2,TAT,exact nucleotide concordance,4624,"criteria provided, multiple submitters, no conflicts",2,"Progressive external ophthalmoplegia with mitochondrial DNA deletions, autosomal dominant 3",True,False,137,chr10,100989316,+,True,False,True,Vivo;WildType
NOD2,NM_001370466.1,355,D,E,GAC,3,GAA,"same-position, alternate-base convergence",4699,"criteria provided, single submitter",1,Blau syndrome|Regional enteritis;Blau syndrome,False,False,499,chr16,50711057,+,False,False,False,
MLC1,NM_015166.4,141,N,K,AAC,3,AAA,exact nucleotide concordance,4717,no assertion criteria provided,0,Megalencephalic leukoencephalopathy with subcortical cysts 1,False,True,0,chr22,50079918,-,True,False,True,Vivo;WildType
ALG1,NM_019109.5,150,S,R,AGC,3,AGA,"same-position, alternate-base convergence",4726,"criteria provided, single submitter",1,ALG1-congenital disorder of glycosylation,False,False,59,chr16,5075447,+,True,False,True,WildType
SLC26A4,NM_000441.2,514,Q,K,CAG,1,AAG,exact nucleotide concordance,4841,"criteria provided, multiple submitters, no conflicts",2,Autosomal recessive nonsyndromic hearing loss 4|Pendred syndrome|not provided|Pendred syndrome;Autosomal recessive nonsyndromic hearing loss 4,True,False,4,chr7,107696035,+,False,False,False,
ABCG8,NM_022437.3,231,P,T,CCA,1,ACA,exact nucleotide concordance,4974,no assertion criteria provided,0,Sitosterolemia 1,False,True,3,chr2,43852483,+,True,False,True,WildType
GJB4,NM_153212.3,137,F,L,TTC,3,TTA,different-position convergence,5004,"criteria provided, single submitter",1,Erythrokeratodermia variabilis et progressiva 2|not provided,False,False,392,chr1,34761663,+,True,False,True,
AAAS,NM_015665.6,15,Q,K,CAA,1,AAA,exact nucleotide concordance,5044,"criteria provided, multiple submitters, no conflicts",2,Glucocorticoid deficiency with achalasia|not provided|AAAS-related disorder|Inborn genetic diseases|Malignant tumor of esophagus,True,False,42,chr12,53321423,-,True,False,True,Vivo;WildType
CHST6,NM_021615.5,203,D,E,GAC,3,GAA,exact nucleotide concordance,5072,no assertion criteria provided,0,Macular corneal dystrophy,False,False,579,chr16,75479220,-,False,False,False,
HCN4,NM_005477.3,672,S,R,AGC,3,AGA,exact nucleotide concordance,5173,no assertion criteria provided,0,"Sick sinus syndrome 2, autosomal dominant",False,False,37,chr15,73324216,-,True,False,True,WildType
ANKH,NM_054027.6,5,P,T,CCG,1,ACG,exact nucleotide concordance,5199,no assertion criteria provided,0,Chondrocalcinosis 2|ANKH-related disorder,False,False,12,chr5,14871435,-,False,True,True,
TARDBP,NM_007375.4,331,Q,K,CAG,1,AAG,exact nucleotide concordance,5229,no assertion criteria provided,0,Amyotrophic lateral sclerosis type 10,False,False,254,chr1,11022400,+,True,False,True,Vivo;WildType
TNFRSF13B,NM_012452.3,181,A,E,GCG,2,GAG,exact nucleotide concordance,5303,"criteria provided, multiple submitters, no conflicts",2,"Immunodeficiency, common variable, 2|Immunoglobulin A deficiency 2|not provided|Common variable immunodeficiency|Immunodeficiency, common variable, 2;Immunoglobulin A deficiency 2|See cases",True,False,89,chr17,16940415,-,True,False,True,Vitro
NEUROG3,NM_020999.4,107,R,S,CGC,1,AGC,exact nucleotide concordance,5322,"criteria provided, multiple submitters, no conflicts",2,Congenital malabsorptive diarrhea 4|NEUROG3-related disorder|not provided,True,False,318,chr10,69572725,-,True,False,True,WildType
ACAD8,NM_014384.3,289,H,Q,CAC,3,CAA,exact nucleotide concordance,5358,no assertion criteria provided,0,Deficiency of isobutyryl-CoA dehydrogenase,False,False,25,chr11,134261300,+,True,False,True,WildType
HOXA2,NM_006735.4,186,Q,K,CAA,1,AAA,exact nucleotide concordance,5407,no assertion criteria provided,0,Bilateral microtia-deafness-cleft palate syndrome,False,False,164,chr7,27101301,-,True,False,True,WildType
SLC40A1,NM_014585.6,77,A,D,GCC,2,GAC,exact nucleotide concordance,5411,no assertion criteria provided,0,Hemochromatosis type 4,False,False,41,chr2,189575202,-,True,False,True,Vitro
AFG3L2,NM_006796.3,694,A,E,GCA,2,GAA,exact nucleotide concordance,5472,no assertion criteria provided,0,Spinocerebellar ataxia type 28,False,False,94,chr18,12337435,-,False,False,False,
B4GALT7,NM_007255.3,186,A,D,GCC,2,GAC,exact nucleotide concordance,5611,"criteria provided, multiple submitters, no conflicts",2,Ehlers-Danlos syndrome progeroid type|Spondylodysplastic Ehlers-Danlos syndrome,True,False,82,chr5,177607445,+,False,False,False,
TINF2,NM_001099274.3,282,R,S,CGC,1,AGC,exact nucleotide concordance,5626,"criteria provided, single submitter",1,"Dyskeratosis congenita, autosomal dominant 3|Dyskeratosis congenita, autosomal dominant 1|Dyskeratosis congenita",False,False,217,chr14,24240636,-,True,False,True,Vitro;WildType
GALK1,NM_000154.2,28,P,T,CCC,1,ACC,exact nucleotide concordance,5630,"criteria provided, multiple submitters, no conflicts",2,Deficiency of galactokinase|not provided,True,False,81,chr17,75765055,-,False,False,False,
SPAST,NM_014946.4,445,S,R,AGC,3,AGA,exact nucleotide concordance,5676,no assertion criteria provided,0,Hereditary spastic paraplegia 4,False,False,13,chr2,32136890,+,True,True,True,Vitro;WildType
SCN4A,NM_000334.4,672,R,S,CGT,1,AGT,exact nucleotide concordance,5916,"criteria provided, multiple submitters, no conflicts",2,"Hypokalemic periodic paralysis, type 2|Hyperkalemic periodic paralysis|Hypokalemic periodic paralysis|not provided",True,False,5,chr17,63959270,-,True,False,True,Vitro;WildType
SCN4A,NM_000334.4,1297,N,K,AAC,3,AAA,exact nucleotide concordance,5922,"criteria provided, single submitter",1,Paramyotonia congenita/hyperkalemic periodic paralysis|Paramyotonia congenita of Von Eulenburg,False,False,21,chr17,63944694,-,True,False,True,Vivo
KCNE2,NM_172201.2,60,F,L,TTC,3,TTA,different-position convergence,6056,no assertion criteria provided,0,"Long QT syndrome 3/6, digenic|Congenital long QT syndrome",False,False,177,chr21,34370656,+,True,False,True,
LITAF,NM_001136472.2,115,T,N,ACC,2,AAC,exact nucleotide concordance,6058,"criteria provided, multiple submitters, no conflicts",2,Charcot-Marie-Tooth disease type 1C|not provided,True,False,33,chr16,11553566,-,True,False,True,Vivo
ALOX12B,NM_001139.3,578,H,Q,CAC,3,CAA,exact nucleotide concordance,6084,no assertion criteria provided,0,Autosomal recessive congenital ichthyosis 2,False,False,21,chr17,8073678,-,False,False,False,
TRPC6,NM_004621.6,112,P,Q,CCA,2,CAA,exact nucleotide concordance,6151,"criteria provided, single submitter",1,Focal segmental glomerulosclerosis 2,False,False,164,chr11,101504634,-,True,False,True,Vitro
RAD54L,NM_003579.4,63,P,H,CCT,2,CAT,exact nucleotide concordance,6191,no assertion criteria provided,0,Colon adenocarcinoma,False,False,22,chr1,46250097,+,False,False,False,
TSHR,NM_000369.5,631,F,L,TTC,3,TTA,different-position convergence,6433,no assertion criteria provided,0,"Thyroid adenoma, hyperfunctioning, somatic|Familial hyperthyroidism due to mutations in TSH receptor",False,False,404,chr14,81143949,+,True,False,True,
TSHR,NM_000369.5,525,F,L,TTC,3,TTA,exact nucleotide concordance,6443,no assertion criteria provided,0,Hypothyroidism due to TSH receptor mutations,False,False,693,chr14,81143633,+,True,False,True,Vitro
KERA,NM_007035.4,215,T,K,ACA,2,AAA,exact nucleotide concordance,6521,no assertion criteria provided,0,Cornea plana 2,False,False,242,chr12,91055638,-,True,False,True,WildType
NDUFS2,NM_001377299.1,229,P,Q,CCA,2,CAA,exact nucleotide concordance,6710,no assertion criteria provided,0,"Mitochondrial complex I deficiency, nuclear type 6",False,False,16,chr1,161209915,+,True,False,True,Vitro;Vivo;WildType
PEX10,NM_002617.4,290,H,Q,CAC,3,CAA,"same-position, alternate-base convergence",6771,"criteria provided, single submitter",1,Peroxisome biogenesis disorder 6B|Zellweger spectrum disorders,False,False,42,chr1,2406526,-,False,False,False,
PRKAG2,NM_016203.4,400,T,N,ACC,2,AAC,exact nucleotide concordance,6849,"criteria provided, multiple submitters, no conflicts",2,Hypertrophic cardiomyopathy 6|Hypertrophic cardiomyopathy|PRKAG2-related disorder,True,False,34,chr7,151568750,-,False,False,False,
EP300,NM_001429.4,2221,P,Q,CCA,2,CAA,exact nucleotide concordance,6881,no assertion criteria provided,0,Carcinoma of colon,False,False,583,chr22,41178373,+,True,False,True,Vitro;WildType
LFNG,NM_001040167.2,188,F,L,TTC,3,TTA,exact nucleotide concordance,6999,no assertion criteria provided,0,"Spondylocostal dysostosis 3, autosomal recessive|Spondylocostal dysostosis 2, autosomal recessive",False,False,17,chr7,2525301,+,False,False,False,
LMX1B,NM_001174147.2,269,N,K,AAC,3,AAA,exact nucleotide concordance,7000,"criteria provided, multiple submitters, no conflicts",2,Nail-patella syndrome|not provided|Nail-patella syndrome;Nail-patella-like renal disease,True,False,12,chr9,126693589,+,False,False,False,
TUBA1A,NM_006009.4,263,P,T,CCC,1,ACC,exact nucleotide concordance,7073,"criteria provided, multiple submitters, no conflicts",2,Lissencephaly due to TUBA1A mutation|Tubulinopathy,True,False,411,chr12,49185579,-,True,False,True,Vivo;WildType
BUB1,NM_004336.5,492,S,Y,TCT,2,TAT,exact nucleotide concordance,7083,no assertion criteria provided,0,"Colorectal cancer with chromosomal instability, somatic",False,False,41,chr2,110658451,-,False,False,False,
HSF4,NM_001374675.1,19,A,D,GCC,2,GAC,exact nucleotide concordance,7094,no assertion criteria provided,0,Cataract 5 multiple types,False,False,55,chr16,67164867,+,False,True,True,
CFTR,NM_000492.4,455,A,E,GCG,2,GAG,exact nucleotide concordance,7111,practice guideline,4,Cystic fibrosis|ivacaftor response - Efficacy|Congenital bilateral aplasia of vas deferens from CFTR mutation;Cystic fibrosis;Hereditary pancreatitis;Bronchiectasis with or without elevated sweat chloride 1|Congenital bilateral aplasia of vas deferens from CFTR mutation;Cystic fibrosis|not provided|CFTR-related disorder|Bronchiectasis with or without elevated sweat chloride 1,True,False,28,chr7,117548795,+,True,False,True,Vitro;Vivo
CFTR,NM_000492.4,574,P,H,CCT,2,CAT,exact nucleotide concordance,7119,reviewed by expert panel,3,Cystic fibrosis|Cystic fibrosis;CFTR-related disorder|Cystic fibrosis;Congenital bilateral aplasia of vas deferens from CFTR mutation|CFTR-related disorder|Cystic fibrosis;Congenital bilateral aplasia of vas deferens from CFTR mutation;Hereditary pancreatitis;Bronchiectasis with or without elevated sweat chloride 1|not provided|Bronchiectasis with or without elevated sweat chloride 1,True,False,41,chr7,117590394,+,False,False,False,
CFTR,NM_000492.4,1303,N,K,AAC,3,AAA,"same-position, alternate-base convergence",7136,practice guideline,4,"Cystic fibrosis|not provided|Congenital bilateral aplasia of vas deferens from CFTR mutation;Cystic fibrosis|Spermatogenic failure, Y-linked, 2|CFTR-related disorder|Hereditary pancreatitis|Bronchiectasis with or without elevated sweat chloride 1|Bronchiectasis with or without elevated sweat chloride 1;Congenital bilateral aplasia of vas deferens from CFTR mutation;Hereditary pancreatitis;Cystic fibrosis|Cystic fibrosis diagnostic test",True,False,35,chr7,117652877,+,False,False,False,
CFTR,NM_000492.4,311,F,L,TTC,3,TTA,"same-position, alternate-base convergence",7153,reviewed by expert panel,3,Cystic fibrosis|Obstructive azoospermia|Bronchiectasis with or without elevated sweat chloride 1|CFTR-related disorder,True,False,63,chr7,117540163,+,True,False,True,WildType
CFTR,NM_000492.4,561,A,E,GCA,2,GAA,exact nucleotide concordance,7240,reviewed by expert panel,3,Cystic fibrosis|not provided|Cystic fibrosis;Congenital bilateral aplasia of vas deferens from CFTR mutation|CFTR-related disorder|Bronchiectasis with or without elevated sweat chloride 1,False,True,2,chr7,117590355,+,False,False,False,
KCNJ10,NM_002241.5,194,P,H,CCC,2,CAC,exact nucleotide concordance,7469,"criteria provided, single submitter",1,Autosomal recessive nonsyndromic hearing loss 4|Autosomal recessive nonsyndromic hearing loss 4;EAST syndrome,False,False,559,chr1,160041952,-,True,False,True,WildType
HSPB1,NM_001540.5,99,L,M,CTG,1,ATG,exact nucleotide concordance,7485,no assertion criteria provided,0,"Neuronopathy, distal hereditary motor, type 2B",False,False,69,chr7,76303007,+,False,False,False,
LHX4,NM_033343.4,388,P,T,CCT,1,ACT,exact nucleotide concordance,7510,no assertion criteria provided,0,Short stature-pituitary and cerebellar defects-small sella turcica syndrome,False,False,11,chr1,180274568,+,True,False,True,Vitro;Vivo;WildType
COX10,NM_001303.4,204,N,K,AAC,3,AAA,exact nucleotide concordance,7522,no assertion criteria provided,0,"Mitochondrial complex IV deficiency, nuclear type 3",False,False,12,chr17,14102230,+,False,False,False,
COX10,NM_001303.4,196,T,K,ACA,2,AAA,exact nucleotide concordance,7523,no assertion criteria provided,0,"Mitochondrial complex IV deficiency, nuclear type 3",False,False,37,chr17,14102205,+,False,False,False,
MATN3,NM_002381.5,219,A,D,GCT,2,GAT,exact nucleotide concordance,7543,"criteria provided, single submitter",1,Multiple epiphyseal dysplasia type 5|Multiple epiphyseal dysplasia|not provided,False,False,134,chr2,20005878,-,True,False,True,Vitro
SH3BP2,NM_001122681.2,418,P,H,CCC,2,CAC,exact nucleotide concordance,7549,"criteria provided, multiple submitters, no conflicts",2,Fibrous dysplasia of jaw,True,False,11,chr4,2831582,+,False,False,False,
TBX1,NM_001379200.1,203,H,Q,CAC,3,CAA,"same-position, alternate-base convergence",7567,no assertion criteria provided,0,Velocardiofacial syndrome,False,False,69,chr22,19764224,+,False,False,False,
KLF6,NM_001300.6,123,A,D,GCC,2,GAC,exact nucleotide concordance,7571,no assertion criteria provided,0,"Prostate cancer, somatic",False,False,265,chr10,3781949,-,True,False,True,Vivo;WildType
KLF6,NM_001300.6,155,S,R,AGC,3,AGA,exact nucleotide concordance,7574,no assertion criteria provided,0,Gastric cancer,False,False,211,chr10,3781852,-,False,False,False,
PHYH,NM_006214.4,176,Q,K,CAG,1,AAG,exact nucleotide concordance,7586,no assertion criteria provided,0,"REFSUM DISEASE, ADULT, 1",False,False,29,chr10,13288512,-,True,False,True,Vivo
CLCNKB,NM_000085.5,349,A,D,GCT,2,GAT,exact nucleotide concordance,7594,no assertion criteria provided,0,Bartter disease type 3,False,False,7,chr1,16050593,+,True,False,True,Vivo
KRT86,NM_001320198.2,118,A,E,GCG,2,GAG,exact nucleotide concordance,7614,no assertion criteria provided,0,Monilethrix|not provided,False,False,16,chr12,52302269,+,False,False,False,
PMM2,NM_000303.3,119,F,L,TTC,3,TTA,exact nucleotide concordance,7711,"criteria provided, multiple submitters, no conflicts",2,PMM2-congenital disorder of glycosylation|Inborn genetic diseases|not provided|PMM2-related disorder,True,False,9,chr16,8811088,+,True,False,True,WildType
PMM2,NM_000303.3,223,D,E,GAC,3,GAA,"same-position, alternate-base convergence",7714,"criteria provided, single submitter",1,PMM2-congenital disorder of glycosylation,False,False,29,chr16,8847753,+,True,False,True,WildType
VDR,NM_000376.3,305,H,Q,CAC,3,CAA,"same-position, alternate-base convergence",7754,no assertion criteria provided,0,Vitamin D-dependent rickets type II with alopecia,False,False,7,chr12,47846444,-,True,False,True,Vitro;WildType
GALNT3,NM_004482.4,359,T,K,ACA,2,AAA,exact nucleotide concordance,7796,no assertion criteria provided,0,"Tumoral calcinosis, hyperphosphatemic, familial, 1",False,True,2,chr2,165758862,-,False,False,False,
GALNT3,NM_004482.4,272,T,K,ACG,2,AAG,exact nucleotide concordance,7799,no assertion criteria provided,0,"Tumoral calcinosis, hyperphosphatemic, familial, 1",False,False,23,chr2,165761928,-,False,False,False,
TGFBI,NM_000358.3,501,P,T,CCA,1,ACA,exact nucleotide concordance,7871,"criteria provided, multiple submitters, no conflicts",2,"Corneal dystrophy, lattice type 3A|Corneal dystrophy|not specified|not provided|7 conditions|Type 2 diabetes mellitus",True,False,46,chr5,136055770,+,True,False,True,Vitro
TGFBI,NM_000358.3,124,R,S,CGC,1,AGC,exact nucleotide concordance,7873,"criteria provided, single submitter",1,Groenouw corneal dystrophy type I|Epithelial-stromal TGFBI dystrophy,False,False,71,chr5,136046406,+,False,False,False,
ABCA4,NM_000350.3,1762,A,D,GCC,2,GAC,exact nucleotide concordance,7909,no assertion criteria provided,0,Cone-rod dystrophy 3|Severe early-childhood-onset retinal dystrophy,False,False,27,chr1,94015766,-,False,False,False,
MYOC,NM_000261.2,480,N,K,AAC,3,AAA,exact nucleotide concordance,7951,reviewed by expert panel,3,"Glaucoma 1, open angle, A|not provided|Open-angle glaucoma",True,False,75,chr1,171636000,-,True,False,True,Vitro;Vivo
TBX5,NM_181486.4,49,Q,K,CAG,1,AAG,exact nucleotide concordance,7997,no assertion criteria provided,0,Holt-Oram syndrome,False,True,2,chr12,114403754,-,False,False,False,
TFAP2B,NM_003221.4,275,A,D,GCC,2,GAC,exact nucleotide concordance,8039,"criteria provided, single submitter",1,Char syndrome,False,True,2,chr6,50837977,+,False,False,False,
TFAP2B,NM_003221.4,236,R,S,CGT,1,AGT,exact nucleotide concordance,8042,no assertion criteria provided,0,Char syndrome,False,False,104,chr6,50836165,+,True,False,True,Vitro
RAPSN,NM_005055.5,88,N,K,AAC,3,AAA,exact nucleotide concordance,8046,"criteria provided, multiple submitters, no conflicts",2,Congenital myasthenic syndrome 4C|Congenital myasthenic syndrome 11|not provided|Congenital myasthenic syndrome|Fetal akinesia deformation sequence 1|Myopathy|Congenital myasthenic syndrome 11;Fetal akinesia deformation sequence 1|Inborn genetic diseases|Fetal akinesia deformation sequence 2|RAPSN-related disorder|Congenital myasthenic syndrome 11;Fetal akinesia deformation sequence 2,True,False,71,chr11,47448079,-,False,False,False,
ING1,NM_198219.3,192,A,D,GCC,2,GAC,exact nucleotide concordance,8069,no assertion criteria provided,0,Squamous cell carcinoma of the head and neck,False,False,265,chr13,110719667,+,True,False,True,Vivo
BMPR1A,NM_004329.3,338,A,D,GCT,2,GAT,exact nucleotide concordance,8233,"criteria provided, single submitter",1,Hereditary cancer-predisposing syndrome|Juvenile polyposis syndrome,False,False,144,chr10,86919316,+,False,False,False,
MAP2K2,NM_030662.4,128,P,Q,CCG,2,CAG,exact nucleotide concordance,8275,reviewed by expert panel,3,Cardiofaciocutaneous syndrome 4|not provided|Cardio-facio-cutaneous syndrome|RASopathy,True,False,67,chr19,4110576,-,True,False,True,Vivo;WildType
CAV3,NM_033337.3,28,D,E,GAC,3,GAA,exact nucleotide concordance,8280,no assertion criteria provided,0,Rippling muscle disease 2|not provided,False,False,30,chr3,8733960,+,False,False,False,
CAV3,NM_033337.3,33,N,K,AAC,3,AAA,"same-position, alternate-base convergence",8289,"criteria provided, single submitter",1,"Distal myopathy, Tateyama type|Long QT syndrome",False,False,15,chr3,8733975,+,True,False,True,WildType
CAV3,NM_033337.3,141,S,R,AGC,3,AGA,"same-position, alternate-base convergence",8291,no assertion criteria provided,0,Long QT syndrome 9|not provided,False,False,33,chr3,8745834,+,True,False,True,Vivo;WildType
CASR,NM_000388.4,118,N,K,AAC,3,AAA,exact nucleotide concordance,8324,no assertion criteria provided,0,Autosomal dominant hypocalcemia 1,False,False,138,chr3,122257249,+,True,False,True,WildType
CASR,NM_000388.4,128,F,L,TTC,3,TTA,different-position convergence,8325,no assertion criteria provided,0,Autosomal dominant hypocalcemia 1|CASR-related disorder,False,False,110,chr3,122257277,+,False,False,False,
CASR,NM_000388.4,881,F,L,TTC,3,TTA,different-position convergence,8340,"criteria provided, single submitter",1,Familial hypocalciuric hypercalcemia 1|Familial hypocalciuric hypercalcemia;Autosomal dominant hypocalcemia 1,False,False,596,chr3,122284595,+,False,False,False,
CASR,NM_000388.4,843,A,E,GCA,2,GAA,exact nucleotide concordance,8343,"criteria provided, single submitter",1,Bartter syndrome with hypocalcemia|Autosomal dominant hypocalcemia 1,False,False,709,chr3,122284482,+,False,False,False,
CASR,NM_000388.4,788,F,L,TTC,3,TTA,different-position convergence,8348,"criteria provided, single submitter",1,Autosomal dominant hypocalcemia 1,False,False,629,chr3,122284316,+,False,False,False,
GDF5,NM_000557.5,436,P,T,CCA,1,ACA,exact nucleotide concordance,8394,no assertion criteria provided,0,Acromesomelic dysplasia 2B,False,False,200,chr20,35434109,-,True,True,True,WildType
PMP22,NM_000304.4,12,H,Q,CAC,3,CAA,exact nucleotide concordance,8434,"criteria provided, multiple submitters, no conflicts",2,"DEJERINE-SOTTAS SYNDROME, AUTOSOMAL DOMINANT|Charcot-Marie-Tooth disease, type I|Inborn genetic diseases|Dejerine-Sottas disease|Roussy-Lévy syndrome|not provided",True,False,35,chr17,15260692,-,False,False,False,
VCP,NM_007126.5,232,A,E,GCA,2,GAA,exact nucleotide concordance,8470,"criteria provided, single submitter",1,Inclusion body myopathy with Paget disease of bone and frontotemporal dementia type 1|not provided,False,False,13,chr9,35064167,-,True,False,True,Vitro;Vivo;WildType
GHR,NM_000163.5,149,P,Q,CCA,2,CAA,exact nucleotide concordance,8651,"criteria provided, single submitter",1,Laron syndrome with undetectable serum GH-binding protein|Growth hormone insensitivity syndrome,False,False,6,chr5,42699830,+,False,False,False,
MRE11,NM_005591.4,481,T,K,ACA,2,AAA,exact nucleotide concordance,8785,"criteria provided, single submitter",1,Ataxia-telangiectasia-like disorder 1|Ataxia-telangiectasia-like disorder,False,False,58,chr11,94459466,-,False,False,False,
IHH,NM_002181.4,100,D,E,GAC,3,GAA,exact nucleotide concordance,8868,no assertion criteria provided,0,Brachydactyly type A1,False,False,15,chr2,219060168,-,False,False,False,
IHH,NM_002181.4,130,T,N,ACC,2,AAC,exact nucleotide concordance,8876,no assertion criteria provided,0,Brachydactyly type A1,False,False,73,chr2,219057621,-,False,False,False,
SHH,NM_000193.4,115,N,K,AAC,3,AAA,exact nucleotide concordance,8896,no assertion criteria provided,0,Holoprosencephaly 3,False,False,44,chr7,155806513,-,False,False,False,
CPT2,NM_000098.3,50,P,H,CCC,2,CAC,exact nucleotide concordance,8954,"criteria provided, multiple submitters, no conflicts",2,"Carnitine palmitoyl transferase II deficiency, myopathic form|Carnitine palmitoyl transferase II deficiency, severe infantile form|Carnitine palmitoyltransferase II deficiency|not provided|Carnitine palmitoyl transferase II deficiency, neonatal form;Encephalopathy, acute, infection-induced, susceptibility to, 4;Carnitine palmitoyl transferase II deficiency, myopathic form;Carnitine palmitoyl transferase II deficiency, severe infantile form|Encephalopathy, acute, infection-induced, susceptibility to, 4",False,True,3,chr1,53197092,+,True,False,True,WildType
NKX2-1,NM_001079668.3,243,R,S,CGC,1,AGC,exact nucleotide concordance,8973,no assertion criteria provided,0,Benign hereditary chorea,False,False,263,chr14,36517757,-,False,False,False,
ABCC8,NM_000352.6,132,F,L,TTC,3,TTA,different-position convergence,9102,"criteria provided, multiple submitters, no conflicts",2,"Diabetes mellitus, permanent neonatal 3|Permanent neonatal diabetes mellitus|not provided|Neonatal diabetes mellitus",True,False,18,chr11,17470119,-,False,False,False,
IGHMBP2,NM_002180.3,369,F,L,TTC,3,TTA,"same-position, alternate-base convergence",9119,no assertion criteria provided,0,Autosomal recessive distal spinal muscular atrophy 1,False,False,46,chr11,68929229,+,True,False,True,WildType
FGF8,NM_033163.5,14,H,N,CAC,1,AAC,exact nucleotide concordance,9121,no assertion criteria provided,0,Hypogonadotropic hypogonadism 6 with or without anosmia,False,False,7,chr10,101775769,-,False,False,False,
FGF8,NM_033163.5,40,F,L,TTC,3,TTA,different-position convergence,9123,no assertion criteria provided,0,Hypogonadotropic hypogonadism 6 with or without anosmia,False,False,38,chr10,101775168,-,False,False,False,
BBS4,NM_033028.5,364,A,E,GCA,2,GAA,exact nucleotide concordance,9148,"criteria provided, single submitter",1,Bardet-Biedl syndrome 4|Bardet-Biedl syndrome 1,False,False,15,chr15,72735167,+,False,False,False,
KCNJ1,NM_153766.3,200,S,R,AGC,3,AGA,"same-position, alternate-base convergence",9155,"criteria provided, single submitter",1,Bartter disease type 2|not provided,False,False,519,chr11,128839644,-,False,False,False,
COMP,NM_000095.3,523,N,K,AAC,3,AAA,"same-position, alternate-base convergence",9189,"criteria provided, multiple submitters, no conflicts",2,Multiple epiphyseal dysplasia type 1|not provided|Multiple epiphyseal dysplasia,True,False,79,chr19,18785772,-,False,False,False,
HMGCS2,NM_005518.4,174,F,L,TTC,3,TTA,different-position convergence,9257,"criteria provided, multiple submitters, no conflicts",2,3-hydroxy-3-methylglutaryl-CoA synthase deficiency,True,False,39,chr1,119764211,-,True,False,True,
KRT2,NM_000423.3,186,N,K,AAC,3,AAA,exact nucleotide concordance,9316,"criteria provided, single submitter",1,Ichthyosis bullosa of Siemens|not provided,False,False,27,chr12,52651585,-,False,False,False,
MMP13,NM_002427.4,232,H,N,CAC,1,AAC,exact nucleotide concordance,9446,no assertion criteria provided,0,"Metaphyseal chondrodysplasia, Spahr type",False,False,56,chr11,102952117,-,True,False,True,Vivo
CNGA3,NM_001298.3,547,F,L,TTC,3,TTA,exact nucleotide concordance,9478,"criteria provided, multiple submitters, no conflicts",2,Achromatopsia 2|Complete achromatopsia|Retinal dystrophy|Achromatopsia|not provided,True,False,444,chr2,98396811,+,False,False,False,
KDM5C,NM_004187.5,451,S,R,AGC,3,AGA,"same-position, alternate-base convergence",9776,no assertion criteria provided,0,Syndromic X-linked intellectual disability Claes-Jensen type,False,False,48,chrX,53211545,-,True,False,True,Vitro
AR,NM_000044.6,857,F,L,TTC,3,TTA,"same-position, alternate-base convergence",9816,no assertion criteria provided,0,Androgen resistance syndrome,False,False,36,chrX,67722948,+,True,False,True,Vitro;Vivo
RPGR,NM_001034853.2,99,T,N,ACC,2,AAC,exact nucleotide concordance,9906,no assertion criteria provided,0,Retinitis pigmentosa 3|not provided,False,False,14,chrX,38321041,-,True,False,True,Vivo
PRPS1,NM_002764.4,129,L,I,CTA,1,ATA,exact nucleotide concordance,9931,no assertion criteria provided,0,Phosphoribosylpyrophosphate synthetase superactivity,False,False,20,chrX,107640980,+,False,False,False,
PRPS1,NM_002764.4,193,H,Q,CAC,3,CAA,"same-position, alternate-base convergence",9933,no assertion criteria provided,0,Phosphoribosylpyrophosphate synthetase superactivity,False,False,48,chrX,107645225,+,True,False,True,WildType
L1CAM,NM_001278116.2,210,H,Q,CAC,3,CAA,exact nucleotide concordance,9988,no assertion criteria provided,0,MASA syndrome,False,False,64,chrX,153870854,-,False,False,False,
HPRT1,NM_000194.3,74,F,L,TTC,3,TTA,exact nucleotide concordance,10036,no assertion criteria provided,0,HPRT FLINT|Lesch-Nyhan syndrome,False,False,87,chrX,134475268,+,False,False,False,
HPRT1,NM_000194.3,104,S,R,AGC,3,AGA,exact nucleotide concordance,10042,no assertion criteria provided,0,Partial hypoxanthine-guanine phosphoribosyltransferase deficiency|HPRT MUNICH,False,False,6,chrX,134475358,+,False,False,False,
HPRT1,NM_000194.3,194,D,E,GAC,3,GAA,"same-position, alternate-base convergence",10081,no assertion criteria provided,0,Partial hypoxanthine-guanine phosphoribosyltransferase deficiency|HPRT MOOSE JAW,False,False,27,chrX,134498657,+,False,False,False,
F8,NM_000132.4,584,Q,K,CAG,1,AAG,exact nucleotide concordance,10230,no assertion criteria provided,0,Hereditary factor VIII deficiency disease,False,True,2,chrX,154956959,-,False,False,False,
F8,NM_000132.4,677,F,L,TTC,3,TTA,different-position convergence,10244,no assertion criteria provided,0,Hereditary factor VIII deficiency disease,False,False,84,chrX,154947782,-,False,False,False,
F8,NM_000132.4,1803,S,Y,TCC,2,TAC,exact nucleotide concordance,10277,no assertion criteria provided,0,Hereditary factor VIII deficiency disease,False,False,34,chrX,154904989,-,True,False,True,WildType
F8,NM_000132.4,2138,S,Y,TCC,2,TAC,exact nucleotide concordance,10311,no assertion criteria provided,0,Hereditary factor VIII deficiency disease,False,False,16,chrX,154896093,-,True,False,True,WildType
F8,NM_000132.4,2172,P,Q,CCA,2,CAA,exact nucleotide concordance,10316,no assertion criteria provided,0,Hereditary factor VIII deficiency disease,False,False,59,chrX,154863142,-,False,False,False,
GRIA3,NM_000828.5,631,R,S,CGC,1,AGC,exact nucleotide concordance,10357,no assertion criteria provided,0,Syndromic X-linked intellectual disability 94,False,False,13,chrX,123427954,+,False,False,False,
ALAS2,NM_000032.5,165,F,L,TTC,3,TTA,exact nucleotide concordance,10470,"criteria provided, single submitter",1,X-linked sideroblastic anemia 1|not provided,False,False,79,chrX,55021195,-,False,False,False,
OPN1MW,NM_000513.2,94,N,K,AAC,3,AAA,exact nucleotide concordance,10512,no assertion criteria provided,0,Deuteranomaly,False,False,127,chrX,154187939,+,False,True,True,
GPR143,NM_000273.3,232,T,K,ACG,2,AAG,exact nucleotide concordance,10518,no assertion criteria provided,0,"Ocular albinism, type I|not provided",False,False,36,chrX,9743637,-,True,False,True,WildType
F9,NM_000133.4,414,P,T,CCC,1,ACC,exact nucleotide concordance,10620,no assertion criteria provided,0,Hereditary factor IX deficiency disease,False,False,146,chrX,139561925,+,True,False,True,WildType
F9,NM_000133.4,436,A,E,GCA,2,GAA,exact nucleotide concordance,10622,no assertion criteria provided,0,Hereditary factor IX deficiency disease,False,False,79,chrX,139561992,+,False,False,False,
GLA,NM_000169.3,327,Q,K,CAA,1,AAA,exact nucleotide concordance,10739,"criteria provided, single submitter",1,Fabry disease,False,False,20,chrX,101398390,-,False,False,False,
AVPR2,NM_000054.7,132,A,D,GCC,2,GAC,exact nucleotide concordance,10836,no assertion criteria provided,0,"Diabetes insipidus, nephrogenic, X-linked",False,False,369,chrX,153905901,+,False,False,False,
OCRL,NM_000276.4,524,H,Q,CAC,3,CAA,"same-position, alternate-base convergence",10859,no assertion criteria provided,0,Lowe syndrome,False,False,30,chrX,129569369,+,True,False,True,Vivo;WildType
PDHA1,NM_000284.4,205,F,L,TTC,3,TTA,"same-position, alternate-base convergence",10882,"criteria provided, multiple submitters, no conflicts",2,Pyruvate dehydrogenase E1-alpha deficiency,True,False,11,chrX,19355360,+,True,False,True,WildType
CYBB,NM_000397.4,415,P,H,CCC,2,CAC,exact nucleotide concordance,10920,"criteria provided, multiple submitters, no conflicts",2,"Granulomatous disease, chronic, X-linked, variant|not provided|Granulomatous disease, chronic, X-linked",True,False,70,chrX,37805098,+,True,False,True,WildType
CYBB,NM_000397.4,303,H,N,CAC,1,AAC,exact nucleotide concordance,10936,no assertion criteria provided,0,"Granulomatous disease, chronic, X-linked, variant|not provided",False,False,9,chrX,37803886,+,True,False,True,Vivo;WildType
PCDH19,NM_001184880.2,557,N,K,AAC,3,AAA,"same-position, alternate-base convergence",11022,"criteria provided, multiple submitters, no conflicts",2,"Developmental and epileptic encephalopathy, 9|not provided",True,False,476,chrX,100406927,-,True,False,True,Vivo;WildType
TAFAZZIN,NM_000116.5,94,R,S,CGT,1,AGT,exact nucleotide concordance,11110,no assertion criteria provided,0,3-Methylglutaconic aciduria type 2,False,False,4,chrX,154413248,+,False,False,False,
AMELX,NM_001142.2,56,P,T,CCC,1,ACC,exact nucleotide concordance,11142,"criteria provided, single submitter",1,Amelogenesis imperfecta type 1E|not provided|AMELX-related disorder,False,False,21,chrX,11298569,+,True,False,True,WildType
CD40LG,NM_000074.3,123,A,E,GCG,2,GAG,exact nucleotide concordance,11168,"criteria provided, single submitter",1,Hyper-IgM syndrome type 1,False,False,21,chrX,136656377,+,False,False,False,
EMD,NM_000117.3,183,P,H,CCT,2,CAT,exact nucleotide concordance,11178,"criteria provided, single submitter",1,X-linked Emery-Dreifuss muscular dystrophy,False,False,98,chrX,154380980,+,True,False,True,WildType
EMD,NM_000117.3,183,P,T,CCT,1,ACT,exact nucleotide concordance,11179,no assertion criteria provided,0,X-linked Emery-Dreifuss muscular dystrophy,False,False,97,chrX,154380979,+,True,False,True,WildType
ARX,NM_139058.3,333,T,N,ACC,2,AAC,exact nucleotide concordance,11200,"criteria provided, single submitter",1,Corpus callosum agenesis-abnormal genitalia syndrome|not provided,False,False,75,chrX,25012997,-,False,False,False,
BTK,NM_000061.3,607,A,D,GCT,2,GAT,exact nucleotide concordance,11387,no assertion criteria provided,0,X-linked agammaglobulinemia,False,False,69,chrX,101353282,-,True,False,True,Vitro
FOXP3,NM_014009.4,367,F,L,TTC,3,TTA,different-position convergence,11419,"criteria provided, single submitter",1,Insulin-dependent diabetes mellitus secretory diarrhea syndrome,False,False,47,chrX,49251711,-,True,False,True,
ACSL4,NM_001318510.2,529,R,S,CGT,1,AGT,exact nucleotide concordance,11564,no assertion criteria provided,0,"Intellectual disability, X-linked 63",False,True,2,chrX,109661643,-,False,False,False,
PAK3,NM_002578.5,365,A,E,GCA,2,GAA,exact nucleotide concordance,11570,"criteria provided, single submitter",1,"Intellectual disability, X-linked 30|not provided",False,False,16,chrX,111194402,+,False,False,False,
DKC1,NM_001363.5,31,Q,K,CAA,1,AAA,exact nucleotide concordance,11594,no assertion criteria provided,0,"Dyskeratosis congenita, X-linked",False,False,6,chrX,154765450,+,False,False,False,
FLNA,NM_001110556.2,2439,L,M,CTG,1,ATG,exact nucleotide concordance,11760,no assertion criteria provided,0,"HETEROTOPIA, PERIVENTRICULAR NODULAR, X-LINKED, WITH FRONTOMETAPHYSEAL DYSPLASIA",False,False,18,chrX,154350049,-,False,False,False,
FLNA,NM_001110556.2,637,P,Q,CCG,2,CAG,exact nucleotide concordance,11776,no assertion criteria provided,0,"Cardiac valvular dysplasia, X-linked",False,False,81,chrX,154364638,-,False,False,False,
FAH,NM_000137.4,134,A,D,GCT,2,GAT,exact nucleotide concordance,11866,no assertion criteria provided,0,Tyrosinemia type I,False,False,36,chr15,80162282,+,True,False,True,Vivo;WildType
F11,NM_000128.4,301,F,L,TTC,3,TTA,different-position convergence,11892,"criteria provided, multiple submitters, no conflicts",2,Hereditary factor XI deficiency disease|not provided|Plasma factor XI deficiency|Factor XI|F11-related disorder,True,False,35,chr4,186280258,+,True,False,True,
F11,NM_000128.4,594,S,R,AGC,3,AGA,exact nucleotide concordance,11900,"criteria provided, multiple submitters, no conflicts",2,Hereditary factor XI deficiency disease,True,False,65,chr4,186288518,+,True,False,True,WildType
PYGL,NM_002863.5,377,N,K,AAC,3,AAA,"same-position, alternate-base convergence",11995,no assertion criteria provided,0,"Glycogen storage disease, type VI",False,False,38,chr14,50915933,-,True,False,True,Vivo;WildType
HSD3B2,NM_000198.4,10,A,E,GCA,2,GAA,exact nucleotide concordance,12188,"criteria provided, multiple submitters, no conflicts",2,3 beta-Hydroxysteroid dehydrogenase deficiency,True,False,28,chr1,119415448,+,True,False,True,Vitro;WildType
HSD3B2,NM_000198.4,222,P,T,CCA,1,ACA,exact nucleotide concordance,12191,"criteria provided, multiple submitters, no conflicts",2,3 beta-Hydroxysteroid dehydrogenase deficiency|Congenital adrenal hyperplasia,True,False,356,chr1,119422165,+,True,False,True,WildType
TH,NM_000360.4,381,Q,K,CAG,1,AAG,exact nucleotide concordance,12324,"criteria provided, multiple submitters, no conflicts",2,Autosomal recessive DOPA responsive dystonia,True,False,36,chr11,2165727,-,False,False,False,
TP53,NM_000546.6,151,P,T,CCC,1,ACC,exact nucleotide concordance,12369,"criteria provided, multiple submitters, no conflicts",2,"Breast adenocarcinoma|Hereditary cancer-predisposing syndrome|not provided|Li-Fraumeni syndrome|Rhabdomyosarcoma|Li-Fraumeni syndrome 1|Adrenocortical carcinoma, hereditary",True,False,75,chr17,7675161,-,True,False,True,WildType
TNNI3,NM_000363.5,185,N,K,AAC,3,AAA,"same-position, alternate-base convergence",12431,no assertion criteria provided,0,Dilated cardiomyopathy 1FF,False,False,5,chr19,55151912,-,True,False,True,Vitro;Vivo;WildType
TPM3,NM_152263.4,100,L,M,CTG,1,ATG,exact nucleotide concordance,12452,no assertion criteria provided,0,"Congenital myopathy with fiber type disproportion|not provided|Congenital myopathy 4A, autosomal dominant",False,False,54,chr1,154176194,-,True,False,True,Vitro;WildType
TPM2,NM_003289.4,202,N,K,AAC,3,AAA,"same-position, alternate-base convergence",12467,no assertion criteria provided,0,not provided|Congenital myopathy 23,False,False,33,chr9,35684765,-,True,False,True,WildType
THRB,NM_001354712.2,453,P,H,CCT,2,CAT,exact nucleotide concordance,12537,no assertion criteria provided,0,"Thyroid hormone resistance, generalized, autosomal dominant",False,False,28,chr3,24122912,-,True,False,True,Vitro;Vivo;WildType
THRB,NM_001354712.2,453,P,T,CCT,1,ACT,exact nucleotide concordance,12550,"criteria provided, multiple submitters, no conflicts",2,"Thyroid hormone resistance, generalized, autosomal dominant|not provided|THRB-related disorder",True,False,29,chr3,24122913,-,True,False,True,Vitro;Vivo;WildType
HRAS,NM_176795.5,61,Q,K,CAG,1,AAG,exact nucleotide concordance,12601,"criteria provided, multiple submitters, no conflicts",2,"Thyroid cancer, nonmedullary, 2|Spermatocytic seminoma|Noonan syndrome 3|not provided|Lip and oral cavity carcinoma|Epidermal nevus|Neuroblastoma|Familial medullary thyroid carcinoma|Embryonal rhabdomyosarcoma",True,False,69,chr11,533875,-,True,False,True,WildType
HRAS,NM_176795.5,22,Q,K,CAG,1,AAG,exact nucleotide concordance,12609,"criteria provided, multiple submitters, no conflicts",2,"Myopathy, congenital, with excess of muscle spindles|Costello syndrome|not provided|HRAS-related disorder",True,False,47,chr11,534259,-,False,False,False,
ABL1,NM_005157.6,311,F,L,TTC,3,TTA,different-position convergence,12628,no assertion criteria provided,0,Chronic myeloid leukemia,False,False,23,chr9,130872883,+,True,False,True,
TK2,NM_004614.5,121,H,N,CAT,1,AAT,exact nucleotide concordance,12708,"criteria provided, multiple submitters, no conflicts",2,"Mitochondrial DNA depletion syndrome, myopathic form|not provided|Mitochondrial disease|Mitochondrial DNA depletion syndrome",True,False,14,chr16,66531394,-,True,False,True,Vitro
SPTA1,NM_003126.4,28,R,S,CGT,1,AGT,exact nucleotide concordance,12854,"criteria provided, multiple submitters, no conflicts",2,"Elliptocytosis 2|Pyropoikilocytosis, hereditary|not provided",True,False,57,chr1,158685290,-,True,False,True,WildType
SOS1,NM_005633.4,266,T,K,ACA,2,AAA,exact nucleotide concordance,12869,"criteria provided, multiple submitters, no conflicts",2,"Noonan syndrome 4|Noonan syndrome|RASopathy|not provided|Fibromatosis, gingival, 1;Noonan syndrome 4|Noonan syndrome 1|Monogenic short statue",True,False,67,chr2,39051211,-,False,False,False,
SCN1A,NM_001165963.4,1489,Q,K,CAG,1,AAG,exact nucleotide concordance,12893,no assertion criteria provided,0,"Migraine, familial hemiplegic, 3|Severe myoclonic epilepsy in infancy",False,False,11,chr2,165998049,-,True,False,True,WildType
ATP1A3,NM_152296.5,780,F,L,TTC,3,TTA,different-position convergence,12913,no assertion criteria provided,0,Dystonia 12,False,False,74,chr19,41970468,-,True,False,True,
ATP1A2,NM_000702.4,378,T,N,ACC,2,AAC,exact nucleotide concordance,12921,"criteria provided, multiple submitters, no conflicts",2,Alternating hemiplegia of childhood 1|Familial hemiplegic migraine|ATP1A2-related disorder,True,False,83,chr1,160128767,+,True,False,True,Vitro
RYR2,NM_001035.3,4104,N,K,AAC,3,AAA,"same-position, alternate-base convergence",12956,no assertion criteria provided,0,Catecholaminergic polymorphic ventricular tachycardia 1,False,False,349,chr1,237784024,+,True,False,True,Vitro;WildType
GRK1,NM_002929.3,391,P,H,CCC,2,CAC,exact nucleotide concordance,13012,no assertion criteria provided,0,Oguchi disease-2,False,False,22,chr13,113731321,+,True,False,True,Vivo
RHO,NM_000539.3,23,P,H,CCC,2,CAC,exact nucleotide concordance,13013,"criteria provided, multiple submitters, no conflicts",2,Retinitis pigmentosa 4|not provided|Retinitis pigmentosa 4;Pigmentary retinal dystrophy;Congenital stationary night blindness autosomal dominant 1|Retinal dystrophy|RHO-related disorder,True,False,67,chr3,129528801,+,True,False,True,Vitro;Vivo
RHO,NM_000539.3,292,A,E,GCG,2,GAG,exact nucleotide concordance,13044,no assertion criteria provided,0,Congenital stationary night blindness autosomal dominant 1,False,False,61,chr3,129532711,+,False,False,False,
RHO,NM_000539.3,164,A,E,GCG,2,GAG,exact nucleotide concordance,13049,"criteria provided, multiple submitters, no conflicts",2,Retinitis pigmentosa 4|not provided|Retinal dystrophy,True,False,39,chr3,129531005,+,False,False,False,
RHO,NM_000539.3,347,P,Q,CCG,2,CAG,exact nucleotide concordance,13053,"criteria provided, single submitter",1,Retinitis pigmentosa 4|not provided,False,False,7,chr3,129533711,+,True,False,True,WildType
PDE6B,NM_000283.4,258,H,N,CAC,1,AAC,exact nucleotide concordance,13107,"criteria provided, single submitter",1,Congenital stationary night blindness autosomal dominant 2|not provided,False,False,60,chr4,653912,+,False,False,False,
PDE6A,NM_000440.3,344,S,R,AGC,3,AGA,exact nucleotide concordance,13111,no assertion criteria provided,0,Retinitis pigmentosa 43,False,False,33,chr5,149907345,-,False,False,False,
RPE65,NM_000329.3,363,P,T,CCT,1,ACT,exact nucleotide concordance,13117,reviewed by expert panel,3,Retinitis pigmentosa 20|Leber congenital amaurosis 2;Retinitis pigmentosa 20|Leber congenital amaurosis 2|Leber congenital amaurosis|RPE65-related recessive retinopathy|Retinitis pigmentosa 87 with choroidal involvement;Leber congenital amaurosis 2;Retinitis pigmentosa 20,True,False,41,chr1,68438228,-,True,False,True,Vivo
RAG2,NM_000536.4,77,T,N,ACT,2,AAT,exact nucleotide concordance,13137,"criteria provided, multiple submitters, no conflicts",2,Combined immunodeficiency with skin granulomas|Combined immunodeficiency with skin granulomas;Recombinase activating gene 2 deficiency;Inborn error of immunity|Histiocytic medullary reticulosis,True,False,229,chr11,36593939,-,True,False,True,Vivo;WildType
PRPH2,NM_000322.5,244,N,K,AAC,3,AAA,exact nucleotide concordance,13172,"criteria provided, multiple submitters, no conflicts",2,Retinitis pigmentosa 7|not provided|Retinal dystrophy|PRPH2-related disorder,True,False,96,chr6,42704461,-,True,False,True,WildType
SFTPC,NM_001317778.2,116,A,D,GCC,2,GAC,exact nucleotide concordance,13212,no assertion criteria provided,0,"Surfactant metabolism dysfunction, pulmonary, 2",False,False,22,chr8,22163458,+,True,False,True,Vitro;WildType
PRKCG,NM_002739.5,101,H,Q,CAC,3,CAA,"same-position, alternate-base convergence",13251,no assertion criteria provided,0,Spinocerebellar ataxia type 14,False,False,17,chr19,53889655,+,True,False,True,Vitro
ZAP70,NM_001079.4,518,S,R,AGC,3,AGA,exact nucleotide concordance,13255,no assertion criteria provided,0,Combined immunodeficiency due to ZAP70 deficiency,False,False,69,chr2,97737828,+,False,False,False,
F2,NM_000506.5,595,D,E,GAC,3,GAA,"same-position, alternate-base convergence",13314,no assertion criteria provided,0,Congenital prothrombin deficiency,False,False,59,chr11,46739324,+,True,False,True,WildType
INS,NM_000207.3,49,F,L,TTC,3,TTA,"same-position, alternate-base convergence",13377,no assertion criteria provided,0,Hyperproinsulinemia,False,False,40,chr11,2160825,-,False,False,False,
PRNP,NM_000311.5,105,P,T,CCA,1,ACA,exact nucleotide concordance,13413,no assertion criteria provided,0,Spongiform encephalopathy with neuropsychiatric features,False,False,312,chr20,4699533,+,False,False,False,
TTR,NM_000371.4,97,S,Y,TCT,2,TAT,exact nucleotide concordance,13422,"criteria provided, multiple submitters, no conflicts",2,"Amyloidosis, hereditary systemic 1|not provided|Charcot-Marie-Tooth disease|Cardiovascular phenotype|Amyloidosis, hereditary systemic 1;Carpal tunnel syndrome 1;Hyperthyroxinemia, dystransthyretinemic",True,False,46,chr18,31595209,+,False,False,False,
TTR,NM_000371.4,131,L,M,CTG,1,ATG,exact nucleotide concordance,13424,"criteria provided, single submitter",1,"Amyloidosis, hereditary systemic 1|Cardiovascular phenotype",False,False,53,chr18,31598622,+,True,False,True,WildType
TTR,NM_000371.4,53,F,L,TTC,3,TTA,different-position convergence,13456,"criteria provided, multiple submitters, no conflicts",2,"Amyloidosis, hereditary systemic 1|not provided|Cardiovascular phenotype",True,False,43,chr18,31592983,+,True,False,True,
KCNC3,NM_004977.3,448,F,L,TTC,3,TTA,exact nucleotide concordance,13474,no assertion criteria provided,0,Spinocerebellar ataxia type 13,False,False,473,chr19,50323609,-,True,False,True,WildType
KCNA1,NM_000217.3,239,R,S,CGC,1,AGC,exact nucleotide concordance,13481,no assertion criteria provided,0,Episodic ataxia type 1,False,False,714,chr12,4912093,+,True,False,True,Vivo
KCNA1,NM_000217.3,244,P,H,CCC,2,CAC,exact nucleotide concordance,13490,no assertion criteria provided,0,Myokymia 1,False,False,730,chr12,4912109,+,True,False,True,Vivo
KCNA1,NM_000217.3,226,T,K,ACG,2,AAG,exact nucleotide concordance,13493,"criteria provided, single submitter",1,Myokymia 1|not provided,False,False,676,chr12,4912055,+,True,False,True,WildType
POU1F1,NM_000306.4,179,S,R,AGC,3,AGA,"same-position, alternate-base convergence",13616,no assertion criteria provided,0,"Pituitary hormone deficiency, combined, 1",False,False,67,chr3,87262138,-,False,False,False,
PIK3CA,NM_006218.4,546,Q,K,CAG,1,AAG,exact nucleotide concordance,13657,"criteria provided, multiple submitters, no conflicts",2,"OVARIAN CANCER, EPITHELIAL, SOMATIC|Carcinoma of colon|PIK3CA related overgrowth syndrome|Prostate cancer|Ovarian neoplasm|Segmental undergrowth associated with mainly venous malformation with capillary component|not provided|Megalencephaly-capillary malformation-polymicrogyria syndrome|Diffuse glioma, H3 G34 mutant|Medulloblastoma WNT activated|Diffuse midline glioma, H3 K27M-mutant|Neoplasm",True,False,28,chr3,179218306,+,False,False,False,
ALPL,NM_000478.6,327,F,L,TTC,3,TTA,different-position convergence,13673,"criteria provided, multiple submitters, no conflicts",2,Infantile hypophosphatasia|Hypophosphatasia|Adult hypophosphatasia|not provided|Adult hypophosphatasia;Childhood hypophosphatasia;Infantile hypophosphatasia|ALPL-related disorder,True,False,18,chr1,21573781,+,True,False,True,
FOXG1,NM_005249.5,215,F,L,TTC,3,TTA,different-position convergence,13870,"criteria provided, multiple submitters, no conflicts",2,FOXG1 disorder,True,False,642,chr14,28767922,+,True,False,True,
MYCN,NM_005378.6,393,R,S,CGC,1,AGC,exact nucleotide concordance,13893,no assertion criteria provided,0,Feingold syndrome type 1,False,False,218,chr2,15945879,+,True,False,True,WildType
MYL2,NM_000432.4,18,F,L,TTC,3,TTA,different-position convergence,14068,"criteria provided, multiple submitters, no conflicts",2,"Hypertrophic cardiomyopathy 10|Cardiovascular phenotype|not provided|Myopathy, myofibrillar, 12, infantile-onset, with cardiomyopathy;Hypertrophic cardiomyopathy 10|Hypertrophic cardiomyopathy|Cardiomyopathy",True,False,41,chr12,110919145,-,False,False,False,
MYH9,NM_002473.6,93,N,K,AAC,3,AAA,"same-position, alternate-base convergence",14075,"criteria provided, multiple submitters, no conflicts",2,Macrothrombocytopenia and granulocyte inclusions with or without nephritis or sensorineural hearing loss|MYH9-related disorder|not provided,True,False,54,chr22,36348958,-,False,False,False,
MYH7,NM_000257.4,764,F,L,TTC,3,TTA,"same-position, alternate-base convergence",14109,"criteria provided, single submitter",1,Dilated cardiomyopathy 1S|Hypertrophic cardiomyopathy,False,False,5,chr14,23425413,-,True,False,True,Vitro;WildType
MYH7,NM_000257.4,453,R,S,CGC,1,AGC,exact nucleotide concordance,14129,reviewed by expert panel,3,Hypertrophic cardiomyopathy 1|not specified|Hypertrophic cardiomyopathy,True,False,50,chr14,23429005,-,True,False,True,Vitro;Vivo;WildType
MPZ,NM_000530.8,90,D,E,GAC,3,GAA,exact nucleotide concordance,14167,"criteria provided, multiple submitters, no conflicts",2,"Charcot-Marie-Tooth disease type 1B|Charcot-Marie-Tooth disease, type I|Charcot-Marie-Tooth disease",True,False,35,chr1,161306886,-,True,False,True,Vitro;Vivo;WildType
MPZ,NM_000530.8,131,N,K,AAC,3,AAA,exact nucleotide concordance,14186,"criteria provided, multiple submitters, no conflicts",2,"Roussy-Lévy syndrome|Charcot-Marie-Tooth disease type 1B|not provided|Charcot-Marie-Tooth disease, type I",True,False,55,chr1,161306763,-,True,False,True,WildType
MPZ,NM_000530.8,124,T,K,ACG,2,AAG,exact nucleotide concordance,14196,no assertion criteria provided,0,"Neuropathy, congenital hypomyelinating, 2",False,False,77,chr1,161306785,-,True,False,True,WildType
LHCGR,NM_000233.4,616,S,Y,TCT,2,TAT,exact nucleotide concordance,14393,"criteria provided, multiple submitters, no conflicts",2,"Leydig hypoplasia, type I|not provided|Leydig cell agenesis",True,False,253,chr2,48687950,-,True,False,True,WildType
KCNH2,NM_000238.4,588,N,K,AAC,3,AAA,"same-position, alternate-base convergence",14436,"criteria provided, single submitter",1,Short QT syndrome type 1|Short QT syndrome|Cardiovascular phenotype,False,False,181,chr7,150951629,-,False,False,False,
RUNX1,NM_001754.5,156,A,E,GCA,2,GAA,exact nucleotide concordance,14471,reviewed by expert panel,3,Hereditary thrombocytopenia and hematological cancer predisposition syndrome associated with RUNX1|Hereditary thrombocytopenia and hematologic cancer predisposition syndrome,True,False,41,chr21,34880598,-,True,False,True,Vivo
LMNA,NM_005572.4,195,N,K,AAC,3,AAA,"same-position, alternate-base convergence",14483,"criteria provided, multiple submitters, no conflicts",2,Dilated cardiomyopathy 1A|not provided|Primary dilated cardiomyopathy|Charcot-Marie-Tooth disease type 2|Cardiovascular phenotype,True,False,54,chr1,156134474,+,False,False,False,
KRT5,NM_000424.4,329,N,K,AAC,3,AAA,exact nucleotide concordance,14642,no assertion criteria provided,0,"not provided|Epidermolysis bullosa simplex 2C, localized",False,False,59,chr12,52517695,-,False,False,False,
KRT5,NM_000424.4,193,N,K,AAC,3,AAA,"same-position, alternate-base convergence",14644,"criteria provided, single submitter",1,"not provided|Epidermolysis bullosa simplex|Epidermolysis bullosa simplex 2C, localized",False,False,23,chr12,52519137,-,False,False,False,
INSR,NM_000208.4,42,N,K,AAC,3,AAA,exact nucleotide concordance,14691,no assertion criteria provided,0,Rabson-Mendenhall syndrome,False,False,25,chr19,7267871,-,True,False,True,Vivo
INSR,NM_000208.4,1162,A,E,GCG,2,GAG,exact nucleotide concordance,14704,no assertion criteria provided,0,Insulin-resistant diabetes mellitus AND acanthosis nigricans,False,False,44,chr19,7122658,-,True,False,True,WildType
IFNGR2,NM_005534.4,168,T,N,ACC,2,AAC,exact nucleotide concordance,14727,no assertion criteria provided,0,Immunodeficiency 28,False,False,58,chr21,33426974,+,True,False,True,Vitro;WildType
INSL3,NM_005543.4,110,N,K,AAC,3,AAA,"same-position, alternate-base convergence",14829,no assertion criteria provided,0,Cryptorchidism,False,False,66,chr19,17816920,-,True,False,True,Vitro;WildType
HNF1A,NM_000545.8,276,A,D,GCC,2,GAC,exact nucleotide concordance,14945,reviewed by expert panel,3,Maturity-onset diabetes of the young type 3|not provided|Monogenic diabetes|Hyperinsulinism due to HNF1A deficiency,True,False,113,chr12,120994277,+,True,False,True,WildType
HBB,NM_000518.5,104,F,L,TTC,3,TTA,"same-position, alternate-base convergence",15192,no assertion criteria provided,0,"HEMOGLOBIN HEATHROW|Erythrocytosis, familial, 6",False,True,3,chr11,5226580,-,True,False,True,Vitro;WildType
HBB,NM_000518.5,28,A,D,GCC,2,GAC,exact nucleotide concordance,15386,"criteria provided, single submitter",1,HEMOGLOBIN VOLGA|HEMOGLOBIN DRENTHE|not provided,False,False,9,chr11,5226939,-,True,False,True,WildType
HBB,NM_000518.5,115,L,M,CTG,1,ATG,exact nucleotide concordance,15486,"criteria provided, single submitter",1,HEMOGLOBIN ZENGCHENG|beta Thalassemia,False,False,27,chr11,5225699,-,True,False,True,Vitro;WildType
HBB,NM_000518.5,93,H,N,CAC,1,AAC,exact nucleotide concordance,15494,no assertion criteria provided,0,Hemoglobinopathy,False,False,38,chr11,5226615,-,True,False,True,Vitro;WildType
HBB,NM_000518.5,116,A,D,GCC,2,GAC,exact nucleotide concordance,15526,"criteria provided, multiple submitters, no conflicts",2,Hemoglobinopathy|Dominant beta-thalassemia|not provided,True,False,31,chr11,5225695,-,True,False,True,Vitro;WildType
HBB,NM_000518.5,98,H,N,CAC,1,AAC,exact nucleotide concordance,15607,"criteria provided, single submitter",1,HEMOGLOBIN SANTA CLARA|not provided,False,False,23,chr11,5226600,-,True,False,True,Vitro;WildType
HBA1,NM_000558.5,111,A,D,GCC,2,GAC,exact nucleotide concordance,15800,"criteria provided, multiple submitters, no conflicts",2,"HEMOGLOBIN PETAH TIKVA|not provided|Erythrocytosis, familial, 7;Heinz body anemia;Hemoglobin H disease;Methemoglobinemia, alpha type;alpha Thalassemia|alpha Thalassemia",True,False,31,chr16,177314,+,True,False,True,WildType
KRT1,NM_006121.4,188,N,K,AAC,3,AAA,exact nucleotide concordance,15914,"criteria provided, multiple submitters, no conflicts",2,Epidermolytic ichthyosis|not provided|KRT1-related disorder,True,False,27,chr12,52679785,-,False,False,False,
GHRHR,NM_000823.4,222,A,E,GCA,2,GAA,exact nucleotide concordance,15993,no assertion criteria provided,0,"Isolated growth hormone deficiency, type 4",False,False,67,chr7,30974052,+,True,False,True,WildType
CSF3R,NM_000760.4,640,T,N,ACC,2,AAC,exact nucleotide concordance,16005,no assertion criteria provided,0,Hereditary neutrophilia,False,False,39,chr1,36467597,-,True,False,True,WildType
GRN,NM_002087.4,9,A,D,GCC,2,GAC,exact nucleotide concordance,16013,"criteria provided, multiple submitters, no conflicts",2,GRN-related frontotemporal lobar degeneration with Tdp43 inclusions|not provided|GRN-related frontotemporal lobar degeneration with Tdp43 inclusions;Neuronal ceroid lipofuscinosis 11,True,False,25,chr17,44349190,+,True,False,True,Vivo;WildType
GNRHR,NM_000406.3,129,A,D,GCC,2,GAC,exact nucleotide concordance,16026,"criteria provided, multiple submitters, no conflicts",2,Hypogonadotropic hypogonadism 7 with or without anosmia|not provided,True,False,136,chr4,67753950,-,True,False,True,Vivo
GNRHR,NM_000406.3,217,S,R,AGC,3,AGA,exact nucleotide concordance,16027,no assertion criteria provided,0,Hypogonadotropic hypogonadism 7 with or without anosmia,False,False,91,chr4,67744659,-,False,False,False,
GYS2,NM_021957.4,479,P,Q,CCA,2,CAA,exact nucleotide concordance,16051,"criteria provided, multiple submitters, no conflicts",2,Glycogen storage disorder due to hepatic glycogen synthase deficiency|not provided,True,False,13,chr12,21546457,-,True,False,True,Vitro;Vivo;WildType
GLRA1,NM_000171.4,278,P,T,CCT,1,ACT,exact nucleotide concordance,16066,no assertion criteria provided,0,Hyperekplexia 1,False,False,80,chr5,151851470,-,True,False,True,WildType
GLRA1,NM_000171.4,259,S,R,AGC,3,AGA,"same-position, alternate-base convergence",16071,no assertion criteria provided,0,Hyperekplexia 1,False,False,79,chr5,151851525,-,True,False,True,WildType
CFB,NM_001710.6,286,F,L,TTC,3,TTA,"same-position, alternate-base convergence",16079,"criteria provided, single submitter",1,Atypical hemolytic-uremic syndrome with B factor anomaly|Atypical hemolytic-uremic syndrome,False,False,39,chr6,31948042,+,False,False,False,
NR3C1,NM_000176.3,737,F,L,TTC,3,TTA,different-position convergence,16158,no assertion criteria provided,0,Glucocorticoid resistance,False,False,27,chr5,143282014,-,False,False,False,
MPV17,NM_002437.5,166,N,K,AAC,3,AAA,exact nucleotide concordance,16161,no assertion criteria provided,0,Mitochondrial DNA depletion syndrome 6 (hepatocerebral type),False,False,33,chr2,27309945,-,True,False,True,Vitro
GFAP,NM_002055.5,88,R,S,CGC,1,AGC,exact nucleotide concordance,16173,no assertion criteria provided,0,Alexander disease|not provided,False,False,199,chr17,44915225,-,False,False,False,
GFAP,NM_002055.5,78,D,E,GAC,3,GAA,exact nucleotide concordance,16179,"criteria provided, single submitter",1,Alexander disease|not provided,False,False,227,chr17,44915253,-,False,False,False,
FUS,NM_004960.4,517,H,Q,CAC,3,CAA,"same-position, alternate-base convergence",16221,no assertion criteria provided,0,"Amyotrophic lateral sclerosis 6, autosomal recessive",False,False,9,chr16,31191408,+,True,False,True,Vitro
FSHR,NM_000145.4,519,P,T,CCC,1,ACC,exact nucleotide concordance,16251,no assertion criteria provided,0,Ovarian dysgenesis 1,False,False,533,chr2,48963266,-,True,False,True,Vitro
FSHR,NM_000145.4,128,S,Y,TCC,2,TAC,exact nucleotide concordance,16254,no assertion criteria provided,0,Ovarian hyperstimulation syndrome,False,False,8,chr2,48990629,-,False,False,False,
FGFR1,NM_023110.3,722,P,H,CCC,2,CAC,exact nucleotide concordance,242777,"criteria provided, single submitter",1,Hypogonadotropic hypogonadism 2 with or without anosmia,False,False,21,chr8,38414173,-,True,False,True,WildType
FGFR3,NM_000142.5,391,A,E,GCG,2,GAG,exact nucleotide concordance,16329,"criteria provided, multiple submitters, no conflicts",2,Crouzon syndrome-acanthosis nigricans syndrome|Inborn genetic diseases|Craniosynostosis syndrome|not provided|Common craniosynostosis syndromes|FGFR3-related disorder,True,False,94,chr4,1804426,+,True,False,True,WildType
FGFR3,NM_000142.5,540,N,K,AAC,3,AAA,exact nucleotide concordance,16337,"criteria provided, multiple submitters, no conflicts",2,Hypochondroplasia|not provided|Achondroplasia|Neurodevelopmental delay|FGFR3-related disorder|FGFR3-related chondrodysplasia|Inborn genetic diseases,True,False,25,chr4,1805644,+,False,False,False,
F13A1,NM_000129.4,61,N,K,AAC,3,AAA,exact nucleotide concordance,16527,no assertion criteria provided,0,"Factor XIII, A subunit, deficiency of",False,False,52,chr6,6305487,-,True,False,True,Vitro
ERCC5,NM_000123.4,72,P,H,CCT,2,CAT,exact nucleotide concordance,16572,no assertion criteria provided,0,Xeroderma pigmentosum group G/Cockayne syndrome,False,False,49,chr13,102852244,+,False,False,False,
ERCC1,NM_001983.4,231,F,L,TTC,3,TTA,"same-position, alternate-base convergence",16778,no assertion criteria provided,0,Cerebrooculofacioskeletal syndrome 4|Cockayne syndrome,False,False,9,chr19,45414870,-,True,False,True,Vitro
ERCC2,NM_000400.4,541,S,R,AGC,3,AGA,different-position convergence,16783,"criteria provided, single submitter",1,"Xeroderma pigmentosum, group D|Xeroderma pigmentosum",False,False,44,chr19,45354774,-,False,False,False,
DSP,NM_004415.4,299,S,R,AGC,3,AGA,"same-position, alternate-base convergence",16838,no assertion criteria provided,0,Arrhythmogenic right ventricular dysplasia 8,False,False,42,chr6,7565478,+,True,False,True,WildType
DSPP,NM_014208.3,17,P,T,CCA,1,ACA,exact nucleotide concordance,16855,no assertion criteria provided,0,"Deafness, autosomal dominant nonsyndromic sensorineural 39, with dentinogenesis imperfecta 1",False,True,2,chr4,87610957,+,False,False,False,
CRYGD,NM_006891.4,37,R,S,CGC,1,AGC,exact nucleotide concordance,16939,"criteria provided, single submitter",1,Cataract 4 multiple types|Aculeiform cataract,False,False,99,chr2,208124255,-,False,False,False,
CRYGD,NM_006891.4,24,P,T,CCC,1,ACC,exact nucleotide concordance,16940,"criteria provided, multiple submitters, no conflicts",2,Cataract 4 multiple types|Developmental cataract|Aculeiform cataract|not provided|CRYGD-related disorder,True,False,60,chr2,208124294,-,False,False,False,
MSX2,NM_002449.5,148,P,H,CCC,2,CAC,exact nucleotide concordance,16961,"criteria provided, multiple submitters, no conflicts",2,Craniosynostosis 2|Cranium bifidum occultum,True,False,63,chr5,174729222,+,True,False,True,Vitro;WildType
GJA1,NM_000165.5,76,R,S,CGC,1,AGC,exact nucleotide concordance,16997,"criteria provided, multiple submitters, no conflicts",2,"Oculodentodigital dysplasia|not provided|Oculodentodigital dysplasia, autosomal recessive",True,False,225,chr6,121447073,+,False,False,False,
GJB2,NM_004004.6,54,N,K,AAC,3,AAA,exact nucleotide concordance,17030,no assertion criteria provided,0,"Knuckle pads, deafness AND leukonychia syndrome",False,False,161,chr13,20189420,-,True,False,True,Vivo
DCC,NM_005215.4,1375,P,H,CCT,2,CAT,exact nucleotide concordance,17074,no assertion criteria provided,0,Carcinoma of colon,False,False,12,chr18,53526629,+,False,False,False,
COL8A2,NM_005202.4,455,Q,K,CAG,1,AAG,exact nucleotide concordance,17147,no assertion criteria provided,0,"Corneal dystrophy, Fuchs endothelial, 1|Posterior polymorphous corneal dystrophy 2",False,False,749,chr1,36098318,-,True,False,True,WildType
CHN1,NM_001822.7,252,P,Q,CCA,2,CAA,exact nucleotide concordance,17555,no assertion criteria provided,0,Duane retraction syndrome 2,False,False,42,chr2,174812440,-,True,False,True,WildType
CTNNB1,NM_001904.4,33,S,Y,TCT,2,TAT,exact nucleotide concordance,17577,no assertion criteria provided,0,Carcinoma of colon|Pilomatrixoma|Adamantinous craniopharyngioma,False,False,84,chr3,41224610,+,False,False,False,
SLC4A1,NM_000342.4,589,R,S,CGC,1,AGC,exact nucleotide concordance,17766,"criteria provided, single submitter",1,Autosomal dominant distal renal tubular acidosis|not provided,False,False,35,chr17,44255708,-,True,False,True,Vitro
SLC4A1,NM_000342.4,858,A,D,GCC,2,GAC,exact nucleotide concordance,17771,"criteria provided, multiple submitters, no conflicts",2,"Autosomal dominant distal renal tubular acidosis|Renal tubular acidosis, distal, 4, with hemolytic anemia|11 conditions|Distal renal tubular acidosis|not provided|Autosomal dominant distal renal tubular acidosis;Renal tubular acidosis, distal, 4, with hemolytic anemia",True,False,82,chr17,44251241,-,False,False,False,
APOE,NM_000041.4,154,R,S,CGC,1,AGC,exact nucleotide concordance,17850,"criteria provided, multiple submitters, no conflicts",2,Familial type 3 hyperlipoproteinemia|Familial hypercholesterolemia,True,False,223,chr19,44908756,+,False,False,False,
SERPINC1,NM_000488.4,79,R,S,CGT,1,AGT,exact nucleotide concordance,18015,reviewed by expert panel,3,Hereditary antithrombin deficiency,True,False,173,chr1,173914726,-,True,False,True,Vitro;WildType
PSEN1,NM_000021.4,246,A,E,GCG,2,GAG,exact nucleotide concordance,18125,"criteria provided, multiple submitters, no conflicts",2,"Alzheimer disease 3|not provided|Frontotemporal dementia;Alzheimer disease 3;Acne inversa, familial, 3;Pick disease",True,False,32,chr14,73192832,+,True,False,True,WildType
PSEN1,NM_000021.4,174,L,M,CTG,1,ATG,exact nucleotide concordance,18147,no assertion criteria provided,0,not provided|Alzheimer disease 3,False,False,28,chr14,73186892,+,False,False,False,
PSEN1,NM_000021.4,436,P,Q,CCA,2,CAA,exact nucleotide concordance,18150,no assertion criteria provided,0,not provided|Alzheimer disease 3,False,False,58,chr14,73219192,+,True,False,True,Vitro
PSEN1,NM_000021.4,431,A,E,GCA,2,GAA,exact nucleotide concordance,18155,"criteria provided, multiple submitters, no conflicts",2,"Alzheimer disease 3|not provided|Alzheimer disease 3;Acne inversa, familial, 3;Pick disease;Frontotemporal dementia|Alzheimer disease 3;Acne inversa, familial, 3;Dilated cardiomyopathy 1U;Pick disease;Frontotemporal dementia",True,False,43,chr14,73219177,+,True,False,True,Vitro
SLC25A4,NM_001151.4,123,A,D,GCT,2,GAT,exact nucleotide concordance,18249,"criteria provided, multiple submitters, no conflicts",2,"Mitochondrial DNA depletion syndrome 12B (cardiomyopathic type), autosomal recessive|not provided|Myopia;Progressive sensorineural hearing impairment;Vertigo|Left ventricular hypertrophy|Hypertrophic cardiomyopathy;Mitochondrial respiratory chain defects;Abnormality of mitochondrial metabolism;Inborn mitochondrial myopathy|Progressive external ophthalmoplegia with mitochondrial DNA deletions, autosomal dominant 2",True,False,230,chr4,185145020,+,True,False,True,Vivo
CHRND,NM_000751.3,271,P,Q,CCG,2,CAG,exact nucleotide concordance,18364,"criteria provided, single submitter",1,Congenital myasthenic syndrome 3B|Congenital myasthenic syndrome 3B;Congenital myasthenic syndrome 3C;Lethal multiple pterygium syndrome,False,False,8,chr2,232530131,+,False,False,False,
CHRNB1,NM_000747.3,285,L,M,CTG,1,ATG,exact nucleotide concordance,18373,"criteria provided, single submitter",1,Congenital myasthenic syndrome 2A|See cases,False,False,32,chr17,7454329,+,True,False,True,Vitro;WildType
CHRNA1,NM_000079.4,237,N,K,AAC,3,AAA,"same-position, alternate-base convergence",18376,no assertion criteria provided,0,Congenital myasthenic syndrome 1A,False,False,67,chr2,174753570,-,True,False,True,WildType
CHRNA1,NM_000079.4,276,F,L,TTC,3,TTA,different-position convergence,18384,no assertion criteria provided,0,"Myasthenic syndrome, congenital, 1B, fast-channel",False,False,47,chr2,174750122,-,True,False,True,
CLCN1,NM_000083.3,480,P,T,CCC,1,ACC,exact nucleotide concordance,1697271,no assertion criteria provided,0,"Congenital myotonia, autosomal dominant form",False,False,33,chr7,143339289,+,True,False,True,Vivo
SCN4A,NM_000334.4,689,L,I,CTC,1,ATC,exact nucleotide concordance,21152,"criteria provided, single submitter",1,Hyperkalemic periodic paralysis|not provided,False,False,45,chr17,63957473,-,False,False,False,
ABCC8,NM_000352.6,211,Q,K,CAA,1,AAA,exact nucleotide concordance,21169,"criteria provided, multiple submitters, no conflicts",2,Permanent neonatal diabetes mellitus|not provided,True,False,51,chr11,17461774,-,False,False,False,
DHCR7,NM_001360.3,302,F,L,TTC,3,TTA,"same-position, alternate-base convergence",21277,"criteria provided, multiple submitters, no conflicts",2,Smith-Lemli-Opitz syndrome|Inborn genetic diseases|DHCR7-related disorder,True,False,57,chr11,71437869,-,True,False,True,Vitro;Vivo;WildType
TARDBP,NM_007375.4,345,N,K,AAC,3,AAA,exact nucleotide concordance,21467,"criteria provided, single submitter",1,"Amyotrophic lateral sclerosis type 10;FRONTOTEMPORAL LOBAR DEGENERATION WITH TDP43 INCLUSIONS, TARDBP-RELATED",False,False,210,chr1,11022444,+,True,False,True,Vitro;Vivo;WildType
CDAN1,NM_138477.4,52,F,L,TTC,3,TTA,"same-position, alternate-base convergence",21746,"criteria provided, multiple submitters, no conflicts",2,"not provided|Anemia, congenital dyserythropoietic, type 1a|Congenital dyserythropoietic anemia, type I|CDAN1-related disorder",True,False,65,chr15,42736715,-,False,False,False,
KCNQ2,NM_172107.4,359,T,K,ACG,2,AAG,exact nucleotide concordance,21757,"criteria provided, single submitter",1,"Seizures, benign familial neonatal, 1|Early-infantile DEE",False,False,42,chr20,63433851,-,False,False,False,
KCNQ2,NM_172107.4,228,H,Q,CAC,3,CAA,exact nucleotide concordance,21797,"criteria provided, single submitter",1,"Seizures, benign familial neonatal, 1|Complex neurodevelopmental disorder|Early-infantile DEE|not provided",False,False,6,chr20,63444665,-,False,False,False,
SMAD4,NM_005359.6,361,R,S,CGC,1,AGC,exact nucleotide concordance,24822,"criteria provided, single submitter",1,Juvenile polyposis syndrome,False,False,58,chr18,51065548,+,True,False,True,Vitro;WildType
BTD,NM_001370658.1,465,H,Q,CAC,3,CAA,"same-position, alternate-base convergence",25090,"criteria provided, multiple submitters, no conflicts",2,Biotinidase deficiency|Inborn genetic diseases|not provided,True,False,177,chr3,15645311,+,False,False,False,
BTD,NM_001370658.1,523,D,E,GAC,3,GAA,exact nucleotide concordance,25103,"criteria provided, multiple submitters, no conflicts",2,Biotinidase deficiency|not provided,False,True,3,chr3,15645485,+,True,False,True,WildType
GALT,NM_000155.4,31,H,N,CAT,1,AAT,exact nucleotide concordance,25122,"criteria provided, multiple submitters, no conflicts",2,Galactosemia|Deficiency of UDPglucose-hexose-1-phosphate uridylyltransferase,True,False,8,chr9,34647097,+,False,False,False,
GALT,NM_000155.4,132,H,Q,CAC,3,CAA,exact nucleotide concordance,25170,"criteria provided, multiple submitters, no conflicts",2,Deficiency of UDPglucose-hexose-1-phosphate uridylyltransferase|not provided|Galactosemia,True,False,18,chr9,34647850,+,True,False,True,Vivo;WildType
GALT,NM_000155.4,169,Q,K,CAG,1,AAG,exact nucleotide concordance,2675831,"criteria provided, multiple submitters, no conflicts",2,Deficiency of UDPglucose-hexose-1-phosphate uridylyltransferase|Galactosemia,False,True,2,chr9,34647959,+,True,False,True,Vitro;Vivo;WildType
GALT,NM_000155.4,184,H,Q,CAC,3,CAA,exact nucleotide concordance,25210,"criteria provided, multiple submitters, no conflicts",2,Deficiency of UDPglucose-hexose-1-phosphate uridylyltransferase|not provided|Galactosemia,True,False,12,chr9,34648159,+,True,False,True,Vivo
GALT,NM_000155.4,223,R,S,CGC,1,AGC,exact nucleotide concordance,1482501,"criteria provided, multiple submitters, no conflicts",2,Deficiency of UDPglucose-hexose-1-phosphate uridylyltransferase,True,False,20,chr9,34648436,+,True,False,True,WildType
GALT,NM_000155.4,295,P,T,CCC,1,ACC,exact nucleotide concordance,25285,"criteria provided, multiple submitters, no conflicts",2,Deficiency of UDPglucose-hexose-1-phosphate uridylyltransferase|not provided|Galactosemia,True,False,21,chr9,34649060,+,True,False,True,Vitro
GALT,NM_000155.4,344,Q,K,CAG,1,AAG,exact nucleotide concordance,25320,"criteria provided, multiple submitters, no conflicts",2,Deficiency of UDPglucose-hexose-1-phosphate uridylyltransferase|not provided|Galactosemia,True,False,29,chr9,34649535,+,True,False,True,WildType
SLC22A5,NM_003060.4,17,F,L,TTC,3,TTA,"same-position, alternate-base convergence",25350,"criteria provided, multiple submitters, no conflicts",2,Renal carnitine transport defect|not provided|Carnitine deficiency,True,False,50,chr5,132370023,+,False,False,False,
SLC22A5,NM_003060.4,301,A,D,GCC,2,GAC,exact nucleotide concordance,1459138,"criteria provided, multiple submitters, no conflicts",2,Renal carnitine transport defect,True,False,49,chr5,132387102,+,True,False,True,Vivo
GUCY2D,NM_000180.4,838,R,S,CGC,1,AGC,exact nucleotide concordance,98568,"criteria provided, multiple submitters, no conflicts",2,not provided|Cone-rod dystrophy 6;Leber congenital amaurosis 1|Cone-rod dystrophy 6,True,False,64,chr17,8014700,+,True,False,True,WildType
ACO2,NM_001098.3,112,S,R,AGC,3,AGA,"same-position, alternate-base convergence",29584,no assertion criteria provided,0,Infantile cerebellar-retinal degeneration,False,False,96,chr22,41507953,+,False,False,False,
ACTG1,NM_001614.5,203,T,K,ACG,2,AAG,exact nucleotide concordance,29588,no assertion criteria provided,0,not provided|Baraitser-winter syndrome 2,False,False,194,chr17,81511382,-,False,False,False,
ADK,NM_006721.4,318,A,E,GCA,2,GAA,exact nucleotide concordance,29603,"criteria provided, single submitter",1,Adenosine kinase deficiency,False,False,11,chr10,74670258,+,True,False,True,WildType
GJA5,NM_181703.4,221,L,I,CTT,1,ATT,exact nucleotide concordance,29665,no assertion criteria provided,0,"Atrial fibrillation, familial, 11",False,False,416,chr1,147758578,-,True,False,True,Vivo
GJA5,NM_181703.4,229,L,M,CTG,1,ATG,exact nucleotide concordance,29666,no assertion criteria provided,0,"Atrial fibrillation, familial, 11",False,False,392,chr1,147758554,-,True,True,True,Vivo
FSHR,NM_000145.4,587,P,H,CCC,2,CAC,exact nucleotide concordance,29704,no assertion criteria provided,0,Ovarian dysgenesis 1,False,False,328,chr2,48963061,-,True,False,True,Vitro;WildType
GRIN2A,NM_001134407.3,615,N,K,AAC,3,AAA,exact nucleotide concordance,29733,"criteria provided, single submitter",1,Landau-Kleffner syndrome,False,False,67,chr16,9829585,-,False,False,False,
GLUL,NM_001033044.4,324,R,S,CGC,1,AGC,exact nucleotide concordance,29734,no assertion criteria provided,0,Congenital brain dysgenesis due to glutamine synthetase deficiency,False,False,152,chr1,182384557,-,True,False,True,Vitro;WildType
ENPP1,NM_006208.3,305,P,T,CCA,1,ACA,exact nucleotide concordance,29842,"criteria provided, multiple submitters, no conflicts",2,"Arterial calcification, generalized, of infancy, 1|not provided|Arterial calcification, generalized, of infancy, 1;Hypopigmentation-punctate palmoplantar keratoderma syndrome;Hypophosphatemic rickets, autosomal recessive, 2;Type 2 diabetes mellitus;Inherited obesity|ENPP1-related disorder",False,True,2,chr6,131860504,+,False,False,False,
SLC5A2,NM_003041.4,98,F,L,TTC,3,TTA,exact nucleotide concordance,29882,no assertion criteria provided,0,Familial renal glucosuria,False,False,9,chr16,31484914,+,False,False,False,
SCN1A,NM_001165963.4,1669,A,E,GCG,2,GAG,exact nucleotide concordance,29883,"criteria provided, single submitter",1,Severe myoclonic epilepsy in infancy|Early-infantile DEE,False,False,153,chr2,165992269,-,False,False,False,
UBQLN2,NM_013444.4,497,P,H,CCC,2,CAC,exact nucleotide concordance,29950,"criteria provided, multiple submitters, no conflicts",2,Amyotrophic lateral sclerosis type 15|not provided,True,False,385,chrX,56565363,+,False,False,False,
UBQLN2,NM_013444.4,506,P,T,CCT,1,ACT,exact nucleotide concordance,29952,"criteria provided, single submitter",1,Amyotrophic lateral sclerosis type 15,False,False,359,chrX,56565389,+,True,True,True,WildType
SHOX,NM_000451.4,170,A,D,GCC,2,GAC,exact nucleotide concordance,29995,no assertion criteria provided,0,Leri-Weill dyschondrosteosis,False,False,22,chrX,640843,+,False,False,False,
KDM5C,NM_004187.5,554,P,T,CCT,1,ACT,exact nucleotide concordance,29997,"criteria provided, single submitter",1,Syndromic X-linked intellectual disability Claes-Jensen type|Inborn genetic diseases,False,False,76,chrX,53210500,-,False,False,False,
PDE4D,NM_001104631.2,225,P,T,CCA,1,ACA,exact nucleotide concordance,30035,no assertion criteria provided,0,Acrodysostosis 2 with or without hormone resistance,False,False,11,chr5,59193511,-,False,False,False,
CYP1B1,NM_000104.4,261,F,L,TTC,3,TTA,exact nucleotide concordance,30223,"criteria provided, single submitter",1,Glaucoma 3A|Anterior segment dysgenesis 6,False,False,260,chr2,38074606,-,False,False,False,
ABCC6,NM_001171.6,1406,Q,K,CAG,1,AAG,exact nucleotide concordance,30338,no assertion criteria provided,0,"Autosomal recessive inherited pseudoxanthoma elasticum|Arterial calcification, generalized, of infancy, 2",False,False,7,chr16,16150765,-,True,False,True,Vitro;Vivo;WildType
KISS1,NM_002256.4,113,N,K,AAC,3,AAA,"same-position, alternate-base convergence",30349,no assertion criteria provided,0,Hypogonadotropic hypogonadism 13 with or without anosmia,False,False,78,chr1,204190562,-,False,False,False,
PLA2G6,NM_003560.4,72,F,L,TTC,3,TTA,exact nucleotide concordance,30368,no assertion criteria provided,0,Autosomal recessive Parkinson disease 14,False,False,6,chr22,38145647,-,False,False,False,
JPH2,NM_020433.5,101,S,R,AGC,3,AGA,different-position convergence,30455,no assertion criteria provided,0,Hypertrophic cardiomyopathy 17,False,False,78,chr20,44186405,-,True,False,True,
OPA1,NM_130837.3,600,S,R,AGC,3,AGA,"same-position, alternate-base convergence",30461,"criteria provided, multiple submitters, no conflicts",2,"Optic atrophy with or without deafness, ophthalmoplegia, myopathy, ataxia, and neuropathy|Mitochondrial disease|not provided|Autosomal dominant optic atrophy classic form|Optic atrophy",True,False,45,chr3,193647110,+,False,False,False,
TRPV4,NM_021625.5,542,S,Y,TCT,2,TAT,exact nucleotide concordance,30469,"criteria provided, single submitter",1,Charcot-Marie-Tooth disease axonal type 2C|Neuromuscular disease;Skeletal dysplasia,False,False,33,chr12,109793560,-,True,False,True,Vitro;Vivo;WildType
ATL1,NM_015915.5,355,N,K,AAC,3,AAA,exact nucleotide concordance,30579,"criteria provided, single submitter",1,"Neuropathy, hereditary sensory, type 1D|Penetrating foot ulcers;Osteomyelitis leading to amputation due to slow healing fractures;Distal sensory impairment;Distal lower limb muscle weakness|Charcot-Marie-Tooth disease",False,False,17,chr14,50623194,+,True,False,True,WildType
ST3GAL3,NM_006279.5,13,A,D,GCC,2,GAC,exact nucleotide concordance,30587,no assertion criteria provided,0,"Intellectual disability, autosomal recessive 12",False,False,37,chr1,43736300,+,True,False,True,Vivo;WildType
MCPH1,NM_024596.5,49,H,Q,CAC,3,CAA,"same-position, alternate-base convergence",30640,no assertion criteria provided,0,"Microcephaly 1, primary, autosomal recessive",False,False,32,chr8,6414797,+,True,False,True,Vivo;WildType
LIPH,NM_139248.3,248,H,N,CAC,1,AAC,exact nucleotide concordance,30669,"criteria provided, multiple submitters, no conflicts",2,"Woolly hair, autosomal recessive 2, with or without hypotrichosis|Hypotrichosis 7|not provided",True,False,23,chr3,185519286,-,False,False,False,
DNAJB6,NM_058246.4,93,F,L,TTC,3,TTA,different-position convergence,30904,"criteria provided, single submitter",1,Autosomal dominant limb-girdle muscular dystrophy type 1D (DNAJB6),False,False,41,chr7,157367414,+,True,False,True,
HEPACAM,NM_152722.5,196,S,Y,TCC,2,TAC,exact nucleotide concordance,30914,"criteria provided, single submitter",1,Megalencephalic leukoencephalopathy with subcortical cysts 2A|not provided,False,False,122,chr11,124923851,-,True,False,True,Vitro;Vivo;WildType
CANT1,NM_001159773.2,360,A,D,GCC,2,GAC,exact nucleotide concordance,31019,no assertion criteria provided,0,Desbuquois dysplasia 1,False,False,127,chr17,78993677,-,False,False,False,
POLR3B,NM_018082.6,926,D,E,GAC,3,GAA,"same-position, alternate-base convergence",31163,no assertion criteria provided,0,"Leukodystrophy, hypomyelinating, 8, with or without oligodontia and/or hypogonadotropic hypogonadism",False,False,39,chr12,106496119,+,True,False,True,Vivo;WildType
POLR3B,NM_018082.6,503,T,K,ACA,2,AAA,exact nucleotide concordance,31164,no assertion criteria provided,0,"Leukodystrophy, hypomyelinating, 8, with or without oligodontia and/or hypogonadotropic hypogonadism",False,False,43,chr12,106432361,+,False,False,False,
KLHL3,NM_017415.3,529,N,K,AAC,3,AAA,exact nucleotide concordance,31545,no assertion criteria provided,0,Pseudohypoaldosteronism type 2D,False,False,4,chr5,137628301,-,True,False,True,WildType
CRPPA,NM_001101426.4,216,A,D,GCT,2,GAT,exact nucleotide concordance,31565,no assertion criteria provided,0,"Muscular dystrophy-dystroglycanopathy (congenital with brain and eye anomalies), type A, 7",False,False,37,chr7,16376129,-,False,False,False,
COQ6,NM_182476.3,353,A,D,GCT,2,GAT,exact nucleotide concordance,31595,"criteria provided, single submitter",1,Familial steroid-resistant nephrotic syndrome with sensorineural deafness,False,False,36,chr14,73961339,+,True,False,True,WildType
CAV3,NM_033337.3,61,S,R,AGC,3,AGA,exact nucleotide concordance,31729,"criteria provided, single submitter",1,not provided|CAV3-related disorder,False,False,68,chr3,8745594,+,False,False,False,
IRX5,NM_005853.6,166,N,K,AAC,3,AAA,exact nucleotide concordance,31910,no assertion criteria provided,0,Craniofacial dysplasia - osteopenia syndrome,False,False,157,chr16,54932746,+,False,False,False,
CHMP2B,NM_014043.4,104,T,N,ACT,2,AAT,exact nucleotide concordance,35472,no assertion criteria provided,0,Frontotemporal dementia and/or amyotrophic lateral sclerosis 7,False,False,10,chr3,87245898,+,False,False,False,
AVPR2,NM_000054.7,321,N,K,AAC,3,AAA,exact nucleotide concordance,35749,"criteria provided, single submitter",1,Nephrogenic diabetes insipidus,False,False,52,chrX,153906575,+,False,False,False,
CASR,NM_000388.4,559,P,H,CCC,2,CAC,exact nucleotide concordance,35780,"criteria provided, single submitter",1,Familial hypocalciuric hypercalcemia,False,False,56,chr3,122282180,+,True,False,True,Vitro;WildType
CASR,NM_000388.4,645,A,D,GCC,2,GAC,exact nucleotide concordance,35785,"criteria provided, single submitter",1,Familial hypoparathyroidism,False,False,201,chr3,122283888,+,False,False,False,
CASR,NM_000388.4,748,P,Q,CCG,2,CAG,exact nucleotide concordance,35788,"criteria provided, multiple submitters, no conflicts",2,Familial hypocalciuric hypercalcemia|not provided,True,False,510,chr3,122284197,+,False,False,False,
CFTR,NM_000492.4,923,A,D,GCC,2,GAC,exact nucleotide concordance,35848,"criteria provided, single submitter",1,Cystic fibrosis,False,False,110,chr7,117603642,+,False,False,False,
GCK,NM_000162.5,379,A,E,GCG,2,GAG,exact nucleotide concordance,36177,reviewed by expert panel,3,Maturity-onset diabetes of the young type 2|not provided|Maturity-onset diabetes of the young|Monogenic diabetes,True,False,116,chr7,44145614,-,False,False,False,
GCK,NM_000162.5,387,A,E,GCG,2,GAG,exact nucleotide concordance,36181,reviewed by expert panel,3,Maturity-onset diabetes of the young type 2|Monogenic diabetes,True,False,93,chr7,44145590,-,False,False,False,
GCK,NM_000162.5,49,T,N,ACC,2,AAC,exact nucleotide concordance,36204,reviewed by expert panel,3,Maturity-onset diabetes of the young type 2|Monogenic diabetes,True,False,62,chr7,44153363,-,True,False,True,Vivo
LEPR,NM_002303.6,960,N,K,AAC,3,AAA,"same-position, alternate-base convergence",36465,"criteria provided, single submitter",1,Obesity,False,False,206,chr1,65636397,+,False,False,False,
MEN1,NM_001370259.2,139,H,Q,CAC,3,CAA,"same-position, alternate-base convergence",36529,"criteria provided, single submitter",1,"Multiple endocrine neoplasia, type 1",False,False,28,chr11,64809693,-,True,False,True,Vivo;WildType
PRKAG2,NM_016203.4,293,F,L,TTC,3,TTA,exact nucleotide concordance,36698,"criteria provided, multiple submitters, no conflicts",2,Cardiomyopathy|Hypertrophic cardiomyopathy|Lethal congenital glycogen storage disease of heart,True,False,14,chr7,151576438,-,True,False,True,Vivo
DPAGT1,NM_001382.4,120,L,M,CTG,1,ATG,exact nucleotide concordance,36921,no assertion criteria provided,0,Congenital myasthenic syndrome 13,False,False,75,chr11,119100768,-,True,False,True,WildType
VAX1,NM_001112704.2,152,R,S,CGC,1,AGC,exact nucleotide concordance,36954,no assertion criteria provided,0,"Microphthalmia, syndromic 11",False,False,24,chr10,117134559,-,False,False,False,
KCTD7,NM_153033.5,108,L,M,CTG,1,ATG,exact nucleotide concordance,37013,no assertion criteria provided,0,Progressive myoclonic epilepsy type 3,False,False,7,chr7,66638260,+,True,False,True,Vitro;WildType
TGFB2,NM_003238.6,338,P,H,CCC,2,CAC,exact nucleotide concordance,37085,"criteria provided, single submitter",1,Loeys-Dietz syndrome 4,False,False,73,chr1,218437423,+,True,False,True,Vivo
BMP1,NM_006129.5,249,F,L,TTC,3,TTA,"same-position, alternate-base convergence",37306,"criteria provided, single submitter",1,Osteogenesis imperfecta type 13,False,False,16,chr8,22177868,+,True,False,True,Vitro;Vivo
HINT1,NM_005340.7,112,H,N,CAT,1,AAT,exact nucleotide concordance,37315,"criteria provided, multiple submitters, no conflicts",2,Autosomal recessive axonal neuropathy with neuromyotonia,True,False,47,chr5,131159494,-,True,False,True,Vivo;WildType
GALT,NM_000155.4,250,P,T,CCC,1,ACC,exact nucleotide concordance,37354,"criteria provided, single submitter",1,not specified,False,False,60,chr9,34648822,+,True,False,True,Vivo;WildType
BRCA1,NM_007294.4,1691,T,K,ACA,2,AAA,exact nucleotide concordance,37627,"criteria provided, multiple submitters, no conflicts",2,"Breast-ovarian cancer, familial, susceptibility to, 1|Hereditary breast ovarian cancer syndrome|not provided|Hereditary cancer-predisposing syndrome|Familial cancer of breast",False,True,2,chr17,43067610,-,True,False,True,WildType
SLC25A15,NM_014252.4,188,F,L,TTC,3,TTA,"same-position, alternate-base convergence",38399,"criteria provided, multiple submitters, no conflicts",2,Hyperornithinemia-hyperammonemia-homocitrullinuria syndrome,True,False,58,chr13,40807405,+,False,False,False,
GNPTAB,NM_024312.5,15,S,Y,TCC,2,TAC,exact nucleotide concordance,39081,"criteria provided, single submitter",1,Pseudo-Hurler polydystrophy|Mucolipidosis type II;Pseudo-Hurler polydystrophy,False,False,43,chr12,101830632,-,False,False,False,
ECEL1,NM_004826.4,418,R,S,CGT,1,AGT,exact nucleotide concordance,39490,no assertion criteria provided,0,Distal arthrogryposis type 5D,False,False,67,chr2,232484156,-,True,False,True,WildType
OPLAH,NM_017570.5,323,S,R,AGC,3,AGA,exact nucleotide concordance,39635,no assertion criteria provided,0,5-Oxoprolinase deficiency,False,False,19,chr8,144058129,-,False,False,False,
PTEN,NM_000314.8,167,T,N,ACT,2,AAT,exact nucleotide concordance,39668,reviewed by expert panel,3,Macrocephaly-autism syndrome|PTEN hamartoma tumor syndrome,True,False,7,chr10,87952125,+,True,False,True,WildType
PLCG2,NM_002661.5,707,S,Y,TCC,2,TAC,exact nucleotide concordance,39696,no assertion criteria provided,0,Autoinflammation-PLCG2-associated antibody deficiency-immune dysregulation,False,False,65,chr16,81919549,+,False,False,False,
ATM,NM_000051.4,2067,A,D,GCC,2,GAC,exact nucleotide concordance,39749,"criteria provided, multiple submitters, no conflicts",2,Ataxia - telangiectasia variant|Hereditary cancer-predisposing syndrome|Ataxia-telangiectasia syndrome|Ataxia-telangiectasia syndrome;Familial cancer of breast|Malignant tumor of breast|not provided|Familial cancer of breast|Breast and/or ovarian cancer|Hereditary breast ovarian cancer syndrome,False,True,1,chr11,108317374,+,False,False,False,
SKI,NM_003036.4,35,P,Q,CCG,2,CAG,exact nucleotide concordance,39785,"criteria provided, single submitter",1,Shprintzen-Goldberg syndrome,False,False,103,chr1,2228870,+,False,False,False,
NDUFS8,NM_002496.4,159,A,D,GCC,2,GAC,exact nucleotide concordance,39834,no assertion criteria provided,0,"Mitochondrial complex I deficiency, nuclear type 2",False,False,25,chr11,68036356,+,True,False,True,WildType
KLF1,NM_006563.5,357,H,Q,CAC,3,CAA,exact nucleotide concordance,40066,no assertion criteria provided,0,BLOOD GROUP--LUTHERAN INHIBITOR,False,False,18,chr19,12884903,-,False,False,False,
BRAF,NM_004333.6,257,Q,K,CAG,1,AAG,exact nucleotide concordance,40351,"criteria provided, multiple submitters, no conflicts",2,Noonan syndrome;Cardio-facio-cutaneous syndrome|not provided|Inborn genetic diseases|RASopathy,True,False,57,chr7,140801503,-,False,False,False,
BRAF,NM_004333.6,262,Q,K,CAA,1,AAA,exact nucleotide concordance,40352,"criteria provided, multiple submitters, no conflicts",2,not provided|RASopathy,True,False,72,chr7,140801488,-,False,False,False,
PTPN11,NM_002834.5,58,N,K,AAC,3,AAA,exact nucleotide concordance,40488,"criteria provided, multiple submitters, no conflicts",2,Noonan syndrome|not provided|Noonan syndrome 3|RASopathy|Noonan syndrome 1|Noonan syndrome and Noonan-related syndrome|Juvenile myelomonocytic leukemia;Metachondromatosis;Noonan syndrome 1;LEOPARD syndrome 1,True,False,36,chr12,112450354,+,True,False,True,Vivo;WildType
PTPN11,NM_002834.5,491,P,T,CCC,1,ACC,exact nucleotide concordance,40549,"criteria provided, multiple submitters, no conflicts",2,not provided|Noonan syndrome|RASopathy|Noonan syndrome 1|Juvenile myelomonocytic leukemia;Metachondromatosis;Noonan syndrome 1;LEOPARD syndrome 1|Cardiovascular phenotype,True,False,23,chr12,112489047,+,True,False,True,Vitro
PTPN11,NM_002834.5,491,P,H,CCC,2,CAC,exact nucleotide concordance,40551,"criteria provided, multiple submitters, no conflicts",2,Noonan syndrome|not provided|RASopathy|Short stature;Abnormal facial shape;Strabismus|Cardiovascular phenotype|Juvenile myelomonocytic leukemia;Metachondromatosis;Noonan syndrome 1;LEOPARD syndrome 1|Noonan syndrome 1|Monogenic short statue,True,False,24,chr12,112489048,+,True,False,True,Vitro
PTPN11,NM_002834.5,510,Q,K,CAG,1,AAG,exact nucleotide concordance,4530410,"criteria provided, single submitter",1,Embryonal rhabdomyosarcoma|RASopathy,False,False,71,chr12,112489104,+,True,False,True,WildType
RAF1,NM_002880.4,261,P,T,CCT,1,ACT,exact nucleotide concordance,40604,"criteria provided, multiple submitters, no conflicts",2,Noonan syndrome|RASopathy|Noonan syndrome and Noonan-related syndrome|Noonan syndrome 1,True,False,53,chr3,12604189,-,True,False,True,Vitro;WildType
MAP2K1,NM_002755.4,124,P,Q,CCG,2,CAG,exact nucleotide concordance,40743,no assertion criteria provided,0,Cardiofaciocutaneous syndrome 3,False,False,67,chr15,66436825,+,True,False,True,Vivo;WildType
LITAF,NM_001136472.2,135,P,T,CCC,1,ACC,exact nucleotide concordance,41230,"criteria provided, single submitter",1,Charcot-Marie-Tooth disease type 1C|Charcot-Marie-Tooth disease,False,False,25,chr16,11549720,-,True,False,True,Vivo;WildType
WRAP53,NM_001143992.2,164,F,L,TTC,3,TTA,exact nucleotide concordance,41252,"criteria provided, single submitter",1,"Dyskeratosis congenita, autosomal recessive 3|not provided",False,False,38,chr17,7689284,+,False,False,False,
STIM1,NM_001382567.1,109,H,N,CAT,1,AAT,exact nucleotide concordance,41482,no assertion criteria provided,0,"Myopathy, tubular aggregate, 1",False,False,54,chr11,4023927,+,True,False,True,Vivo;WildType
STIM1,NM_001382567.1,72,H,Q,CAC,3,CAA,exact nucleotide concordance,3233243,"criteria provided, single submitter",1,"Myopathy, autophagic vacuolar, infantile-onset",False,False,54,chr11,3967628,+,True,False,True,Vitro;Vivo
ERCC5,NM_000123.4,28,A,D,GCT,2,GAT,exact nucleotide concordance,41495,no assertion criteria provided,0,"Xeroderma pigmentosum, group G",False,False,5,chr13,102846349,+,True,False,True,WildType
ACTN1,NM_001130004.2,32,Q,K,CAG,1,AAG,exact nucleotide concordance,42029,no assertion criteria provided,0,Platelet-type bleeding disorder 15,False,False,11,chr14,68978963,-,False,False,False,
CP,NM_000096.4,350,A,D,GCC,2,GAC,exact nucleotide concordance,42047,"criteria provided, single submitter",1,Deficiency of ferroxidase|Neurodegeneration with brain iron accumulation,False,False,12,chr3,149206327,-,True,False,True,Vitro;WildType
CP,NM_000096.4,711,Q,K,CAA,1,AAA,exact nucleotide concordance,42121,no assertion criteria provided,0,Deficiency of ferroxidase,False,False,53,chr3,149185393,-,True,False,True,Vitro;WildType
PRKCG,NM_002739.5,139,H,Q,CAC,3,CAA,exact nucleotide concordance,42171,no assertion criteria provided,0,Spinocerebellar ataxia type 14,False,False,19,chr19,53889905,+,False,False,False,
FBN1,NM_000138.5,1907,N,K,AAC,3,AAA,"same-position, alternate-base convergence",42390,"criteria provided, single submitter",1,Marfan syndrome,False,False,49,chr15,48446773,-,True,False,True,Vitro;WildType
GLA,NM_000169.3,205,P,T,CCT,1,ACT,exact nucleotide concordance,42456,"criteria provided, multiple submitters, no conflicts",2,Fabry disease|not provided|Cardiomyopathy|Cardiovascular phenotype|Hypertrophic cardiomyopathy,True,False,26,chrX,101400692,-,False,False,False,
TP53,NM_000546.6,347,A,D,GCC,2,GAC,exact nucleotide concordance,43587,reviewed by expert panel,3,not specified|not provided|Li-Fraumeni syndrome|Hereditary cancer-predisposing syndrome|Li-Fraumeni syndrome 1,True,False,46,chr17,7670669,-,True,False,True,Vivo
PTPN11,NM_002834.5,79,Q,K,CAG,1,AAG,exact nucleotide concordance,44605,"criteria provided, multiple submitters, no conflicts",2,Noonan syndrome|RASopathy|not provided,True,False,97,chr12,112450415,+,True,False,True,Vitro;Vivo
RAF1,NM_002880.4,259,S,Y,TCC,2,TAC,exact nucleotide concordance,44633,reviewed by expert panel,3,not specified|LEOPARD syndrome 2|RASopathy|Noonan syndrome|not provided|Noonan syndrome 5,True,False,58,chr3,12604194,-,True,False,True,Vitro;WildType
GJB2,NM_004004.6,40,A,E,GCA,2,GAA,exact nucleotide concordance,44723,"criteria provided, multiple submitters, no conflicts",2,Rare genetic deafness|not provided|Nonsyndromic genetic hearing loss|Autosomal recessive nonsyndromic hearing loss 1A,True,False,118,chr13,20189463,-,False,False,False,
GJB2,NM_004004.6,142,F,L,TTC,3,TTA,exact nucleotide concordance,44750,"criteria provided, single submitter",1,Rare genetic deafness,False,False,255,chr13,20189156,-,False,False,False,
BRAF,NM_004333.6,481,A,E,GCA,2,GAA,exact nucleotide concordance,44805,"criteria provided, multiple submitters, no conflicts",2,Cardio-facio-cutaneous syndrome|Cardiofaciocutaneous syndrome 1|Neurodevelopmental delay,True,False,9,chr7,140778066,-,False,False,False,
BRAF,NM_004333.6,241,T,K,ACG,2,AAG,exact nucleotide concordance,44829,reviewed by expert panel,3,Noonan syndrome|RASopathy,True,False,10,chr7,140801550,-,False,False,False,
TMPRSS3,NM_001256317.3,138,A,E,GCA,2,GAA,exact nucleotide concordance,46119,"criteria provided, multiple submitters, no conflicts",2,Rare genetic deafness|not provided|Autosomal recessive nonsyndromic hearing loss 8|Hearing impairment|Nonsyndromic genetic hearing loss|TMPRSS3-related disorder,True,False,33,chr21,42388436,-,True,False,True,Vitro
CLRN1,NM_174878.3,123,A,D,GCT,2,GAT,exact nucleotide concordance,48146,"criteria provided, multiple submitters, no conflicts",2,Usher syndrome type 3|not provided|Rare genetic deafness|Usher syndrome|Usher syndrome type 3A|Retinitis pigmentosa 61|Retinitis pigmentosa 61;Usher syndrome type 3A,True,False,65,chr3,150941647,-,True,False,True,WildType
TSC2,NM_000548.5,1681,N,K,AAC,3,AAA,"same-position, alternate-base convergence",49342,"criteria provided, single submitter",1,Tuberous sclerosis syndrome|Hereditary cancer-predisposing syndrome,False,False,25,chr16,2087916,+,False,False,False,
TSC2,NM_000548.5,1497,P,T,CCC,1,ACC,exact nucleotide concordance,49490,"criteria provided, multiple submitters, no conflicts",2,Tuberous sclerosis syndrome|Tuberous sclerosis 2|not provided,True,False,4,chr16,2084711,+,False,False,False,
TSC2,NM_000548.5,614,A,D,GCC,2,GAC,exact nucleotide concordance,49721,"criteria provided, multiple submitters, no conflicts",2,Tuberous sclerosis syndrome|Tuberous sclerosis 2|not provided,False,True,1,chr16,2071511,+,False,False,False,
REN,NM_000537.4,135,S,Y,TCC,2,TAC,exact nucleotide concordance,50211,no assertion criteria provided,0,Renal tubular dysgenesis,False,False,30,chr1,204160648,-,False,False,False,
MED12,NM_005120.3,1729,H,N,CAC,1,AAC,exact nucleotide concordance,50281,no assertion criteria provided,0,"Blepharophimosis - intellectual disability syndrome, MKB type|FG syndrome 1",False,False,159,chrX,71136440,+,True,False,True,Vitro;Vivo
IL17RD,NM_017563.5,577,P,Q,CCA,2,CAA,exact nucleotide concordance,50871,no assertion criteria provided,0,Hypogonadotropic hypogonadism 18 with anosmia,False,False,377,chr3,57097973,-,True,False,True,Vivo
BRCA2,NM_000059.4,3095,D,E,GAC,3,GAA,"same-position, alternate-base convergence",52805,"criteria provided, multiple submitters, no conflicts",2,"Hereditary breast ovarian cancer syndrome|Breast-ovarian cancer, familial, susceptibility to, 2|not provided|Hereditary cancer-predisposing syndrome|Familial cancer of breast|BRCA2-related cancer predisposition",True,False,28,chr13,32394717,+,False,False,False,
KCNQ1,NM_000218.3,566,S,Y,TCC,2,TAC,exact nucleotide concordance,53005,"criteria provided, multiple submitters, no conflicts",2,Long QT syndrome|Congenital long QT syndrome|not provided|Cardiac arrhythmia,True,False,11,chr11,2776997,+,True,False,True,Vivo
KCNQ1,NM_000218.3,320,P,H,CCC,2,CAC,exact nucleotide concordance,53148,"criteria provided, single submitter",1,Congenital long QT syndrome|Long QT syndrome,False,False,37,chr11,2583472,+,False,False,False,
CFTR,NM_000492.4,46,A,D,GCT,2,GAT,exact nucleotide concordance,53238,reviewed by expert panel,3,Cystic fibrosis,True,False,27,chr7,117504336,+,False,False,False,
CFTR,NM_000492.4,72,A,D,GCC,2,GAC,exact nucleotide concordance,4064589,"criteria provided, single submitter",1,CFTR-related disorder,False,False,50,chr7,117509084,+,True,False,True,Vitro
CFTR,NM_000492.4,1006,A,E,GCA,2,GAA,exact nucleotide concordance,53627,reviewed by expert panel,3,Cystic fibrosis|Cystic fibrosis;Congenital bilateral aplasia of vas deferens from CFTR mutation|not provided|CFTR-related disorder,True,False,28,chr7,117610547,+,False,False,False,
CFTR,NM_000492.4,1036,T,N,ACC,2,AAC,exact nucleotide concordance,53652,reviewed by expert panel,3,Cystic fibrosis|Cystic fibrosis;Congenital bilateral aplasia of vas deferens from CFTR mutation|not provided|Bronchiectasis with or without elevated sweat chloride 1|CFTR-related disorder,True,False,32,chr7,117610637,+,True,False,True,Vivo;WildType
CFTR,NM_000492.4,1066,R,S,CGT,1,AGT,exact nucleotide concordance,53677,"criteria provided, single submitter",1,Cystic fibrosis,False,False,56,chr7,117611637,+,True,False,True,WildType
BRCA1,NM_007294.4,37,T,K,ACA,2,AAA,exact nucleotide concordance,54131,reviewed by expert panel,3,"Breast-ovarian cancer, familial, susceptibility to, 1|Familial cancer of breast;Pancreatic cancer, susceptibility to, 4;Fanconi anemia, complementation group S;Breast-ovarian cancer, familial, susceptibility to, 1|Hereditary breast ovarian cancer syndrome|Hereditary cancer-predisposing syndrome",True,False,24,chr17,43115750,-,True,False,True,WildType
BRCA1,NM_007294.4,1708,A,E,GCG,2,GAG,exact nucleotide concordance,55407,reviewed by expert panel,3,"not provided|Breast-ovarian cancer, familial, susceptibility to, 1|Hereditary cancer-predisposing syndrome|Hereditary breast ovarian cancer syndrome|Familial cancer of breast|Breast neoplasm|Breast carcinoma|Breast and/or ovarian cancer|BRCA1-related disorder|BRCA1-related cancer predisposition",True,False,29,chr17,43063903,-,True,False,True,Vitro
BRCA1,NM_007294.4,1715,S,R,AGC,3,AGA,different-position convergence,55414,reviewed by expert panel,3,"Breast-ovarian cancer, familial, susceptibility to, 1|not provided|Hereditary breast ovarian cancer syndrome|Hereditary cancer-predisposing syndrome",True,False,9,chr17,43063883,-,True,False,True,
ERCC4,NM_005236.3,689,R,S,CGT,1,AGT,exact nucleotide concordance,55824,"criteria provided, multiple submitters, no conflicts",2,"Fanconi anemia complementation group Q|Cockayne syndrome;Xeroderma pigmentosum, group F;Fanconi anemia complementation group Q|not provided|XFE progeroid syndrome;Xeroderma pigmentosum, group F;Fanconi anemia complementation group Q|ERCC4-Related Disorders",True,False,47,chr16,13947661,+,False,False,False,
LARS2,NM_015340.4,522,T,N,ACC,2,AAC,exact nucleotide concordance,55871,"criteria provided, multiple submitters, no conflicts",2,Perrault syndrome 4|Hydrops-lactic acidosis-sideroblastic anemia-multisystemic failure syndrome|not provided|Rare genetic deafness|Perrault syndrome|LARS2-related disorder|Inborn genetic diseases|Perrault syndrome 4;Hydrops-lactic acidosis-sideroblastic anemia-multisystemic failure syndrome|LARS2-Related Disorders|Monogenic hearing loss,True,False,41,chr3,45496316,+,True,False,True,Vivo
KCTD1,NM_001142730.3,638,A,E,GCG,2,GAG,exact nucleotide concordance,55881,no assertion criteria provided,0,Scalp-ear-nipple syndrome,False,False,75,chr18,26501147,-,True,False,True,WildType
KCTD1,NM_001142730.3,639,P,H,CCT,2,CAT,exact nucleotide concordance,55884,no assertion criteria provided,0,Scalp-ear-nipple syndrome,False,False,72,chr18,26501144,-,True,False,True,WildType
KCTD1,NM_001142730.3,641,H,Q,CAC,3,CAA,exact nucleotide concordance,55885,no assertion criteria provided,0,Scalp-ear-nipple syndrome,False,False,65,chr18,26501137,-,True,False,True,WildType
VPS45,NM_007259.5,224,T,N,ACC,2,AAC,exact nucleotide concordance,55906,"criteria provided, multiple submitters, no conflicts",2,Congenital neutropenia-myelofibrosis-nephromegaly syndrome|Severe congenital neutropenia,True,False,16,chr1,150077763,+,True,False,True,WildType
GLDC,NM_000170.3,187,T,K,ACA,2,AAA,exact nucleotide concordance,56100,no assertion criteria provided,0,Glycine encephalopathy,False,False,75,chr9,6610267,-,False,False,False,
OAT,NM_000274.4,89,N,K,AAC,3,AAA,exact nucleotide concordance,56120,no assertion criteria provided,0,Ornithine aminotransferase deficiency,False,False,67,chr10,124408898,-,True,False,True,WildType
SLC7A7,NM_003982.4,386,S,R,AGC,3,AGA,exact nucleotide concordance,56351,"criteria provided, single submitter",1,Lysinuric protein intolerance,False,False,62,chr14,22774441,-,True,False,True,WildType
SLC7A7,NM_003982.4,152,F,L,TTC,3,TTA,different-position convergence,56368,no assertion criteria provided,0,Lysinuric protein intolerance,False,False,45,chr14,22812945,-,True,False,True,
NPHS1,NM_004646.4,569,S,R,AGC,3,AGA,"same-position, alternate-base convergence",56446,no assertion criteria provided,0,Finnish congenital nephrotic syndrome,False,False,50,chr19,35845719,-,False,False,False,
NPHS1,NM_004646.4,575,P,Q,CCG,2,CAG,exact nucleotide concordance,56448,no assertion criteria provided,0,Finnish congenital nephrotic syndrome,False,False,33,chr19,35845702,-,False,False,False,
NPHS1,NM_004646.4,673,N,K,AAC,3,AAA,exact nucleotide concordance,56458,no assertion criteria provided,0,Finnish congenital nephrotic syndrome,False,False,52,chr19,35844371,-,True,False,True,Vivo;WildType
NPHS1,NM_004646.4,806,A,D,GCC,2,GAC,exact nucleotide concordance,56473,"criteria provided, multiple submitters, no conflicts",2,Finnish congenital nephrotic syndrome|not provided,True,False,82,chr19,35842468,-,True,False,True,WildType
POMGNT1,NM_017739.4,198,S,R,AGC,3,AGA,"same-position, alternate-base convergence",56602,"criteria provided, single submitter",1,"Muscle eye brain disease|Muscular dystrophy-dystroglycanopathy (congenital with brain and eye anomalies), type A3",False,False,58,chr1,46194902,-,True,False,True,WildType
FAM111A,NM_001312909.2,527,P,T,CCT,1,ACT,exact nucleotide concordance,56815,"criteria provided, single submitter",1,Osteocraniostenosis|not provided,False,False,257,chr11,59153247,+,False,False,False,
GNA11,NM_002067.5,341,F,L,TTC,3,TTA,"same-position, alternate-base convergence",60664,no assertion criteria provided,0,Autosomal dominant hypocalcemia 2,False,False,57,chr19,3121122,+,False,False,False,
RPSA,NM_002295.6,54,T,N,ACC,2,AAC,exact nucleotide concordance,64676,no assertion criteria provided,0,Familial isolated congenital asplenia,False,False,27,chr3,39408633,+,True,False,True,Vivo
GNAI3,NM_006496.4,47,S,R,AGC,3,AGA,exact nucleotide concordance,64691,no assertion criteria provided,0,Auriculocondylar syndrome 1,False,False,20,chr1,109573759,+,True,False,True,Vitro;WildType
AQP5,NM_001651.4,38,A,E,GCG,2,GAG,exact nucleotide concordance,65478,"criteria provided, single submitter",1,"Palmoplantar keratoderma, Bothnian type|not provided",False,False,112,chr12,49962130,+,False,False,False,
LYST,NM_000081.4,1454,A,D,GCC,2,GAC,exact nucleotide concordance,65542,"criteria provided, single submitter",1,Chédiak-Higashi syndrome,False,False,182,chr1,235791881,-,True,False,True,WildType
SHH,NM_000193.4,236,S,R,AGC,3,AGA,exact nucleotide concordance,65892,"criteria provided, single submitter",1,Holoprosencephaly 3,False,False,145,chr7,155803581,-,False,False,False,
RYR1,NM_000540.3,4329,A,D,GCC,2,GAC,exact nucleotide concordance,65924,no assertion criteria provided,0,Central core myopathy|not provided,False,False,361,chr19,38565320,+,False,False,False,
RYR1,NM_000540.3,4920,T,N,ACC,2,AAC,exact nucleotide concordance,65997,"criteria provided, single submitter",1,Central core myopathy|not provided|RYR1-related disorder,False,False,44,chr19,38585055,+,False,False,False,
EEF2,NM_001961.4,596,P,H,CCC,2,CAC,exact nucleotide concordance,66077,"criteria provided, single submitter",1,Spinocerebellar ataxia type 26|not provided,False,False,73,chr19,3978099,-,True,False,True,Vivo;WildType
KRT10,NM_000421.5,156,R,S,CGC,1,AGC,exact nucleotide concordance,66174,"criteria provided, single submitter",1,not provided,False,False,161,chr17,40822120,-,True,False,True,Vitro
KRT5,NM_000424.4,438,A,D,GCC,2,GAC,exact nucleotide concordance,66205,"criteria provided, single submitter",1,not provided,False,False,94,chr12,52516763,-,True,False,True,WildType
KRT5,NM_000424.4,180,A,D,GCC,2,GAC,exact nucleotide concordance,66258,"criteria provided, single submitter",1,not provided,False,False,16,chr12,52519758,-,True,False,True,WildType
DES,NM_001927.4,46,S,Y,TCC,2,TAC,exact nucleotide concordance,66405,"criteria provided, single submitter",1,not provided,False,False,136,chr2,219418599,+,False,False,False,
KRT6A,NM_005554.4,171,N,K,AAC,3,AAA,exact nucleotide concordance,66589,"criteria provided, multiple submitters, no conflicts",2,not provided|Pachyonychia congenita 3,True,False,27,chr12,52492676,-,False,False,False,
NEFL,NM_006158.5,8,P,Q,CCG,2,CAG,exact nucleotide concordance,66687,"criteria provided, single submitter",1,not provided|Charcot-Marie-Tooth disease,False,False,22,chr8,24956493,-,False,False,False,
LMNA,NM_005572.4,456,N,K,AAC,3,AAA,exact nucleotide concordance,66813,"criteria provided, single submitter",1,not provided,False,False,12,chr1,156136424,+,False,False,False,
LMNA,NM_005572.4,528,T,K,ACG,2,AAG,exact nucleotide concordance,66849,"criteria provided, multiple submitters, no conflicts",2,"not provided|Emery-Dreifuss muscular dystrophy 2, autosomal dominant|Hutchinson-Gilford syndrome|Charcot-Marie-Tooth disease type 2",True,False,25,chr1,156137207,+,False,False,False,
LMNA,NM_005572.4,541,R,S,CGC,1,AGC,exact nucleotide concordance,66859,"criteria provided, multiple submitters, no conflicts",2,not provided|Charcot-Marie-Tooth disease type 2|Primary dilated cardiomyopathy,True,False,12,chr1,156137666,+,True,False,True,Vitro;WildType
KCNQ1,NM_000218.3,555,R,S,CGC,1,AGC,exact nucleotide concordance,67046,"criteria provided, multiple submitters, no conflicts",2,Congenital long QT syndrome|not provided|Long QT syndrome|Long QT syndrome 1|Cardiac arrhythmia,True,False,22,chr11,2776032,+,False,False,False,
KCNQ1,NM_000218.3,243,R,S,CGC,1,AGC,exact nucleotide concordance,67100,"criteria provided, multiple submitters, no conflicts",2,Congenital long QT syndrome|Long QT syndrome|not provided,True,False,43,chr11,2572056,+,False,False,False,
KCNQ1,NM_000218.3,302,A,E,GCG,2,GAG,exact nucleotide concordance,67121,"criteria provided, multiple submitters, no conflicts",2,Congenital long QT syndrome|not provided|Long QT syndrome|Cardiovascular phenotype|Cardiac arrhythmia,True,False,16,chr11,2572970,+,False,False,False,
KCNH2,NM_000238.4,558,A,E,GCG,2,GAG,exact nucleotide concordance,67226,"criteria provided, multiple submitters, no conflicts",2,Congenital long QT syndrome|not provided|Long QT syndrome,True,False,115,chr7,150951720,-,False,False,False,
KCNH2,NM_000238.4,596,P,H,CCC,2,CAC,exact nucleotide concordance,67274,"criteria provided, single submitter",1,Congenital long QT syndrome|not provided,False,False,158,chr7,150951606,-,True,False,True,Vivo
KCNH2,NM_000238.4,627,F,L,TTC,3,TTA,different-position convergence,67309,"criteria provided, multiple submitters, no conflicts",2,Congenital long QT syndrome|Long QT syndrome|KCNH2-related disorder,True,False,66,chr7,150951514,-,False,False,False,
KCNH2,NM_000238.4,629,N,K,AAC,3,AAA,exact nucleotide concordance,67317,"criteria provided, single submitter",1,Congenital long QT syndrome|Long QT syndrome,False,False,58,chr7,150951506,-,False,False,False,
KCNH2,NM_000238.4,640,F,L,TTC,3,TTA,exact nucleotide concordance,67336,"criteria provided, single submitter",1,Congenital long QT syndrome|Long QT syndrome 2,False,False,25,chr7,150951473,-,False,False,False,
KCNH2,NM_000238.4,72,P,Q,CCG,2,CAG,exact nucleotide concordance,67368,"criteria provided, multiple submitters, no conflicts",2,Congenital long QT syndrome|Long QT syndrome|Cardiovascular phenotype|not provided|Long QT syndrome 2,True,False,92,chr7,150974803,-,False,False,False,
KCNH2,NM_000238.4,29,F,L,TTC,3,TTA,exact nucleotide concordance,67538,"criteria provided, multiple submitters, no conflicts",2,Congenital long QT syndrome|Long QT syndrome,True,False,10,chr7,150974931,-,True,False,True,WildType
SCN5A,NM_000335.5,406,N,K,AAC,3,AAA,exact nucleotide concordance,67648,"criteria provided, multiple submitters, no conflicts",2,Congenital long QT syndrome|not provided|SCN5A-related disorder|Long QT syndrome 3,True,False,77,chr3,38606071,-,False,False,False,
SCN5A,NM_000335.5,735,A,E,GCG,2,GAG,exact nucleotide concordance,67720,"criteria provided, single submitter",1,Brugada syndrome|not provided,False,False,58,chr3,38597787,-,False,False,False,
SCN5A,NM_000335.5,1457,S,Y,TCT,2,TAT,exact nucleotide concordance,67887,"criteria provided, single submitter",1,Congenital long QT syndrome|not provided,False,False,64,chr3,38556505,-,False,False,False,
SCN5A,NM_000335.5,1619,T,K,ACG,2,AAG,exact nucleotide concordance,67931,"criteria provided, multiple submitters, no conflicts",2,Conduction system disorder|not provided|Cardiovascular phenotype,True,False,45,chr3,38551513,-,False,False,False,
F11,NM_000128.4,241,F,L,TTC,3,TTA,"same-position, alternate-base convergence",68197,"criteria provided, single submitter",1,not provided|Hereditary factor XI deficiency disease,False,False,32,chr4,186276358,+,False,False,False,
ADA,NM_000022.4,179,A,D,GCC,2,GAC,exact nucleotide concordance,68266,"criteria provided, multiple submitters, no conflicts",2,"Severe combined immunodeficiency, autosomal recessive, T cell-negative, B cell-negative, NK cell-negative, due to adenosine deaminase deficiency",True,False,57,chr20,44624272,-,False,False,False,
NF1,NM_001042492.3,780,T,K,ACA,2,AAA,exact nucleotide concordance,68316,"criteria provided, multiple submitters, no conflicts",2,"not provided|Neurofibromatosis, type 1|Hereditary cancer-predisposing syndrome;Cardiovascular phenotype",True,False,13,chr17,31227536,+,False,False,False,
CYBB,NM_000397.4,339,P,H,CCT,2,CAT,exact nucleotide concordance,68368,"criteria provided, multiple submitters, no conflicts",2,"not provided|Granulomatous disease, chronic, X-linked",True,False,118,chrX,37803995,+,False,False,False,
CYBB,NM_000397.4,57,A,E,GCA,2,GAA,exact nucleotide concordance,68391,"criteria provided, multiple submitters, no conflicts",2,"not provided|Granulomatous disease, chronic, X-linked",True,False,28,chrX,37783518,+,False,False,False,
SCN1A,NM_001165963.4,358,P,T,CCC,1,ACC,exact nucleotide concordance,68500,"criteria provided, single submitter",1,Severe myoclonic epilepsy in infancy|not provided,False,False,43,chr2,166047725,-,True,False,True,WildType
SCN1A,NM_001165963.4,393,R,S,CGT,1,AGT,exact nucleotide concordance,68504,"criteria provided, single submitter",1,Severe myoclonic epilepsy in infancy|Early-infantile DEE,False,False,6,chr2,166046970,-,False,False,False,
SCN1A,NM_001165963.4,217,T,K,ACA,2,AAA,exact nucleotide concordance,68577,"criteria provided, multiple submitters, no conflicts",2,Severe myoclonic epilepsy in infancy|Early-infantile DEE,True,False,44,chr2,166052896,-,False,False,False,
SCN1A,NM_001165963.4,875,T,K,ACG,2,AAG,exact nucleotide concordance,68594,"criteria provided, single submitter",1,"Severe myoclonic epilepsy in infancy|Generalized epilepsy with febrile seizures plus, type 2",False,False,34,chr2,166038098,-,False,False,False,
SCN1A,NM_001165963.4,1210,T,K,ACG,2,AAG,exact nucleotide concordance,68617,"criteria provided, single submitter",1,Severe myoclonic epilepsy in infancy,False,False,76,chr2,166013820,-,True,False,True,Vivo
SCN1A,NM_001165963.4,1808,F,L,TTC,3,TTA,different-position convergence,68661,"criteria provided, single submitter",1,Severe myoclonic epilepsy in infancy|not provided,False,False,569,chr2,165991853,-,True,False,True,
SCN1A,NM_001165963.4,259,S,R,AGC,3,AGA,exact nucleotide concordance,68673,"criteria provided, multiple submitters, no conflicts",2,Severe myoclonic epilepsy in infancy|Seizure,True,False,82,chr2,166051906,-,True,False,True,Vivo
TPP1,NM_000391.4,454,A,E,GCA,2,GAA,exact nucleotide concordance,68739,no assertion criteria provided,0,Neuronal ceroid lipofuscinosis 2,False,False,64,chr11,6615235,-,True,False,True,WildType
MLC1,NM_015166.4,320,T,K,ACG,2,AAG,exact nucleotide concordance,68797,"criteria provided, multiple submitters, no conflicts",2,not provided|Megalencephalic leukoencephalopathy with subcortical cysts 1|Megalencephalic leukoencephalopathy with subcortical cysts,True,False,64,chr22,50064134,-,False,False,False,
ADAMTS13,NM_139027.6,234,H,Q,CAC,3,CAA,exact nucleotide concordance,68826,"criteria provided, single submitter",1,not provided,False,False,15,chr9,133428649,+,False,False,False,
RARB,NM_000965.5,387,R,S,CGT,1,AGT,exact nucleotide concordance,88763,no assertion criteria provided,0,"Microphthalmia, syndromic 12",False,False,8,chr3,25596428,+,False,False,False,
MLH1,NM_000249.4,38,N,K,AAC,3,AAA,"same-position, alternate-base convergence",89651,reviewed by expert panel,3,"Lynch syndrome|Hereditary cancer-predisposing syndrome|Hereditary nonpolyposis colorectal neoplasms|Colorectal cancer, hereditary nonpolyposis, type 2",False,True,2,chr3,36993661,+,False,False,False,
MLH1,NM_000249.4,539,A,D,GCC,2,GAC,exact nucleotide concordance,1343456,"criteria provided, multiple submitters, no conflicts",2,"Hereditary cancer-predisposing syndrome|Hereditary nonpolyposis colorectal neoplasms|MLH1-related disorder|Colorectal cancer, hereditary nonpolyposis, type 2|Hereditary nonpolyposis colon cancer",True,False,51,chr3,37040243,+,True,False,True,Vivo
MLH1,NM_000249.4,586,A,D,GCC,2,GAC,exact nucleotide concordance,89877,"criteria provided, multiple submitters, no conflicts",2,"Hereditary nonpolyposis colorectal neoplasms|Hereditary cancer-predisposing syndrome|Colorectal cancer, hereditary nonpolyposis, type 2|not provided",True,False,25,chr3,37047544,+,True,False,True,Vivo;WildType
MLH1,NM_000249.4,589,A,D,GCC,2,GAC,exact nucleotide concordance,89884,reviewed by expert panel,3,"Lynch syndrome|Colorectal cancer, hereditary nonpolyposis, type 2|Hereditary cancer-predisposing syndrome",True,False,34,chr3,37047553,+,True,False,True,Vivo;WildType
MLH1,NM_000249.4,63,D,E,GAC,3,GAA,exact nucleotide concordance,89934,reviewed by expert panel,3,Lynch syndrome|Hereditary cancer-predisposing syndrome,True,False,18,chr3,36996691,+,True,False,True,Vivo;WildType
MLH1,NM_000249.4,21,A,E,GCG,2,GAG,exact nucleotide concordance,90297,reviewed by expert panel,3,"Lynch syndrome|Hereditary nonpolyposis colorectal neoplasms|Colorectal cancer, hereditary nonpolyposis, type 2",True,False,54,chr3,36993609,+,False,False,False,
MLH1,NM_000249.4,265,R,S,CGT,1,AGT,exact nucleotide concordance,90380,reviewed by expert panel,3,"Lynch syndrome|not provided|Hereditary cancer-predisposing syndrome|Hereditary nonpolyposis colorectal neoplasms|Lynch-like syndrome|Carcinoma of colon|Colorectal cancer, hereditary nonpolyposis, type 2|Hereditary nonpolyposis colon cancer",False,True,2,chr3,37017508,+,True,False,True,Vitro
MSH2,NM_000251.3,622,P,T,CCA,1,ACA,exact nucleotide concordance,90805,"criteria provided, multiple submitters, no conflicts",2,not provided|Hereditary cancer-predisposing syndrome|Hereditary nonpolyposis colorectal neoplasms|Lynch syndrome 1,True,False,104,chr2,47475129,+,True,False,True,WildType
MSH2,NM_000251.3,652,P,H,CCT,2,CAT,exact nucleotide concordance,90823,reviewed by expert panel,3,Lynch syndrome,True,False,50,chr2,47475220,+,False,False,False,
ASNS,NM_001673.5,6,A,E,GCG,2,GAG,exact nucleotide concordance,91842,"criteria provided, multiple submitters, no conflicts",2,Congenital microcephaly - severe encephalopathy - progressive cerebral atrophy syndrome|not provided,True,False,16,chr7,97869140,-,True,False,True,Vivo;WildType
ANGPTL3,NM_014495.4,295,F,L,TTC,3,TTA,different-position convergence,91867,no assertion criteria provided,0,Familial hypobetalipoproteinemia 2,False,False,47,chr1,62602332,+,True,False,True,
ABCD1,NM_000033.4,554,R,S,CGT,1,AGT,exact nucleotide concordance,92319,"criteria provided, multiple submitters, no conflicts",2,not provided|Adrenoleukodystrophy,True,False,25,chrX,153740599,+,False,False,False,
CAPN3,NM_000070.3,798,A,E,GCA,2,GAA,exact nucleotide concordance,92414,reviewed by expert panel,3,"not provided|Autosomal recessive limb-girdle muscular dystrophy type 2A|Autosomal recessive limb-girdle muscular dystrophy|Autosomal recessive limb-girdle muscular dystrophy type 2A;Muscular dystrophy, limb-girdle, autosomal dominant 4|Muscular dystrophy, limb-girdle, autosomal dominant 4",True,False,12,chr15,42411299,+,True,False,True,WildType
GLA,NM_000169.3,322,D,E,GAC,3,GAA,"same-position, alternate-base convergence",92572,"criteria provided, multiple submitters, no conflicts",2,not provided|Fabry disease,True,False,33,chrX,101398403,-,False,False,False,
PKD2,NM_000297.4,636,Q,K,CAA,1,AAA,exact nucleotide concordance,92794,"criteria provided, single submitter",1,not provided,False,False,7,chr4,88057990,+,False,False,False,
GALNS,NM_000512.5,235,T,K,ACG,2,AAG,exact nucleotide concordance,93184,"criteria provided, multiple submitters, no conflicts",2,"not provided|Mucopolysaccharidosis, MPS-IV-A",True,False,54,chr16,88835779,-,False,False,False,
MECP2,NM_001110792.2,168,D,E,GAC,3,GAA,"same-position, alternate-base convergence",95196,"criteria provided, multiple submitters, no conflicts",2,not provided|Rett syndrome|Severe neonatal-onset encephalopathy with microcephaly,True,False,90,chrX,154031360,-,False,False,False,
BCKDHB,NM_183050.4,170,R,S,CGC,1,AGC,exact nucleotide concordance,96588,"criteria provided, multiple submitters, no conflicts",2,not provided|Maple syrup urine disease type 1B,True,False,30,chr6,80168905,+,False,False,False,
SLC52A2,NM_001363118.2,284,A,D,GCC,2,GAC,exact nucleotide concordance,96702,no assertion criteria provided,0,Brown-Vialetto-van Laere syndrome 2,False,False,150,chr8,144360343,+,False,False,False,
OTC,NM_000531.6,347,P,T,CCT,1,ACT,exact nucleotide concordance,97102,"criteria provided, single submitter",1,not provided|Ornithine carbamoyltransferase deficiency,False,False,26,chrX,38421056,+,True,False,True,WildType
OTC,NM_000531.6,102,A,E,GCA,2,GAA,exact nucleotide concordance,97165,no assertion criteria provided,0,not provided,False,False,6,chrX,38381348,+,True,False,True,WildType
OTC,NM_000531.6,135,A,E,GCA,2,GAA,exact nucleotide concordance,97191,no assertion criteria provided,0,not provided,False,False,17,chrX,38401292,+,True,False,True,Vivo;WildType
OTC,NM_000531.6,192,S,R,AGC,3,AGA,"same-position, alternate-base convergence",97251,no assertion criteria provided,0,not provided,False,False,35,chrX,38403653,+,True,False,True,Vitro;WildType
OTC,NM_000531.6,198,N,K,AAC,3,AAA,exact nucleotide concordance,97263,"criteria provided, single submitter",1,not provided|Ornithine carbamoyltransferase deficiency,False,False,53,chrX,38403671,+,True,False,True,Vitro;WildType
OTC,NM_000531.6,207,S,R,AGC,3,AGA,exact nucleotide concordance,97273,"criteria provided, multiple submitters, no conflicts",2,not provided|Ornithine carbamoyltransferase deficiency,True,False,42,chrX,38403698,+,True,False,True,Vitro;WildType
OTC,NM_000531.6,217,A,E,GCA,2,GAA,exact nucleotide concordance,97280,no assertion criteria provided,0,not provided,False,False,13,chrX,38403727,+,True,False,True,Vitro;WildType
OTC,NM_000531.6,225,P,T,CCG,1,ACG,exact nucleotide concordance,97290,no assertion criteria provided,0,not provided,False,False,9,chrX,38408751,+,True,False,True,WildType
OTC,NM_000531.6,247,T,K,ACA,2,AAA,exact nucleotide concordance,97308,no assertion criteria provided,0,not provided,False,False,22,chrX,38408898,+,True,False,True,Vitro
OTC,NM_000531.6,262,T,K,ACA,2,AAA,exact nucleotide concordance,97322,no assertion criteria provided,0,not provided,False,False,67,chrX,38408943,+,True,False,True,Vitro
OTC,NM_000531.6,264,T,N,ACT,2,AAT,exact nucleotide concordance,97327,no assertion criteria provided,0,not provided,False,False,73,chrX,38408949,+,False,False,False,
OTC,NM_000531.6,267,S,R,AGC,3,AGA,different-position convergence,97332,no assertion criteria provided,0,not provided,False,False,68,chrX,38408957,+,False,False,False,
OTC,NM_000531.6,302,H,Q,CAC,3,CAA,"same-position, alternate-base convergence",97354,no assertion criteria provided,0,not provided,False,False,38,chrX,38411900,+,True,False,True,Vitro;Vivo;WildType
OTC,NM_000531.6,305,P,H,CCC,2,CAC,exact nucleotide concordance,97359,no assertion criteria provided,0,not provided,False,False,46,chrX,38411908,+,True,False,True,Vitro;Vivo;WildType
MEFV,NM_000243.3,242,S,R,AGC,3,AGA,exact nucleotide concordance,97540,"criteria provided, multiple submitters, no conflicts",2,"Familial Mediterranean fever|Familial Mediterranean fever, autosomal dominant|Neuronal ceroid lipofuscinosis|Familial Mediterranean fever;Familial Mediterranean fever, autosomal dominant;Acute febrile neutrophilic dermatosis",True,False,184,chr16,3254342,-,True,False,True,Vitro
NOD2,NM_001370466.1,643,N,K,AAC,3,AAA,exact nucleotide concordance,97842,"criteria provided, multiple submitters, no conflicts",2,Blau syndrome|Regional enteritis;Blau syndrome|Rare genetic inflammatory skin disorders,True,False,452,chr16,50711921,+,False,False,False,
NLRP3,NM_001243133.2,374,A,D,GCC,2,GAC,exact nucleotide concordance,97915,"criteria provided, single submitter",1,not provided|Familial cold autoinflammatory syndrome 1,False,False,723,chr1,247424570,+,True,False,True,WildType
GUCY2D,NM_000180.4,129,N,K,AAC,3,AAA,exact nucleotide concordance,98601,no assertion criteria provided,0,not provided|Leber congenital amaurosis 1,False,False,334,chr17,8003434,+,True,False,True,WildType
PRPH2,NM_000322.5,211,F,L,TTC,3,TTA,exact nucleotide concordance,98688,"criteria provided, single submitter",1,not provided|PRPH2-related disorder,False,False,51,chr6,42704560,-,False,False,False,
RPE65,NM_000329.3,182,H,N,CAC,1,AAC,exact nucleotide concordance,98874,"criteria provided, single submitter",1,not provided|Leber congenital amaurosis 2,False,False,48,chr1,68440952,-,True,False,True,Vivo
RS1,NM_000330.4,98,A,E,GCA,2,GAA,exact nucleotide concordance,98927,"criteria provided, multiple submitters, no conflicts",2,not provided|Retinal dystrophy,True,False,33,chrX,18647224,-,False,False,False,
RS1,NM_000330.4,192,P,T,CCC,1,ACC,exact nucleotide concordance,98989,"criteria provided, multiple submitters, no conflicts",2,not provided|Retinal dystrophy,True,False,51,chrX,18642105,-,True,False,True,WildType
ABCA4,NM_000350.3,445,S,R,AGC,3,AGA,"same-position, alternate-base convergence",99045,"criteria provided, multiple submitters, no conflicts",2,not provided|Retinal dystrophy|Severe early-childhood-onset retinal dystrophy|Stargardt disease,True,False,21,chr1,94078611,-,True,False,True,Vivo;WildType
ABCA4,NM_000350.3,553,F,L,TTC,3,TTA,"same-position, alternate-base convergence",99072,"criteria provided, single submitter",1,not provided,False,False,101,chr1,94063213,-,True,False,True,Vitro;WildType
ABCA4,NM_000350.3,635,Q,K,CAG,1,AAG,exact nucleotide concordance,99095,"criteria provided, multiple submitters, no conflicts",2,not provided|Retinal dystrophy,True,False,34,chr1,94062611,-,True,False,True,Vivo;WildType
ABCA4,NM_000350.3,971,T,N,ACC,2,AAC,exact nucleotide concordance,99173,"criteria provided, multiple submitters, no conflicts",2,not provided|not specified|Severe early-childhood-onset retinal dystrophy|Severe early-childhood-onset retinal dystrophy;Age related macular degeneration 2;Cone-rod dystrophy 3;Retinitis pigmentosa 19|Retinal disorder,True,False,6,chr1,94046925,-,True,False,True,Vivo;WildType
ABCA4,NM_000350.3,972,T,N,ACC,2,AAC,exact nucleotide concordance,99174,"criteria provided, multiple submitters, no conflicts",2,not provided|Retinal dystrophy|Retinitis pigmentosa|Severe early-childhood-onset retinal dystrophy;Age related macular degeneration 2;Cone-rod dystrophy 3;Retinitis pigmentosa 19|ABCA4-related disorder,False,True,3,chr1,94046922,-,True,False,True,Vivo;WildType
ABCA4,NM_000350.3,1112,T,N,ACC,2,AAC,exact nucleotide concordance,99222,"criteria provided, single submitter",1,not provided,False,False,6,chr1,94041396,-,True,False,True,Vitro;WildType
ABCA4,NM_000350.3,1598,A,D,GCC,2,GAC,exact nucleotide concordance,99321,"criteria provided, multiple submitters, no conflicts",2,not provided|Severe early-childhood-onset retinal dystrophy|Stargardt disease|Retinal dystrophy|Autosomal recessive retinitis pigmentosa|Retinitis pigmentosa 19|Retinitis pigmentosa|Severe early-childhood-onset retinal dystrophy;Age related macular degeneration 2;Cone-rod dystrophy 3;Retinitis pigmentosa 19|ABCA4-related disorder|Cone-rod dystrophy|Retinitis pigmentosa 40,True,False,19,chr1,94021695,-,True,False,True,WildType
ABCA4,NM_000350.3,1794,A,D,GCT,2,GAT,exact nucleotide concordance,99371,"criteria provided, multiple submitters, no conflicts",2,not provided|Retinal dystrophy|Severe early-childhood-onset retinal dystrophy|Retinitis pigmentosa|Retinitis pigmentosa 40,True,False,68,chr1,94014622,-,True,False,True,Vitro
TYR,NM_000372.5,205,P,T,CCA,1,ACA,exact nucleotide concordance,99572,"criteria provided, multiple submitters, no conflicts",2,"not provided|Oculocutaneous albinism type 1A|SKIN/HAIR/EYE PIGMENTATION 3, LIGHT/DARK SKIN|Albinism or congenital nystagmus|Oculocutaneous albinism type 1A;Oculocutaneous albinism type 1B;SKIN/HAIR/EYE PIGMENTATION 3, LIGHT/DARK SKIN|Oculocutaneous albinism type 1A;Oculocutaneous albinism type 1B|TYR-related disorder",True,False,206,chr11,89178566,+,True,False,True,WildType
TYR,NM_000372.5,299,R,S,CGT,1,AGT,exact nucleotide concordance,99587,"criteria provided, multiple submitters, no conflicts",2,"not provided|Oculocutaneous albinism type 1A|SKIN/HAIR/EYE PIGMENTATION 3, LIGHT/DARK SKIN|TYR-related disorder|Oculocutaneous albinism type 1A;Oculocutaneous albinism type 1B",True,False,75,chr11,89191277,+,True,False,True,Vivo;WildType
BEST1,NM_004183.4,80,F,L,TTC,3,TTA,exact nucleotide concordance,99695,"criteria provided, multiple submitters, no conflicts",2,not provided|Retinal dystrophy|BEST1-related disorder|Autosomal recessive bestrophinopathy;Autosomal dominant vitreoretinochoroidopathy;Vitelliform macular dystrophy 2;Retinitis pigmentosa 50|Vitelliform macular dystrophy 2,True,False,7,chr11,61955194,+,True,False,True,Vitro
BEST1,NM_004183.4,92,R,S,CGC,1,AGC,exact nucleotide concordance,99702,"criteria provided, multiple submitters, no conflicts",2,not provided|Retinal dystrophy,True,False,26,chr11,61955744,+,False,False,False,
BEST1,NM_004183.4,99,N,K,AAC,3,AAA,exact nucleotide concordance,99707,"criteria provided, multiple submitters, no conflicts",2,not provided|Retinal dystrophy,True,False,49,chr11,61955767,+,False,False,False,
BEST1,NM_004183.4,133,N,K,AAC,3,AAA,"same-position, alternate-base convergence",99718,"criteria provided, single submitter",1,not provided,False,False,82,chr11,61955869,+,False,False,False,
BEST1,NM_004183.4,141,R,S,CGC,1,AGC,exact nucleotide concordance,99721,"criteria provided, multiple submitters, no conflicts",2,not provided|Retinal dystrophy,True,False,60,chr11,61955891,+,False,False,False,
BEST1,NM_004183.4,224,L,M,CTG,1,ATG,exact nucleotide concordance,99740,"criteria provided, single submitter",1,not provided,False,False,33,chr11,61957420,+,True,False,True,Vitro;WildType
BEST1,NM_004183.4,241,T,N,ACT,2,AAT,exact nucleotide concordance,99748,"criteria provided, multiple submitters, no conflicts",2,not provided|Retinal dystrophy,True,False,7,chr11,61958153,+,True,False,True,Vitro;Vivo;WildType
BEST1,NM_004183.4,27,S,R,AGC,3,AGA,"same-position, alternate-base convergence",99753,"criteria provided, single submitter",1,not provided|Retinal dystrophy,False,False,71,chr11,61951887,+,False,False,False,
BEST1,NM_004183.4,293,Q,K,CAG,1,AAG,exact nucleotide concordance,99758,"criteria provided, multiple submitters, no conflicts",2,not provided|Retinal dystrophy,True,False,9,chr11,61959507,+,True,False,True,Vitro;WildType
KLHL3,NM_017415.3,77,A,E,GCG,2,GAG,exact nucleotide concordance,100532,no assertion criteria provided,0,Pseudohypoaldosteronism type 2A,False,False,11,chr5,137709761,-,True,False,True,Vitro
KLHL3,NM_017415.3,501,P,T,CCT,1,ACT,exact nucleotide concordance,100539,no assertion criteria provided,0,Pseudohypoaldosteronism type 2A,False,False,50,chr5,137628387,-,True,False,True,Vivo;WildType
WWOX,NM_016373.4,47,P,T,CCA,1,ACA,exact nucleotide concordance,100649,no assertion criteria provided,0,Autosomal recessive spinocerebellar ataxia 12,False,False,31,chr16,78108454,+,True,False,True,Vitro;Vivo;WildType
SERPINC1,NM_000488.4,214,S,Y,TCC,2,TAC,exact nucleotide concordance,100937,"criteria provided, single submitter",1,Tuberous sclerosis 2|Hereditary antithrombin deficiency,False,False,16,chr1,173910875,-,True,False,True,WildType
PAH,NM_000277.3,350,S,Y,TCC,2,TAC,exact nucleotide concordance,102495,"criteria provided, multiple submitters, no conflicts",2,not provided|Phenylketonuria,True,False,16,chr12,102844352,-,True,False,True,WildType
PAH,NM_000277.3,362,P,T,CCA,1,ACA,exact nucleotide concordance,102515,"criteria provided, multiple submitters, no conflicts",2,not provided|Phenylketonuria,True,False,18,chr12,102843761,-,True,False,True,Vitro
PAH,NM_000277.3,366,P,H,CCC,2,CAC,exact nucleotide concordance,102521,reviewed by expert panel,3,not provided|Phenylketonuria,True,False,31,chr12,102843748,-,True,False,True,Vitro
PAH,NM_000277.3,395,A,D,GCC,2,GAC,exact nucleotide concordance,102548,reviewed by expert panel,3,not provided|Phenylketonuria,True,False,15,chr12,102843661,-,True,False,True,Vitro
PAH,NM_000277.3,413,R,S,CGC,1,AGC,exact nucleotide concordance,102575,reviewed by expert panel,3,not provided|Phenylketonuria,True,False,37,chr12,102840478,-,True,False,True,WildType
PAH,NM_000277.3,434,A,D,GCT,2,GAT,exact nucleotide concordance,102586,reviewed by expert panel,3,not provided|Phenylketonuria,True,False,14,chr12,102840414,-,True,False,True,Vitro;WildType
PAH,NM_000277.3,447,A,D,GCC,2,GAC,exact nucleotide concordance,102595,"criteria provided, multiple submitters, no conflicts",2,not provided|Phenylketonuria|PAH-related disorder,True,False,19,chr12,102839194,-,True,False,True,Vitro;Vivo
PAH,NM_000277.3,61,N,K,AAC,3,AAA,"same-position, alternate-base convergence",102618,reviewed by expert panel,3,not provided|Phenylketonuria,True,False,14,chr12,102894904,-,True,False,True,WildType
PAH,NM_000277.3,104,A,D,GCC,2,GAC,exact nucleotide concordance,102650,reviewed by expert panel,3,not provided|Phenylketonuria|PAH-related disorder,True,False,41,chr12,102894776,-,False,False,False,
PAH,NM_000277.3,122,P,Q,CCA,2,CAA,exact nucleotide concordance,102657,"criteria provided, multiple submitters, no conflicts",2,not provided|Phenylketonuria,True,False,12,chr12,102877538,-,True,False,True,WildType
PAH,NM_000277.3,211,P,T,CCA,1,ACA,exact nucleotide concordance,102766,reviewed by expert panel,3,not provided|Phenylketonuria|6-Pyruvoyl-tetrahydrobiopterin synthase deficiency|Autosomal recessive PAH-related disorders,True,False,75,chr12,102855211,-,False,False,False,
PAH,NM_000277.3,225,P,T,CCC,1,ACC,exact nucleotide concordance,102779,"criteria provided, multiple submitters, no conflicts",2,not provided|Phenylketonuria|Autosomal recessive PAH-related disorders,True,False,33,chr12,102855169,-,True,False,True,Vitro;Vivo
PAH,NM_000277.3,233,F,L,TTC,3,TTA,exact nucleotide concordance,102790,reviewed by expert panel,3,not provided|Phenylketonuria,True,False,7,chr12,102855143,-,True,False,True,Vitro;Vivo
PAH,NM_000277.3,278,T,N,ACC,2,AAC,exact nucleotide concordance,102862,reviewed by expert panel,3,not provided|Phenylketonuria,True,False,9,chr12,102852824,-,True,False,True,Vivo
PAH,NM_000277.3,309,A,D,GCC,2,GAC,exact nucleotide concordance,102897,"criteria provided, multiple submitters, no conflicts",2,not provided|Phenylketonuria,True,False,13,chr12,102846938,-,True,False,True,Vitro;WildType
PAH,NM_000277.3,310,S,Y,TCT,2,TAT,exact nucleotide concordance,102898,reviewed by expert panel,3,not provided|Phenylketonuria,True,False,16,chr12,102846935,-,True,False,True,Vitro;WildType
PAH,NM_000277.3,314,P,T,CCT,1,ACT,exact nucleotide concordance,102904,reviewed by expert panel,3,not provided|Phenylketonuria,True,False,27,chr12,102846924,-,True,False,True,Vitro;WildType
PAH,NM_000277.3,314,P,H,CCT,2,CAT,exact nucleotide concordance,102907,reviewed by expert panel,3,not provided|Phenylketonuria,True,False,28,chr12,102846923,-,True,False,True,Vitro;WildType
EDN1,NM_001955.5,77,P,H,CCC,2,CAC,exact nucleotide concordance,120213,no assertion criteria provided,0,Auriculocondylar syndrome 3,False,True,3,chr6,12292506,+,False,False,False,
ADA2,NM_001282225.2,109,A,D,GCT,2,GAT,exact nucleotide concordance,120300,no assertion criteria provided,0,Deficiency of adenosine deaminase 2,False,True,3,chr22,17207287,-,True,False,True,Vitro
ADA2,NM_001282225.2,112,H,Q,CAC,3,CAA,"same-position, alternate-base convergence",120302,"criteria provided, multiple submitters, no conflicts",2,Deficiency of adenosine deaminase 2|not provided|Autoinflammatory syndrome,True,False,13,chr22,17207277,-,True,False,True,Vitro
CSF1R,NM_001288705.3,781,A,E,GCG,2,GAG,exact nucleotide concordance,120324,no assertion criteria provided,0,Hereditary diffuse leukoencephalopathy with spheroids,False,False,22,chr5,150056319,-,False,False,False,
TRPV4,NM_021625.5,617,F,L,TTC,3,TTA,exact nucleotide concordance,126472,"criteria provided, multiple submitters, no conflicts",2,"Skeletal dysplasia|not provided|Charcot-Marie-Tooth disease axonal type 2C|Spondylometaphyseal dysplasia, Kozlowski type",True,False,26,chr12,109792403,-,True,False,True,Vitro
TRPV4,NM_021625.5,273,F,L,TTC,3,TTA,"same-position, alternate-base convergence",126483,"criteria provided, single submitter",1,Familial digital arthropathy-brachydactyly|not provided,False,False,34,chr12,109800652,-,True,False,True,Vivo
NR2F1,NM_005654.6,113,S,R,AGC,3,AGA,exact nucleotide concordance,126494,"criteria provided, single submitter",1,Bosch-Boonstra-Schaaf optic atrophy syndrome,False,False,124,chr5,93585362,+,False,False,False,
MSH6,NM_000179.3,541,S,R,AGC,3,AGA,different-position convergence,126891,reviewed by expert panel,3,Lynch syndrome|Hereditary cancer-predisposing syndrome|Hereditary nonpolyposis colorectal neoplasms|Lynch syndrome 5|Inherited MMR deficiency (Lynch syndrome)|Mismatch repair cancer syndrome 3,True,False,993,chr2,47799604,+,True,False,True,
TUBB2A,NM_001069.3,247,N,K,AAC,3,AAA,"same-position, alternate-base convergence",127100,"criteria provided, single submitter",1,Complex cortical dysplasia with other brain malformations 5|Congenital cerebellar hypoplasia,False,False,463,chr6,3154460,-,False,False,False,
STUB1,NM_005861.4,79,A,D,GCC,2,GAC,exact nucleotide concordance,127150,"criteria provided, single submitter",1,Autosomal recessive spinocerebellar ataxia 16|Spinocerebellar ataxia 48,False,False,76,chr16,681228,+,False,False,False,
ACTB,NM_001101.5,196,R,S,CGC,1,AGC,exact nucleotide concordance,127170,no assertion criteria provided,0,Baraitser-Winter syndrome 1,False,False,216,chr7,5528497,-,False,False,False,
NR2F2,NM_021005.4,341,S,Y,TCT,2,TAT,exact nucleotide concordance,128232,"criteria provided, multiple submitters, no conflicts",2,"Congenital heart defects, multiple types, 4|not provided|Asplenia",True,False,51,chr15,96337399,+,True,False,True,Vivo;WildType
ACTA1,NM_001100.4,172,A,E,GCG,2,GAG,exact nucleotide concordance,128261,"criteria provided, single submitter",1,"Nemaline myopathy 3, autosomal dominant or recessive",False,False,60,chr1,229432371,-,True,False,True,WildType
TTN,NM_001267550.2,31786,N,K,AAC,3,AAA,"same-position, alternate-base convergence",132138,no assertion criteria provided,0,"Myopathy, myofibrillar, 9, with early respiratory failure",False,False,58,chr2,178545878,-,False,False,False,
ACTG2,NM_001615.4,148,R,S,CGC,1,AGC,exact nucleotide concordance,132797,"criteria provided, single submitter",1,Visceral myopathy 1|Chronic intestinal pseudoobstruction,False,False,9,chr2,73909130,+,True,False,True,Vivo;WildType
PIK3CD,NM_005026.5,334,N,K,AAC,3,AAA,exact nucleotide concordance,132806,reviewed by expert panel,3,Immunodeficiency 14,True,False,18,chr1,9717608,+,True,False,True,WildType
MYH7,NM_000257.4,510,F,L,TTC,3,TTA,exact nucleotide concordance,132926,no assertion criteria provided,0,Familial cardiomyopathy,False,False,48,chr14,23428548,-,True,False,True,Vivo;WildType
MYH7,NM_000257.4,384,S,Y,TCT,2,TAT,exact nucleotide concordance,132930,no assertion criteria provided,0,Familial cardiomyopathy,False,False,12,chr14,23429335,-,True,False,True,Vitro;WildType
RYR1,NM_000540.3,3986,D,E,GAC,3,GAA,"same-position, alternate-base convergence",133026,reviewed by expert panel,3,"not provided|Malignant hyperthermia, susceptibility to, 1|RYR1-related disorder",True,False,50,chr19,38543821,+,False,False,False,
RYR1,NM_000540.3,4050,S,Y,TCC,2,TAC,exact nucleotide concordance,133033,reviewed by expert panel,3,"not provided|Malignant hyperthermia, susceptibility to, 1|RYR1-related disorder",True,False,54,chr19,38548287,+,True,False,True,WildType
RYR1,NM_000540.3,539,F,L,TTC,3,TTA,different-position convergence,133104,reviewed by expert panel,3,"not provided|RYR1-related disorder|Malignant hyperthermia, susceptibility to, 1",True,False,38,chr19,38455489,+,True,False,True,
RYR1,NM_000540.3,155,Q,K,CAG,1,AAG,exact nucleotide concordance,133132,reviewed by expert panel,3,"not provided|Malignant hyperthermia, susceptibility to, 1",True,False,38,chr19,38444187,+,True,False,True,Vivo
RYR1,NM_000540.3,2129,D,E,GAC,3,GAA,"same-position, alternate-base convergence",133157,reviewed by expert panel,3,"not provided|Malignant hyperthermia, susceptibility to, 1",True,False,112,chr19,38494464,+,True,False,True,Vivo;WildType
CHRNA1,NM_000079.4,246,S,Y,TCC,2,TAC,exact nucleotide concordance,135654,no assertion criteria provided,0,Slow-Channel Congenital Myasthenia Syndrome,False,False,41,chr2,174753544,-,True,False,True,WildType
EMP2,NM_001424.6,7,F,L,TTC,3,TTA,"same-position, alternate-base convergence",139532,no assertion criteria provided,0,"Nephrotic syndrome, type 10",False,False,20,chr16,10547597,-,True,False,True,WildType
VARS2,NM_020442.6,596,A,D,GCC,2,GAC,exact nucleotide concordance,141426,no assertion criteria provided,0,Combined oxidative phosphorylation defect type 20,False,False,19,chr6,30921976,+,False,False,False,
BRIP1,NM_032043.3,848,R,S,CGC,1,AGC,exact nucleotide concordance,142529,"criteria provided, multiple submitters, no conflicts",2,Hereditary cancer-predisposing syndrome|not provided|Familial cancer of breast;Fanconi anemia complementation group J,True,False,33,chr17,61693463,-,False,False,False,
PMS2,NM_000535.7,844,P,H,CCC,2,CAC,exact nucleotide concordance,142877,"criteria provided, multiple submitters, no conflicts",2,Hereditary cancer-predisposing syndrome|Hereditary nonpolyposis colorectal neoplasms|PMS2-related disorder|Lynch syndrome 4|Hereditary nonpolyposis colon cancer|not provided,True,False,58,chr7,5973457,-,False,False,False,
ABHD12,NM_001042472.3,372,H,Q,CAC,3,CAA,"same-position, alternate-base convergence",143235,no assertion criteria provided,0,PHARC syndrome,False,False,41,chr20,25302260,-,False,False,False,
MECP2,NM_001110792.2,113,P,H,CCT,2,CAT,exact nucleotide concordance,143525,"criteria provided, single submitter",1,Rett syndrome,False,False,75,chrX,154032282,-,False,False,False,
MECP2,NM_001110792.2,143,A,D,GCC,2,GAC,exact nucleotide concordance,143556,reviewed by expert panel,3,Rett syndrome|not provided,True,False,14,chrX,154031436,-,False,False,False,
MECP2,NM_001110792.2,169,F,L,TTC,3,TTA,"same-position, alternate-base convergence",143589,reviewed by expert panel,3,Rett syndrome|Severe neonatal-onset encephalopathy with microcephaly,True,False,93,chrX,154031357,-,False,False,False,
MECP2,NM_001110792.2,237,P,T,CCT,1,ACT,exact nucleotide concordance,143652,"criteria provided, multiple submitters, no conflicts",2,not provided|Rett syndrome,True,False,295,chrX,154031155,-,False,False,False,
MECP2,NM_001110792.2,314,P,T,CCC,1,ACC,exact nucleotide concordance,143733,"criteria provided, single submitter",1,Rett syndrome,False,False,526,chrX,154030924,-,False,False,False,
MECP2,NM_001110792.2,314,P,H,CCC,2,CAC,exact nucleotide concordance,143736,"criteria provided, multiple submitters, no conflicts",2,Rett syndrome|Severe neonatal-onset encephalopathy with microcephaly|not provided,True,False,527,chrX,154030923,-,False,False,False,
CCND2,NM_001759.4,280,T,N,ACC,2,AAC,exact nucleotide concordance,143983,"criteria provided, multiple submitters, no conflicts",2,Megalencephaly-polymicrogyria-polydactyly-hydrocephalus syndrome 3|not provided|Seizure|Lennox-Gastaut syndrome,True,False,31,chr12,4299978,+,True,False,True,Vivo;WildType
STAT1,NM_007315.4,179,N,K,AAC,3,AAA,exact nucleotide concordance,144004,no assertion criteria provided,0,Autoimmune enteropathy and endocrinopathy - susceptibility to chronic infections syndrome,False,False,4,chr2,190999630,-,False,False,False,
STAT3,NM_139276.3,646,N,K,AAC,3,AAA,"same-position, alternate-base convergence",144031,no assertion criteria provided,0,STAT3-related early-onset multisystem autoimmune disease,False,False,49,chr17,42322445,-,False,False,False,
JPH2,NM_020433.5,161,T,K,ACG,2,AAG,exact nucleotide concordance,155800,"criteria provided, multiple submitters, no conflicts",2,Primary familial hypertrophic cardiomyopathy|Hypertrophic cardiomyopathy|Cardiovascular phenotype,True,False,102,chr20,44160305,-,False,False,False,
MYL2,NM_000432.4,80,T,N,ACT,2,AAT,exact nucleotide concordance,155818,"criteria provided, multiple submitters, no conflicts",2,Primary familial hypertrophic cardiomyopathy|Hypertrophic cardiomyopathy 10|Hypertrophic cardiomyopathy,True,False,35,chr12,110914221,-,True,False,True,Vitro;Vivo;WildType
UBE3A,NM_130839.5,126,T,K,ACA,2,AAA,exact nucleotide concordance,155994,reviewed by expert panel,3,Angelman syndrome,True,False,15,chr15,25371797,-,True,False,True,WildType
SCN8A,NM_001330260.2,1466,N,K,AAC,3,AAA,exact nucleotide concordance,156107,no assertion criteria provided,0,"Developmental and epileptic encephalopathy, 13",False,False,21,chr12,51789397,+,False,False,False,
CACNA1S,NM_000069.3,1086,R,S,CGC,1,AGC,exact nucleotide concordance,156288,"criteria provided, multiple submitters, no conflicts",2,"not provided|Malignant hyperthermia of anesthesia|Thyrotoxic periodic paralysis, susceptibility to, 1;Congenital myopathy 18;Hypokalemic periodic paralysis, type 1;Malignant hyperthermia, susceptibility to, 5|Thyrotoxic periodic paralysis, susceptibility to, 1",False,True,0,chr1,201060816,-,True,False,True,Vivo
BAG3,NM_004281.4,209,P,Q,CCG,2,CAG,exact nucleotide concordance,156530,"criteria provided, single submitter",1,Myofibrillar myopathy 6|Dilated cardiomyopathy 1HH;Myofibrillar myopathy 6,False,False,118,chr10,119672373,+,True,False,True,Vivo
RAB39B,NM_171998.4,168,T,K,ACA,2,AAA,exact nucleotide concordance,156532,"criteria provided, single submitter",1,Early-onset parkinsonism-intellectual disability syndrome|not provided,False,False,139,chrX,155260942,-,False,False,False,
KCNB1,NM_004975.4,347,S,R,AGC,3,AGA,exact nucleotide concordance,156533,"criteria provided, multiple submitters, no conflicts",2,"Developmental and epileptic encephalopathy, 26|Inborn genetic diseases|Neurodevelopmental delay|not provided",True,False,473,chr20,49374519,-,False,False,False,
FGFR3,NM_000142.5,546,T,K,ACG,2,AAG,exact nucleotide concordance,156545,"criteria provided, single submitter",1,Camptodactyly-tall stature-scoliosis-hearing loss syndrome|FGFR3-related chondrodysplasia,False,False,8,chr4,1805661,+,False,False,False,
MTOR,NM_004958.4,1977,T,K,ACA,2,AAA,exact nucleotide concordance,156702,reviewed by expert panel,3,not provided|Overgrowth syndrome and/or cerebral malformations due to abnormalities in MTOR pathway genes|Macrocephaly-intellectual disability-neurodevelopmental disorder-small thorax syndrome|Isolated focal cortical dysplasia type II,True,False,19,chr1,11128107,-,True,False,True,Vivo;WildType
ARX,NM_139058.3,378,N,K,AAC,3,AAA,exact nucleotide concordance,157741,"criteria provided, single submitter",1,X-linked lissencephaly with abnormal genitalia,False,False,14,chrX,25007425,-,False,False,False,
MCPH1,NM_024596.5,93,A,E,GCA,2,GAA,exact nucleotide concordance,158867,"criteria provided, single submitter",1,"Microcephaly 1, primary, autosomal recessive",False,False,43,chr8,6431543,+,True,False,True,Vitro;WildType
TUBA1A,NM_006009.4,402,R,S,CGT,1,AGT,exact nucleotide concordance,160145,"criteria provided, multiple submitters, no conflicts",2,Lissencephaly due to TUBA1A mutation|Tubulinopathy,True,False,152,chr12,49185162,-,True,False,True,Vitro;Vivo;WildType
PAFAH1B1,NM_000430.4,251,S,R,AGC,3,AGA,different-position convergence,159545,"criteria provided, single submitter",1,Lissencephaly due to LIS1 mutation,False,False,79,chr17,2674139,+,True,False,True,
WDR62,NM_001083961.2,120,S,Y,TCC,2,TAC,exact nucleotide concordance,160292,"criteria provided, multiple submitters, no conflicts",2,"Microcephaly 2, primary, autosomal recessive, with or without cortical malformations",True,False,26,chr19,36065984,+,True,False,True,Vivo;WildType
PLA2G6,NM_003560.4,2,Q,K,CAG,1,AAG,exact nucleotide concordance,159772,"criteria provided, single submitter",1,Iron accumulation in brain,False,True,3,chr22,38169423,-,True,False,True,Vitro;WildType
DCX,NM_001195553.2,204,A,D,GCC,2,GAC,exact nucleotide concordance,158490,"criteria provided, multiple submitters, no conflicts",2,Ectopic tissue|not provided,True,False,94,chrX,111401084,-,False,False,False,
DCX,NM_001195553.2,203,T,K,ACA,2,AAA,exact nucleotide concordance,158489,"criteria provided, single submitter",1,Ectopic tissue,False,False,97,chrX,111401087,-,False,False,False,
DCX,NM_001195553.2,191,P,T,CCT,1,ACT,exact nucleotide concordance,158480,"criteria provided, single submitter",1,Ectopic tissue,False,False,134,chrX,111401124,-,True,False,True,WildType
DCX,NM_001195553.2,65,F,L,TTC,3,TTA,exact nucleotide concordance,158438,"criteria provided, single submitter",1,Ectopic tissue,False,False,169,chrX,111410204,-,True,False,True,Vitro;WildType
MTM1,NM_000252.3,226,P,T,CCA,1,ACA,exact nucleotide concordance,158995,"criteria provided, single submitter",1,Severe X-linked myotubular myopathy,False,True,2,chrX,150641416,+,False,False,False,
MTM1,NM_000252.3,387,S,Y,TCC,2,TAC,exact nucleotide concordance,158901,"criteria provided, single submitter",1,Severe X-linked myotubular myopathy,False,False,100,chrX,150657927,+,True,False,True,WildType
EBP,NM_006579.3,105,A,D,GCC,2,GAC,exact nucleotide concordance,158543,"criteria provided, single submitter",1,Chondrodysplasia punctata 2 X-linked dominant,False,False,12,chrX,48527001,+,True,False,True,Vitro
SMC1A,NM_006306.4,423,Q,K,CAA,1,AAA,exact nucleotide concordance,159940,"criteria provided, single submitter",1,Congenital muscular hypertrophy-cerebral syndrome,False,False,12,chrX,53409491,-,True,False,True,Vivo
SLC16A2,NM_006517.5,150,A,E,GCG,2,GAG,exact nucleotide concordance,159907,"criteria provided, single submitter",1,Allan-Herndon-Dudley syndrome,False,False,18,chrX,74521008,+,True,False,True,Vitro;Vivo;WildType
ATP1A3,NM_152296.5,805,D,E,GAC,3,GAA,"same-position, alternate-base convergence",161141,"criteria provided, single submitter",1,Dystonia 12,False,True,3,chr19,41970391,-,False,False,False,
ATP1A3,NM_152296.5,137,S,Y,TCC,2,TAC,exact nucleotide concordance,161121,"criteria provided, single submitter",1,Dystonia 12,False,False,52,chr19,41986177,-,False,False,False,
LDLR,NM_000527.5,825,N,K,AAC,3,AAA,"same-position, alternate-base convergence",161265,reviewed by expert panel,3,"Hypercholesterolemia, familial, 1|Familial hypercholesterolemia|Hypercholesterolemia|not provided|Cardiovascular phenotype",True,False,72,chr19,11129598,+,True,True,True,Vivo;WildType
BRF1,NM_001519.4,292,P,H,CCC,2,CAC,exact nucleotide concordance,161426,"criteria provided, multiple submitters, no conflicts",2,Cerebellar-facial-dental syndrome|not provided,True,False,40,chr14,105226674,-,True,False,True,Vitro;Vivo
GHRHR,NM_000823.4,165,H,Q,CAC,3,CAA,exact nucleotide concordance,161437,no assertion criteria provided,0,Isolated growth hormone deficiency type IB,False,False,30,chr7,30971993,+,True,False,True,Vivo;WildType
COL4A1,NM_001845.6,1627,N,K,AAC,3,AAA,"same-position, alternate-base convergence",161976,no assertion criteria provided,0,Brain small vessel disease 1 with or without ocular anomalies,False,False,47,chr13,110152381,-,False,False,False,
MAF,NM_005360.5,59,P,H,CCC,2,CAC,exact nucleotide concordance,162515,"criteria provided, multiple submitters, no conflicts",2,Ayme-Gripp syndrome,True,False,175,chr16,79599727,-,False,False,False,
TNNT2,NM_001276345.2,279,N,K,AAC,3,AAA,exact nucleotide concordance,177855,"criteria provided, single submitter",1,Hypertrophic cardiomyopathy|Cardiovascular phenotype,False,False,14,chr1,201359637,-,True,False,True,Vitro;Vivo;WildType
WFS1,NM_006005.3,641,T,K,ACG,2,AAG,exact nucleotide concordance,166599,"criteria provided, multiple submitters, no conflicts",2,not specified|not provided|Wolfram-like syndrome;Wolfram syndrome 1,True,False,751,chr4,6301717,+,False,False,False,
BRAF,NM_004333.6,712,A,D,GCC,2,GAC,exact nucleotide concordance,162795,"criteria provided, multiple submitters, no conflicts",2,Noonan syndrome;Cardio-facio-cutaneous syndrome|not provided|Noonan syndrome|Noonan syndrome 7|RASopathy|6 conditions,True,False,7,chr7,140734763,-,False,False,False,
MYH7,NM_000257.4,247,F,L,TTC,3,TTA,different-position convergence,164392,"criteria provided, multiple submitters, no conflicts",2,Hypertrophic cardiomyopathy|Cardiovascular phenotype,True,False,6,chr14,23431475,-,True,False,True,
MYH7,NM_000257.4,838,P,Q,CCG,2,CAG,exact nucleotide concordance,164329,"criteria provided, single submitter",1,Hypertrophic cardiomyopathy,False,False,89,chr14,23424935,-,True,False,True,Vitro;Vivo;WildType
MYH7,NM_000257.4,710,P,H,CCC,2,CAC,exact nucleotide concordance,177734,reviewed by expert panel,3,not specified|Hypertrophic cardiomyopathy|Cardiovascular phenotype,True,False,33,chr14,23425997,-,False,False,False,
MYH7,NM_000257.4,517,L,M,CTG,1,ATG,exact nucleotide concordance,177624,"criteria provided, multiple submitters, no conflicts",2,Hypertrophic cardiomyopathy|Cardiovascular phenotype,True,False,29,chr14,23428529,-,True,False,True,Vivo
KRAS,NM_004985.5,61,Q,K,CAA,1,AAA,exact nucleotide concordance,177777,"criteria provided, single submitter",1,"Non-small cell lung carcinoma|Colon adenocarcinoma|Thyroid cancer, nonmedullary, 1",False,False,69,chr12,25227343,-,False,False,False,
GIPC3,NM_133261.3,41,T,K,ACG,2,AAG,exact nucleotide concordance,163502,"criteria provided, multiple submitters, no conflicts",2,Rare genetic deafness|not provided|Autosomal recessive nonsyndromic hearing loss 15,True,False,103,chr19,3585719,+,True,False,True,WildType
MYO7A,NM_000260.4,133,H,N,CAC,1,AAC,exact nucleotide concordance,164656,reviewed by expert panel,3,not specified|Autosomal recessive nonsyndromic hearing loss 2;Usher syndrome type 1|not provided|Autosomal recessive nonsyndromic hearing loss 2|Autosomal dominant nonsyndromic hearing loss 11|Usher syndrome type 1B|Autosomal recessive nonsyndromic hearing loss 2;Autosomal dominant nonsyndromic hearing loss 11;Usher syndrome type 1|Usher syndrome,True,False,73,chr11,77156018,+,True,False,True,Vitro;Vivo
GAA,NM_000152.5,614,T,K,ACG,2,AAG,exact nucleotide concordance,167113,reviewed by expert panel,3,"Glycogen storage disease, type II|not provided",True,False,47,chr17,80112664,+,False,False,False,
MYO7A,NM_000260.4,26,A,E,GCG,2,GAG,exact nucleotide concordance,177731,"criteria provided, multiple submitters, no conflicts",2,Rare genetic deafness|not provided|Usher syndrome type 1B,True,False,55,chr11,77142767,+,True,False,True,Vitro;Vivo;WildType
TAC3,NM_013251.4,80,R,S,CGT,1,AGT,exact nucleotide concordance,180155,"criteria provided, single submitter",1,Hypogonadotropic hypogonadism 7 with or without anosmia|Delayed puberty,False,True,0,chr12,57013359,-,True,False,True,Vitro
LONP1,NM_004793.4,631,S,Y,TCC,2,TAC,exact nucleotide concordance,180659,no assertion criteria provided,0,CODAS syndrome,False,False,4,chr19,5696253,-,False,False,False,
ITGB6,NM_000888.5,196,P,T,CCT,1,ACT,exact nucleotide concordance,180686,"criteria provided, single submitter",1,Amelogenesis imperfecta type 1H,False,False,7,chr2,160195376,-,False,False,False,
BRAF,NM_004333.6,574,H,Q,CAC,3,CAA,exact nucleotide concordance,180788,"criteria provided, single submitter",1,not provided,False,False,19,chr7,140754206,-,False,False,False,
MYH7,NM_000257.4,1199,S,R,AGC,3,AGA,"same-position, alternate-base convergence",181228,"criteria provided, single submitter",1,not provided,False,False,129,chr14,23419974,-,False,False,False,
MYH7,NM_000257.4,1055,L,M,CTG,1,ATG,exact nucleotide concordance,181216,"criteria provided, single submitter",1,not provided,False,False,63,chr14,23422262,-,True,False,True,WildType
MYH7,NM_000257.4,782,S,R,AGC,3,AGA,exact nucleotide concordance,181181,"criteria provided, multiple submitters, no conflicts",2,not provided|Hypertrophic cardiomyopathy|MYH7-related cardiomyopathy,True,False,59,chr14,23425359,-,True,False,True,WildType
MYH7,NM_000257.4,244,F,L,TTC,3,TTA,different-position convergence,181319,"criteria provided, single submitter",1,not provided,False,True,2,chr14,23431587,-,True,False,True,
MYH7,NM_000257.4,148,S,R,AGC,3,AGA,different-position convergence,181304,"criteria provided, single submitter",1,not provided,False,False,60,chr14,23432699,-,True,False,True,
TTR,NM_000371.4,65,A,D,GCC,2,GAC,exact nucleotide concordance,181702,"criteria provided, multiple submitters, no conflicts",2,"not provided|Amyloidosis, hereditary systemic 1",True,False,6,chr18,31593020,+,False,False,False,
TTR,NM_000371.4,79,T,K,ACA,2,AAA,exact nucleotide concordance,181694,"criteria provided, multiple submitters, no conflicts",2,"not provided|Amyloidosis, hereditary systemic 1|Cardiovascular phenotype",True,False,35,chr18,31595155,+,True,False,True,Vivo;WildType
TNNI3,NM_000363.5,194,N,K,AAC,3,AAA,"same-position, alternate-base convergence",181602,"criteria provided, single submitter",1,not provided,False,False,32,chr19,55151885,-,True,False,True,Vitro;Vivo;WildType
GLA,NM_000169.3,410,T,K,ACA,2,AAA,exact nucleotide concordance,180833,"criteria provided, multiple submitters, no conflicts",2,Fabry disease,True,False,61,chrX,101397870,-,False,False,False,
ATM,NM_000051.4,2666,T,N,ACT,2,AAT,exact nucleotide concordance,181984,"criteria provided, multiple submitters, no conflicts",2,not provided|Ataxia-telangiectasia syndrome|Hereditary cancer-predisposing syndrome|Familial cancer of breast,True,False,13,chr11,108333955,+,False,False,False,
STK11,NM_000455.5,181,N,K,AAC,3,AAA,exact nucleotide concordance,3383208,"criteria provided, single submitter",1,Peutz-Jeghers syndrome,False,False,54,chr19,1220451,+,False,True,True,
CERS1,NM_021267.5,183,H,Q,CAC,3,CAA,"same-position, alternate-base convergence",183023,no assertion criteria provided,0,Progressive myoclonic epilepsy type 8,False,False,41,chr19,18884128,-,True,False,True,Vivo
LDLR,NM_000527.5,282,F,L,TTC,3,TTA,exact nucleotide concordance,183098,reviewed by expert panel,3,"not provided|Hypercholesterolemia, familial, 1|Cardiovascular phenotype|Familial hypercholesterolemia",True,False,28,chr19,11107420,+,True,False,True,Vitro;WildType
CALM1,NM_006888.6,142,F,L,TTC,3,TTA,"same-position, alternate-base convergence",183231,"criteria provided, single submitter",1,Long QT syndrome 14,False,False,4,chr14,90404693,+,False,False,False,
CALM1,NM_006888.6,90,F,L,TTC,3,TTA,different-position convergence,183232,"criteria provided, single submitter",1,Long QT syndrome 14,False,False,17,chr14,90403951,+,True,True,True,
KCNH1,NM_172362.3,352,S,Y,TCT,2,TAT,exact nucleotide concordance,183419,no assertion criteria provided,0,Zimmermann-Laband syndrome 1,False,False,22,chr1,210920047,-,True,False,True,Vitro;Vivo;WildType
SDHD,NM_003002.4,102,H,N,CAT,1,AAT,exact nucleotide concordance,185719,"criteria provided, multiple submitters, no conflicts",2,Hereditary cancer-predisposing syndrome|Cowden syndrome 3;Carney-Stratakis syndrome;Paragangliomas with sensorineural hearing loss;Pheochromocytoma|Hereditary pheochromocytoma and paraganglioma,True,False,10,chr11,112089001,+,False,False,False,
MAX,NM_002382.5,67,A,D,GCC,2,GAC,exact nucleotide concordance,185646,"criteria provided, multiple submitters, no conflicts",2,Hereditary cancer-predisposing syndrome|Hereditary pheochromocytoma and paraganglioma,True,False,28,chr14,65078008,-,False,False,False,
STK11,NM_000455.5,194,D,E,GAC,3,GAA,exact nucleotide concordance,185384,"criteria provided, multiple submitters, no conflicts",2,Hereditary cancer-predisposing syndrome|not provided|Peutz-Jeghers syndrome,True,False,15,chr19,1220490,+,False,True,True,
GPT2,NM_133443.4,153,S,R,AGC,3,AGA,"same-position, alternate-base convergence",187856,"criteria provided, single submitter",1,Glutamate pyruvate transaminase 2 deficiency|Inborn genetic diseases,False,False,16,chr16,46906858,+,False,False,False,
ECHS1,NM_004092.4,158,A,D,GCC,2,GAC,exact nucleotide concordance,187859,no assertion criteria provided,0,Mitochondrial short-chain Enoyl-Coa hydratase 1 deficiency,False,False,41,chr10,133368964,-,True,False,True,WildType
MYH7,NM_000257.4,869,R,S,CGC,1,AGC,exact nucleotide concordance,4820424,"criteria provided, single submitter",1,Cardiovascular phenotype,False,False,74,chr14,23424843,-,True,False,True,WildType
MYH7,NM_000257.4,778,D,E,GAC,3,GAA,exact nucleotide concordance,188615,"criteria provided, multiple submitters, no conflicts",2,Cardiovascular phenotype|Hypertrophic cardiomyopathy|not provided,True,False,47,chr14,23425371,-,True,False,True,WildType
SLC26A4,NM_000441.2,28,S,R,AGC,3,AGA,exact nucleotide concordance,188998,"criteria provided, multiple submitters, no conflicts",2,Pendred syndrome|not provided|Autosomal recessive nonsyndromic hearing loss 4|Pendred syndrome;Autosomal recessive nonsyndromic hearing loss 4,True,False,80,chr7,107661725,+,False,False,False,
ASPA,NM_000049.4,181,P,T,CCT,1,ACT,exact nucleotide concordance,188940,"criteria provided, multiple submitters, no conflicts",2,"Spongy degeneration of central nervous system|not provided|Canavan Disease, Familial Form",True,False,14,chr17,3489249,+,False,False,False,
NPC1,NM_000271.5,1205,T,K,ACA,2,AAA,exact nucleotide concordance,188747,"criteria provided, multiple submitters, no conflicts",2,"Niemann-Pick disease, type C1|not provided|Abnormality of metabolism/homeostasis|Niemann-Pick disease, type C",True,False,22,chr18,23533495,-,False,False,False,
SCN1A,NM_001165963.4,1451,P,T,CCT,1,ACT,exact nucleotide concordance,189843,"criteria provided, multiple submitters, no conflicts",2,Severe myoclonic epilepsy in infancy|Early-infantile DEE,True,False,12,chr2,165998163,-,False,False,False,
SCN1A,NM_001165963.4,1362,S,R,AGC,3,AGA,"same-position, alternate-base convergence",189942,"criteria provided, multiple submitters, no conflicts",2,Severe myoclonic epilepsy in infancy|Early-infantile DEE,True,False,83,chr2,166002670,-,False,False,False,
SCN1A,NM_001165963.4,910,Q,K,CAG,1,AAG,exact nucleotide concordance,189874,"criteria provided, single submitter",1,Severe myoclonic epilepsy in infancy,False,False,138,chr2,166037994,-,True,False,True,Vivo;WildType
SCN1A,NM_001165963.4,872,S,Y,TCT,2,TAT,exact nucleotide concordance,189949,"criteria provided, multiple submitters, no conflicts",2,Severe myoclonic epilepsy in infancy|not provided,True,False,25,chr2,166038107,-,False,False,False,
SCN1A,NM_001165963.4,382,D,E,GAC,3,GAA,exact nucleotide concordance,189913,"criteria provided, multiple submitters, no conflicts",2,Severe myoclonic epilepsy in infancy|Early-infantile DEE,True,False,24,chr2,166047651,-,False,False,False,
SCN1A,NM_001165963.4,243,S,Y,TCT,2,TAT,exact nucleotide concordance,189915,"criteria provided, single submitter",1,Severe myoclonic epilepsy in infancy,False,False,33,chr2,166051955,-,True,False,True,WildType
SCN1A,NM_001165963.4,113,P,T,CCC,1,ACC,exact nucleotide concordance,189862,"criteria provided, multiple submitters, no conflicts",2,Severe myoclonic epilepsy in infancy|not provided|Developmental and epileptic encephalopathy,True,False,46,chr2,166058616,-,False,False,False,
SIK1,NM_173354.5,287,P,T,CCC,1,ACC,exact nucleotide concordance,190105,no assertion criteria provided,0,"Developmental and epileptic encephalopathy, 30",False,False,110,chr21,43420347,-,False,False,False,
HPCA,NM_002143.3,71,T,N,ACC,2,AAC,exact nucleotide concordance,190119,no assertion criteria provided,0,Torsion dystonia 2,False,False,166,chr1,32889110,+,False,False,False,
MAF,NM_005360.5,299,R,S,CGC,1,AGC,exact nucleotide concordance,190235,"criteria provided, single submitter",1,Cataract 21 multiple types|not provided,False,False,223,chr16,79599008,-,False,False,False,
GFAP,NM_002055.5,268,A,D,GCT,2,GAT,exact nucleotide concordance,190349,no assertion criteria provided,0,Alexander disease,False,False,22,chr17,44911775,-,False,False,False,
YARS1,NM_003680.4,263,F,L,TTC,3,TTA,exact nucleotide concordance,190979,"criteria provided, single submitter",1,not provided,False,False,31,chr1,32786971,-,True,False,True,Vivo
AK2,NM_001625.4,182,A,D,GCC,2,GAC,exact nucleotide concordance,190980,"criteria provided, multiple submitters, no conflicts",2,not provided|Reticular dysgenesis,True,False,46,chr1,33013356,-,True,False,True,WildType
CDHR1,NM_033100.4,159,A,E,GCA,2,GAA,exact nucleotide concordance,191004,"criteria provided, single submitter",1,not provided,False,False,37,chr10,84200638,+,True,False,True,Vitro;WildType
RAG2,NM_000536.4,183,F,L,TTC,3,TTA,different-position convergence,191018,"criteria provided, single submitter",1,not provided,False,False,546,chr11,36593622,-,True,False,True,
MYBPC3,NM_000256.3,90,F,L,TTC,3,TTA,"same-position, alternate-base convergence",191021,"criteria provided, single submitter",1,not provided,False,False,22,chr11,47351261,-,False,False,False,
UBR1,NM_174916.3,420,Q,K,CAG,1,AAG,exact nucleotide concordance,191058,"criteria provided, single submitter",1,not provided,False,False,23,chr15,43056367,-,False,False,False,
ANK2,NM_001148.6,2615,P,H,CCC,2,CAC,exact nucleotide concordance,191194,"criteria provided, single submitter",1,not provided,False,False,2837,chr4,113356462,+,False,True,True,
GHRHR,NM_000823.4,153,A,D,GCT,2,GAT,exact nucleotide concordance,191335,"criteria provided, multiple submitters, no conflicts",2,"not provided|Isolated growth hormone deficiency, type 4",True,False,6,chr7,30971210,+,True,False,True,Vitro;Vivo;WildType
IFT172,NM_015662.3,1567,H,Q,CAC,3,CAA,exact nucleotide concordance,191366,"criteria provided, multiple submitters, no conflicts",2,Bardet-Biedl syndrome 20|Short-rib thoracic dysplasia 10 with or without polydactyly;Retinitis pigmentosa 71|IFT172-related disorder,True,False,41,chr2,27446314,-,False,False,False,
GPR101,NM_054021.2,366,D,E,GAC,3,GAA,exact nucleotide concordance,192259,no assertion criteria provided,0,"Pituitary adenoma, growth hormone-secreting, 2",False,False,429,chrX,137030577,-,False,False,False,
ORAI1,NM_032790.4,103,A,E,GCA,2,GAA,exact nucleotide concordance,192287,no assertion criteria provided,0,Combined immunodeficiency due to ORAI1 deficiency,False,False,4,chr12,121641045,+,False,False,False,
SCN8A,NM_001330260.2,984,N,K,AAC,3,AAA,"same-position, alternate-base convergence",192317,"criteria provided, single submitter",1,"Developmental and epileptic encephalopathy, 13|Seizure;Global developmental delay|Complex neurodevelopmental disorder",False,False,50,chr12,51768915,+,False,False,False,
TFAP2A,NM_001372066.1,219,R,S,CGC,1,AGC,exact nucleotide concordance,192350,"criteria provided, single submitter",1,Branchiooculofacial syndrome,False,False,115,chr6,10404623,-,False,False,False,
PDE3A,NM_000921.5,445,T,N,ACC,2,AAC,exact nucleotide concordance,193020,no assertion criteria provided,0,Brachydactyly-arterial hypertension syndrome,False,False,64,chr12,20616294,+,False,False,False,
SCN2A,NM_001371246.1,393,T,K,ACA,2,AAA,exact nucleotide concordance,193734,"criteria provided, single submitter",1,not provided,False,True,1,chr2,165313903,+,False,False,False,
PMM2,NM_000303.3,144,F,L,TTC,3,TTA,different-position convergence,197658,"criteria provided, multiple submitters, no conflicts",2,not provided|PMM2-congenital disorder of glycosylation,True,False,17,chr16,8811161,+,False,False,False,
IDUA,NM_000203.5,388,T,K,ACG,2,AAG,exact nucleotide concordance,198696,reviewed by expert panel,3,"Hurler syndrome|not provided|Mucopolysaccharidosis type 1|Hurler syndrome;Mucopolysaccharidosis, MPS-I-H/S;Mucopolysaccharidosis, MPS-I-S",True,False,26,chr4,1002459,+,False,False,False,
RELN,NM_005045.4,798,H,N,CAT,1,AAT,exact nucleotide concordance,199432,no assertion criteria provided,0,Familial temporal lobe epilepsy 7,False,False,73,chr7,103635498,-,True,False,True,WildType
RYR2,NM_001035.3,2317,A,E,GCA,2,GAA,exact nucleotide concordance,201272,"criteria provided, single submitter",1,not provided,False,False,21,chr1,237639036,+,True,False,True,Vitro;Vivo;WildType
RYR2,NM_001035.3,3938,S,R,AGC,3,AGA,exact nucleotide concordance,201188,"criteria provided, multiple submitters, no conflicts",2,not provided|Catecholaminergic polymorphic ventricular tachycardia 1,True,False,38,chr1,237778704,+,True,False,True,Vivo
RYR2,NM_001035.3,4124,S,R,AGC,3,AGA,exact nucleotide concordance,201330,"criteria provided, multiple submitters, no conflicts",2,not provided|Catecholaminergic polymorphic ventricular tachycardia 1,True,False,409,chr1,237784084,+,False,False,False,
KCNH2,NM_000238.4,421,T,K,ACG,2,AAG,exact nucleotide concordance,200331,"criteria provided, single submitter",1,not provided,False,False,133,chr7,150952720,-,True,False,True,WildType
FBN1,NM_000138.5,2534,L,M,CTG,1,ATG,exact nucleotide concordance,200117,"criteria provided, single submitter",1,not provided,False,False,29,chr15,48421657,-,True,False,True,Vitro;WildType
FBN1,NM_000138.5,630,N,K,AAC,3,AAA,exact nucleotide concordance,199983,"criteria provided, single submitter",1,not provided,False,False,52,chr15,48505095,-,True,False,True,Vivo;WildType
RYR1,NM_000540.3,4976,F,L,TTC,3,TTA,"same-position, alternate-base convergence",201154,reviewed by expert panel,3,"Inborn genetic diseases|not provided|RYR1-related disorder|Central core myopathy|Malignant hyperthermia of anesthesia|Congenital multicore myopathy with external ophthalmoplegia|Malignant hyperthermia, susceptibility to, 1|RYR1-related myopathy",True,False,41,chr19,38586150,+,True,False,True,WildType
FA2H,NM_024306.5,39,F,L,TTC,3,TTA,exact nucleotide concordance,242579,"criteria provided, single submitter",1,Spastic paraplegia,False,False,116,chr16,74774639,-,False,False,False,
SMPD1,NM_000543.5,359,A,D,GCC,2,GAC,exact nucleotide concordance,203427,"criteria provided, single submitter",1,"Sphingomyelin/cholesterol lipidosis|Niemann-Pick disease, type B;Niemann-Pick disease, type A",False,False,15,chr11,6392141,+,True,True,True,WildType
BTD,NM_001370658.1,518,R,S,CGC,1,AGC,exact nucleotide concordance,203642,"criteria provided, multiple submitters, no conflicts",2,Biotinidase deficiency|Inborn genetic diseases,True,False,20,chr3,15645468,+,True,False,True,WildType
MMUT,NM_000255.4,191,A,E,GCA,2,GAA,exact nucleotide concordance,203854,"criteria provided, multiple submitters, no conflicts",2,not provided|Methylmalonic aciduria due to methylmalonyl-CoA mutase deficiency|Methylmalonic acidemia|Methylmalonic aciduria due to complete methylmalonyl-CoA mutase deficiency|Abnormality of metabolism/homeostasis,True,False,181,chr6,49457872,-,False,False,False,
ASL,NM_000048.4,398,A,D,GCC,2,GAC,exact nucleotide concordance,1383503,"criteria provided, multiple submitters, no conflicts",2,Argininosuccinate lyase deficiency,True,False,49,chr7,66092606,+,False,False,False,
PC,NM_001040716.2,266,S,Y,TCC,2,TAC,exact nucleotide concordance,203922,"criteria provided, single submitter",1,not provided,False,False,45,chr11,66870408,-,True,False,True,Vivo
AGXT,NM_000030.3,70,T,N,ACC,2,AAC,exact nucleotide concordance,204081,"criteria provided, single submitter",1,"Primary hyperoxaluria, type I|not provided",False,False,43,chr2,240869213,+,False,False,False,
AGXT,NM_000030.3,85,A,D,GCC,2,GAC,exact nucleotide concordance,204086,no assertion criteria provided,0,"Primary hyperoxaluria, type I",False,False,88,chr2,240869258,+,False,False,False,
AGXT,NM_000030.3,112,A,D,GCC,2,GAC,exact nucleotide concordance,204093,"criteria provided, multiple submitters, no conflicts",2,"Primary hyperoxaluria, type I|not provided|Primary hyperoxaluria",True,False,23,chr2,240869339,+,False,False,False,
AGXT,NM_000030.3,201,D,E,GAC,3,GAA,exact nucleotide concordance,204115,"criteria provided, multiple submitters, no conflicts",2,"Primary hyperoxaluria, type I|not provided",True,False,7,chr2,240873985,+,True,False,True,Vivo
AGXT,NM_000030.3,275,S,R,AGC,3,AGA,different-position convergence,204130,"criteria provided, single submitter",1,"Primary hyperoxaluria, type I|Primary hyperoxaluria|Cardiac arrhythmia",False,False,23,chr2,240875981,+,True,False,True,
AGXT,NM_000030.3,383,A,D,GCC,2,GAC,exact nucleotide concordance,204149,no assertion criteria provided,0,"Primary hyperoxaluria, type I",False,False,31,chr2,240878790,+,False,False,False,
HOGA1,NM_138413.4,243,A,D,GCC,2,GAC,exact nucleotide concordance,204274,no assertion criteria provided,0,Primary hyperoxaluria type 3,False,False,27,chr10,97601884,+,True,False,True,Vivo
DLL4,NM_019074.4,195,F,L,TTC,3,TTA,different-position convergence,204376,"criteria provided, single submitter",1,Adams-Oliver syndrome,False,False,75,chr15,40931691,+,False,False,False,
SCN1A,NM_001165963.4,1721,T,K,ACA,2,AAA,exact nucleotide concordance,206859,"criteria provided, single submitter",1,not provided,False,False,309,chr2,165992113,-,True,False,True,WildType
SCN1A,NM_001165963.4,1519,P,T,CCG,1,ACG,exact nucleotide concordance,206838,"criteria provided, multiple submitters, no conflicts",2,"not provided|Generalized epilepsy with febrile seizures plus, type 2|Inborn genetic diseases|Severe myoclonic epilepsy in infancy|Early-infantile DEE",True,False,26,chr2,165996039,-,True,False,True,Vitro
SCN1A,NM_001165963.4,1339,A,D,GCC,2,GAC,exact nucleotide concordance,206818,"criteria provided, multiple submitters, no conflicts",2,not provided|Early-infantile DEE,True,False,13,chr2,166002740,-,True,False,True,WildType
SCN1A,NM_001165963.4,201,A,E,GCG,2,GAG,exact nucleotide concordance,1446124,"criteria provided, single submitter",1,Early-infantile DEE,False,True,0,chr2,166054638,-,False,False,False,
SCN1A,NM_001165963.4,81,D,E,GAC,3,GAA,"same-position, alternate-base convergence",206831,"criteria provided, single submitter",1,not provided,False,False,21,chr2,166073379,-,False,False,False,
GABRA1,NM_001127644.2,297,S,R,AGC,3,AGA,"same-position, alternate-base convergence",205526,"criteria provided, single submitter",1,not provided,False,False,34,chr5,161895700,+,False,False,False,
GABRG2,NM_198904.4,282,P,T,CCC,1,ACC,exact nucleotide concordance,205546,"criteria provided, single submitter",1,not provided,False,False,74,chr5,162142238,+,True,False,True,Vitro;WildType
NHLRC1,NM_198586.3,129,P,H,CCC,2,CAC,exact nucleotide concordance,206187,"criteria provided, multiple submitters, no conflicts",2,not provided|Lafora disease|Myoclonic epilepsy of Lafora 2,True,False,385,chr6,18122221,-,False,False,False,
STXBP1,NM_003165.6,551,R,S,CGC,1,AGC,exact nucleotide concordance,207439,"criteria provided, multiple submitters, no conflicts",2,"not provided|Developmental and epileptic encephalopathy, 4",True,False,51,chr9,127682509,+,True,False,True,Vitro;Vivo;WildType
SCN8A,NM_001330260.2,205,A,E,GCA,2,GAA,exact nucleotide concordance,207140,"criteria provided, multiple submitters, no conflicts",2,not provided|Early-infantile DEE,False,True,0,chr12,51687219,+,False,False,False,
FOXG1,NM_005249.5,187,N,K,AAC,3,AAA,exact nucleotide concordance,205485,reviewed by expert panel,3,not provided|Inborn genetic diseases|FOXG1 disorder,True,False,560,chr14,28767840,+,False,False,False,
FOXG1,NM_005249.5,236,N,K,AAC,3,AAA,exact nucleotide concordance,205492,"criteria provided, single submitter",1,not provided,False,False,707,chr14,28767987,+,False,False,False,
POLG,NM_002693.3,854,A,D,GCT,2,GAT,exact nucleotide concordance,206530,"criteria provided, single submitter",1,not provided,False,False,37,chr15,89321773,-,True,False,True,Vivo
POLG,NM_002693.3,305,S,R,AGC,3,AGA,"same-position, alternate-base convergence",206588,"criteria provided, multiple submitters, no conflicts",2,"not provided|Progressive sclerosing poliodystrophy|Progressive external ophthalmoplegia with mitochondrial DNA deletions, autosomal recessive 1|Progressive external ophthalmoplegia with mitochondrial DNA deletions, autosomal dominant 1|Inborn genetic diseases",True,False,59,chr15,89329051,-,True,False,True,Vivo
PRRT2,NM_145239.3,291,A,D,GCT,2,GAT,exact nucleotide concordance,206690,"criteria provided, single submitter",1,not provided,False,False,7,chr16,29813926,+,False,False,False,
GRIN2A,NM_001134407.3,642,L,M,CTG,1,ATG,exact nucleotide concordance,2499601,"criteria provided, single submitter",1,Landau-Kleffner syndrome,False,False,83,chr16,9829506,-,True,False,True,WildType
KCNQ2,NM_172107.4,305,F,L,TTC,3,TTA,exact nucleotide concordance,205887,"criteria provided, multiple submitters, no conflicts",2,"not provided|Developmental and epileptic encephalopathy, 7|Early-infantile DEE",True,False,12,chr20,63439610,-,False,False,False,
KCNQ2,NM_172107.4,212,D,E,GAC,3,GAA,exact nucleotide concordance,205874,"criteria provided, single submitter",1,not provided,False,False,54,chr20,63444713,-,True,False,True,WildType
KCNQ2,NM_172107.4,193,A,D,GCC,2,GAC,exact nucleotide concordance,205865,"criteria provided, multiple submitters, no conflicts",2,not provided|Complex neurodevelopmental disorder|Early-infantile DEE,True,False,63,chr20,63444771,-,False,False,False,
PCDH19,NM_001184880.2,123,N,K,AAC,3,AAA,exact nucleotide concordance,206310,"criteria provided, multiple submitters, no conflicts",2,"not provided|Developmental and epileptic encephalopathy, 9",True,False,368,chrX,100408229,-,True,False,True,WildType
ALDH6A1,NM_005589.4,262,S,Y,TCC,2,TAC,exact nucleotide concordance,208070,no assertion criteria provided,0,Methylmalonate semialdehyde dehydrogenase deficiency,False,False,54,chr14,74068927,-,True,False,True,Vitro
PAH,NM_000277.3,342,A,E,GCA,2,GAA,exact nucleotide concordance,208179,no assertion criteria provided,0,Phenylketonuria,False,False,40,chr12,102844376,-,True,False,True,Vivo;WildType
PAH,NM_000277.3,81,T,N,ACC,2,AAC,exact nucleotide concordance,208180,reviewed by expert panel,3,Phenylketonuria,True,False,73,chr12,102894845,-,True,False,True,WildType
ABCB6,NM_005689.4,555,Q,K,CAG,1,AAG,exact nucleotide concordance,208249,no assertion criteria provided,0,Dyschromatosis universalis hereditaria 3,False,False,7,chr2,219213495,-,False,False,False,
MAN2B1,NM_000528.4,200,H,N,CAC,1,AAC,exact nucleotide concordance,208255,"criteria provided, multiple submitters, no conflicts",2,Deficiency of alpha-mannosidase,True,False,32,chr19,12664824,-,True,False,True,Vivo
MAN2B1,NM_000528.4,74,D,E,GAC,3,GAA,exact nucleotide concordance,208251,"criteria provided, multiple submitters, no conflicts",2,Deficiency of alpha-mannosidase|not provided,True,False,40,chr19,12665743,-,True,False,True,WildType
B3GNT6,NM_138706.5,184,D,E,GAC,3,GAA,"same-position, alternate-base convergence",208399,"criteria provided, single submitter",1,Childhood-onset schizophrenia,False,False,551,chr11,77040103,+,False,False,False,
CYBB,NM_000397.4,22,N,K,AAC,3,AAA,exact nucleotide concordance,208503,no assertion criteria provided,0,"Granulomatous disease, chronic, X-linked",False,False,20,chrX,37782108,+,True,False,True,WildType
NF1,NM_001042492.3,1830,R,S,CGC,1,AGC,exact nucleotide concordance,208856,"criteria provided, single submitter",1,"Neurofibromatosis, type 1",False,False,121,chr17,31327718,+,True,False,True,WildType
KMT2A,NM_001197104.2,1832,P,T,CCC,1,ACC,exact nucleotide concordance,209168,"criteria provided, single submitter",1,Wiedemann-Steiner syndrome,False,False,63,chr11,118495830,+,True,False,True,Vitro
LRMDA,NM_001305581.2,117,N,K,AAC,3,AAA,exact nucleotide concordance,209972,"criteria provided, single submitter",1,Oculocutaneous albinism type 7,False,False,47,chr10,76047256,+,False,False,False,
SMARCA2,NM_003070.5,1165,Q,K,CAG,1,AAG,exact nucleotide concordance,212227,"criteria provided, single submitter",1,Nicolaides-Baraitser syndrome,False,False,36,chr9,2115858,+,True,False,True,Vitro
CREBBP,NM_004380.3,1804,H,Q,CAC,3,CAA,exact nucleotide concordance,210782,"criteria provided, single submitter",1,Rubinstein-Taybi syndrome due to CREBBP mutations,False,False,239,chr16,3729635,-,True,False,True,WildType
MED12,NM_005120.3,1021,F,L,TTC,3,TTA,exact nucleotide concordance,211473,"criteria provided, single submitter",1,not provided,False,False,81,chrX,71127974,+,True,False,True,Vivo;WildType
HDAC8,NM_018486.3,257,P,H,CCC,2,CAC,exact nucleotide concordance,211143,"criteria provided, single submitter",1,Cornelia de Lange syndrome 5,False,False,32,chrX,72464699,-,True,False,True,Vivo;WildType
TGFBR2,NM_003242.6,426,A,D,GCT,2,GAT,exact nucleotide concordance,213930,"criteria provided, single submitter",1,not provided,False,False,22,chr3,30674127,+,False,False,False,
CBS,NM_000071.3,331,A,E,GCG,2,GAG,exact nucleotide concordance,212857,"criteria provided, multiple submitters, no conflicts",2,"not provided|Homocystinuria|HYPERHOMOCYSTEINEMIA, THROMBOTIC, CBS-RELATED|Classic homocystinuria|Familial thoracic aortic aneurysm and aortic dissection",True,False,37,chr21,43062358,-,False,False,False,
MED12,NM_005120.3,2147,Q,K,CAG,1,AAG,exact nucleotide concordance,1328125,"criteria provided, single submitter",1,MED12-related intellectual disability syndrome,False,False,30,chrX,71141913,+,False,False,False,
FH,NM_000143.4,316,A,D,GCT,2,GAT,exact nucleotide concordance,214416,"criteria provided, multiple submitters, no conflicts",2,not provided|Hereditary cancer-predisposing syndrome|Hereditary leiomyomatosis and renal cell cancer,True,False,42,chr1,241504203,-,True,False,True,Vivo;WildType
SLC19A3,NM_025243.4,444,S,R,AGC,3,AGA,"same-position, alternate-base convergence",215158,"criteria provided, single submitter",1,not provided,False,False,17,chr2,227687556,-,False,False,False,
AUH,NM_001698.3,289,A,E,GCA,2,GAA,exact nucleotide concordance,214150,"criteria provided, single submitter",1,not provided,False,False,22,chr9,91217305,-,True,False,True,Vivo
TWNK,NM_021830.5,370,F,L,TTC,3,TTA,"same-position, alternate-base convergence",214184,"criteria provided, multiple submitters, no conflicts",2,not provided,True,False,133,chr10,100989320,+,True,False,True,Vivo;WildType
NDUFV1,NM_007103.4,378,S,R,AGC,3,AGA,different-position convergence,214861,"criteria provided, single submitter",1,not provided,False,False,30,chr11,67611948,+,False,False,False,
YARS2,NM_001040436.3,311,D,E,GAC,3,GAA,"same-position, alternate-base convergence",215421,"criteria provided, multiple submitters, no conflicts",2,"not provided|Myopathy, lactic acidosis, and sideroblastic anemia 2",True,False,14,chr12,32753932,-,True,False,True,Vivo
PDHA1,NM_000284.4,236,A,E,GCG,2,GAG,exact nucleotide concordance,214933,"criteria provided, single submitter",1,not provided|Pyruvate dehydrogenase E1-alpha deficiency,False,False,52,chrX,19355452,+,False,False,False,
TP53,NM_000546.6,125,T,K,ACG,2,AAG,exact nucleotide concordance,216465,"criteria provided, multiple submitters, no conflicts",2,Li-Fraumeni syndrome|Hereditary cancer-predisposing syndrome,False,True,1,chr17,7675995,-,False,False,False,
GATA2,NM_001145661.2,371,N,K,AAC,3,AAA,exact nucleotide concordance,216931,"criteria provided, multiple submitters, no conflicts",2,Deafness-lymphedema-leukemia syndrome;Monocytopenia with susceptibility to infections|GATA2 deficiency with susceptibility to MDS/AML;Deafness-lymphedema-leukemia syndrome|not provided,True,False,30,chr3,128481849,-,False,False,False,
GLA,NM_000169.3,20,A,D,GCC,2,GAC,exact nucleotide concordance,217373,"criteria provided, multiple submitters, no conflicts",2,Migalastat response|Fabry disease,True,False,58,chrX,101407845,-,True,False,True,Vitro;WildType
HARS1,NM_002109.6,134,P,H,CCT,2,CAT,exact nucleotide concordance,217507,no assertion criteria provided,0,Autosomal dominant Charcot-Marie-Tooth disease type 2W,False,False,4,chr5,140679123,-,True,False,True,Vitro
TMEM67,NM_153704.6,372,T,K,ACA,2,AAA,exact nucleotide concordance,217726,"criteria provided, multiple submitters, no conflicts",2,Joubert syndrome 6|not provided|Meckel-Gruber syndrome;Joubert syndrome|6 conditions,True,False,16,chr8,93782444,+,False,False,False,
TMEM67,NM_153704.6,637,F,L,TTC,3,TTA,exact nucleotide concordance,217708,"criteria provided, single submitter",1,Joubert syndrome 6,False,False,49,chr8,93797184,+,True,False,True,WildType
TMEM67,NM_153704.6,790,H,N,CAT,1,AAT,exact nucleotide concordance,217718,"criteria provided, single submitter",1,Joubert syndrome 6,False,False,45,chr8,93804807,+,False,False,False,
ALK,NM_004304.5,1245,F,L,TTC,3,TTA,exact nucleotide concordance,217857,no assertion criteria provided,0,"Neuroblastoma, susceptibility to, 3",False,False,8,chr2,29213992,-,True,False,True,WildType
ALK,NM_004304.5,1174,F,L,TTC,3,TTA,"same-position, alternate-base convergence",217852,no assertion criteria provided,0,"Neuroblastoma, susceptibility to, 3|Neuroblastoma",False,False,6,chr2,29220829,-,False,False,False,
PRDM8,NM_001099403.2,261,F,L,TTC,3,TTA,different-position convergence,217865,no assertion criteria provided,0,Early-onset Lafora body disease,False,False,329,chr4,80202243,+,False,False,False,
MAG,NM_002361.4,133,S,R,AGC,3,AGA,"same-position, alternate-base convergence",218187,no assertion criteria provided,0,Hereditary spastic paraplegia 75,False,False,16,chr19,35295965,+,False,False,False,
COL11A2,NM_080680.3,888,P,T,CCT,1,ACT,exact nucleotide concordance,218349,no assertion criteria provided,0,Autosomal recessive nonsyndromic hearing loss 53,False,False,20,chr6,33173522,-,False,False,False,
CA12,NM_001218.5,121,H,Q,CAC,3,CAA,exact nucleotide concordance,218368,"criteria provided, single submitter",1,Isolated hyperchlorhidrosis,False,False,66,chr15,63345543,-,False,False,False,
LYST,NM_000081.4,991,H,N,CAT,1,AAT,exact nucleotide concordance,218370,"criteria provided, multiple submitters, no conflicts",2,Recurrent infections|Chédiak-Higashi syndrome,True,False,422,chr1,235806165,-,False,False,False,
GRIN2B,NM_000834.5,810,S,R,AGC,3,AGA,exact nucleotide concordance,218471,"criteria provided, multiple submitters, no conflicts",2,"not provided|Intellectual disability, autosomal dominant 6",True,False,70,chr12,13567193,-,True,False,True,WildType
TUBB,NM_178014.4,15,Q,K,CAG,1,AAG,exact nucleotide concordance,218925,no assertion criteria provided,0,Multiple benign circumferential skin creases on limbs 1,False,False,14,chr6,30720549,+,False,False,False,
PDGFRB,NM_002609.4,666,N,K,AAC,3,AAA,exact nucleotide concordance,218935,"criteria provided, multiple submitters, no conflicts",2,"Myofibromatosis, infantile, 1|Infantile myofibromatosis|not provided",True,False,25,chr5,150124275,-,False,False,False,
VMA12,NM_152464.3,7,A,E,GCG,2,GAG,exact nucleotide concordance,218965,"criteria provided, single submitter",1,Congenital disorders of glycosylation type II|TMEM199-CDG|not provided,False,False,19,chr17,28357690,+,False,False,False,
TENM4,NM_001098816.3,1367,T,N,ACC,2,AAC,exact nucleotide concordance,219133,no assertion criteria provided,0,"Tremor, hereditary essential, 5",False,False,45,chr11,78708470,-,True,False,True,Vivo
NKX2-5,NM_004387.4,148,A,E,GCG,2,GAG,exact nucleotide concordance,219169,"criteria provided, single submitter",1,Congenital heart disease|Tetralogy of Fallot,False,False,108,chr5,173233101,-,False,False,False,
GATA4,NM_001308093.3,8,A,D,GCC,2,GAC,exact nucleotide concordance,219226,no assertion criteria provided,0,Congenital heart disease,False,False,22,chr8,11708335,+,False,True,True,
MFN2,NM_014874.4,240,F,L,TTC,3,TTA,exact nucleotide concordance,220333,"criteria provided, single submitter",1,Charcot-Marie-Tooth disease type 2,False,False,11,chr1,11998999,+,True,False,True,Vitro
ATL1,NM_015915.5,398,S,Y,TCT,2,TAT,exact nucleotide concordance,219428,"criteria provided, single submitter",1,Hereditary spastic paraplegia 3A,False,False,73,chr14,50628104,+,True,False,True,WildType
IDS,NM_000202.8,228,P,Q,CCA,2,CAA,exact nucleotide concordance,221211,"criteria provided, multiple submitters, no conflicts",2,"Mucopolysaccharidosis, MPS-II",True,False,25,chrX,149498132,-,False,False,False,
IDS,NM_000202.8,142,S,Y,TCT,2,TAT,exact nucleotide concordance,221208,"criteria provided, multiple submitters, no conflicts",2,"Mucopolysaccharidosis, MPS-II",True,False,6,chrX,149501031,-,False,False,False,
IDS,NM_000202.8,120,P,H,CCC,2,CAC,exact nucleotide concordance,221206,"criteria provided, multiple submitters, no conflicts",2,"Mucopolysaccharidosis, MPS-II",True,False,59,chrX,149503371,-,False,False,False,
HTRA1,NM_002775.5,284,S,R,AGC,3,AGA,exact nucleotide concordance,221230,no assertion criteria provided,0,"Cerebral arteriopathy, autosomal dominant, with subcortical infarcts and leukoencephalopathy, type 2",False,False,74,chr10,122506765,+,True,False,True,Vivo;WildType
TLE6,NM_001143986.2,510,S,Y,TCC,2,TAC,exact nucleotide concordance,222026,"criteria provided, single submitter",1,Preimplantation embryonic lethality 1,False,False,8,chr19,2993574,+,True,False,True,Vivo;WildType
GLA,NM_000169.3,156,A,D,GCC,2,GAC,exact nucleotide concordance,4087379,"criteria provided, single submitter",1,Fabry disease,False,False,80,chrX,101401712,-,False,False,False,
GLA,NM_000169.3,112,R,S,CGC,1,AGC,exact nucleotide concordance,4081422,"criteria provided, multiple submitters, no conflicts",2,not provided|Fabry disease,True,False,35,chrX,101403846,-,True,False,True,WildType
GLA,NM_000169.3,15,A,E,GCG,2,GAG,exact nucleotide concordance,2138674,"criteria provided, multiple submitters, no conflicts",2,Fabry disease,True,False,43,chrX,101407860,-,True,False,True,Vitro;WildType
MTHFR,NM_005957.5,202,P,T,CCC,1,ACC,exact nucleotide concordance,222894,"criteria provided, single submitter",1,Homocystinuria due to methylene tetrahydrofolate reductase deficiency,False,False,17,chr1,11796382,-,True,False,True,Vitro;WildType
MMUT,NM_000255.4,126,N,K,AAC,3,AAA,exact nucleotide concordance,222910,"criteria provided, single submitter",1,Methylmalonic aciduria due to methylmalonyl-CoA mutase deficiency,False,False,7,chr6,49459089,-,True,False,True,Vitro
TYMP,NM_001953.5,92,T,N,ACC,2,AAC,exact nucleotide concordance,223022,"criteria provided, multiple submitters, no conflicts",2,Mitochondrial DNA depletion syndrome 1|not provided,True,False,60,chr22,50529278,-,True,False,True,Vivo
TYMP,NM_001953.5,134,A,E,GCG,2,GAG,exact nucleotide concordance,223026,no assertion criteria provided,0,Mitochondrial DNA depletion syndrome 1,False,False,16,chr22,50529152,-,False,False,False,
VHL,NM_000551.4,111,S,R,AGC,3,AGA,"same-position, alternate-base convergence",223187,"criteria provided, multiple submitters, no conflicts",2,Von Hippel-Lindau syndrome|Hereditary cancer-predisposing syndrome|Von Hippel-Lindau syndrome;Chuvash polycythemia,True,False,7,chr3,10142180,+,False,False,False,
PTEN,NM_000314.8,162,D,E,GAC,3,GAA,"same-position, alternate-base convergence",224544,"criteria provided, multiple submitters, no conflicts",2,Cowden syndrome|not provided,True,False,6,chr10,87933245,+,True,False,True,Vivo
RERE,NM_001042681.2,1431,H,Q,CAC,3,CAA,exact nucleotide concordance,224822,"criteria provided, multiple submitters, no conflicts",2,"Cerebral visual impairment and intellectual disability|Neurodevelopmental disorder with or without anomalies of the brain, eye, or heart|not provided|Inborn genetic diseases",True,False,46,chr1,8358242,-,False,False,False,
KCTD19,NM_001100915.3,72,T,N,ACC,2,AAC,exact nucleotide concordance,224816,"criteria provided, single submitter",1,Cerebral visual impairment and intellectual disability,False,False,85,chr16,67320674,-,True,False,True,Vitro;Vivo;WildType
FGFR1,NM_023110.3,546,N,K,AAC,3,AAA,exact nucleotide concordance,224896,"criteria provided, multiple submitters, no conflicts",2,"Encephalocraniocutaneous lipomatosis|Rosette-forming glioneuronal tumor|Neoplasm|Primary intracranial sarcoma, DICER1-mutant|Diffuse midline glioma, H3 K27M-mutant|Dysembryoplastic neuroepithelial tumor|Embryonal rhabdomyosarcoma|Neuroblastoma|Diffuse pediatric-type high-grade glioma, H3-wildtype and IDH-wildtype",True,False,25,chr8,38417331,-,True,False,True,Vitro;Vivo;WildType
ASL,NM_000048.4,254,S,R,AGC,3,AGA,exact nucleotide concordance,224976,"criteria provided, multiple submitters, no conflicts",2,Argininosuccinate lyase deficiency,True,False,43,chr7,66088850,+,True,False,True,WildType
JAK1,NM_002227.4,634,A,D,GCC,2,GAC,exact nucleotide concordance,225075,"criteria provided, single submitter",1,"Inborn genetic diseases|Autoinflammation, immune dysregulation, and eosinophilia",False,True,1,chr1,64846735,-,True,False,True,WildType
MTIF2,NM_002453.3,191,H,Q,CAC,3,CAA,"same-position, alternate-base convergence",225013,"criteria provided, single submitter",1,Inborn genetic diseases,False,False,69,chr2,55254132,-,True,False,True,Vivo;WildType
DPYSL2,NM_001197293.3,119,S,R,AGC,3,AGA,exact nucleotide concordance,225088,"criteria provided, single submitter",1,Inborn genetic diseases,False,True,2,chr8,26581971,+,True,False,True,Vitro
DNAJB6,NM_058246.4,91,F,L,TTC,3,TTA,"same-position, alternate-base convergence",225176,"criteria provided, multiple submitters, no conflicts",2,Autosomal dominant limb-girdle muscular dystrophy type 1D (DNAJB6)|not provided|Abnormality of the musculature,True,False,37,chr7,157367410,+,True,False,True,Vivo;WildType
RMND1,NM_017909.4,178,T,K,ACG,2,AAG,exact nucleotide concordance,225258,no assertion criteria provided,0,Mitochondrial disease,False,False,28,chr6,151436526,-,False,False,False,
LRRK2,NM_198578.4,1441,R,S,CGC,1,AGC,exact nucleotide concordance,225276,"criteria provided, single submitter",1,"Parkinson disease, late-onset|Autosomal dominant Parkinson disease 8",False,True,3,chr12,40310434,+,True,False,True,Vitro;WildType
PDE10A,NM_001385079.1,566,F,L,TTC,3,TTA,different-position convergence,225636,"criteria provided, multiple submitters, no conflicts",2,"Striatal degeneration, autosomal dominant 2|not provided",True,False,42,chr6,165418735,-,False,False,False,
HOXD13,NM_000523.4,325,Q,K,CAG,1,AAG,exact nucleotide concordance,225655,no assertion criteria provided,0,Brachydactyly-syndactyly-oligodactyly syndrome,False,False,59,chr2,176094671,+,False,False,False,
LDLR,NM_000527.5,139,D,E,GAC,3,GAA,"same-position, alternate-base convergence",226323,"criteria provided, multiple submitters, no conflicts",2,"Hypercholesterolemia, familial, 1|Familial hypercholesterolemia",True,False,103,chr19,11105323,+,False,False,False,
LDLR,NM_000527.5,304,D,E,GAC,3,GAA,"same-position, alternate-base convergence",226336,reviewed by expert panel,3,"Hypercholesterolemia, familial, 1|Familial hypercholesterolemia|Homozygous familial hypercholesterolemia|not provided|Cardiovascular phenotype|Dyslipidemia",True,False,28,chr19,11107486,+,True,False,True,Vitro;Vivo;WildType
LDLR,NM_000527.5,399,A,D,GCC,2,GAC,exact nucleotide concordance,226350,reviewed by expert panel,3,"Hypercholesterolemia, familial, 1|Familial hypercholesterolemia|Cardiovascular phenotype",True,False,9,chr19,11113287,+,True,False,True,Vitro
LDLR,NM_000527.5,627,A,D,GCC,2,GAC,exact nucleotide concordance,226377,"criteria provided, multiple submitters, no conflicts",2,"Hypercholesterolemia, familial, 1|Familial hypercholesterolemia",True,False,34,chr19,11120126,+,True,False,True,Vivo
LMNA,NM_005572.4,370,D,E,GAC,3,GAA,"same-position, alternate-base convergence",228270,"criteria provided, single submitter",1,Laminopathy,False,False,47,chr1,156136074,+,False,False,False,
PMP22,NM_000304.4,149,S,R,AGC,3,AGA,exact nucleotide concordance,234605,"criteria provided, multiple submitters, no conflicts",2,"not provided|Dejerine-Sottas disease|Charcot-Marie-Tooth disease, type I",True,False,36,chr17,15230953,-,True,False,True,Vivo;WildType
GJB1,NM_000166.6,51,F,L,TTC,3,TTA,different-position convergence,234871,"criteria provided, multiple submitters, no conflicts",2,not provided|Charcot-Marie-Tooth Neuropathy X|Inborn genetic diseases,True,False,150,chrX,71223858,+,True,False,True,
FH,NM_000143.4,374,P,T,CCT,1,ACT,exact nucleotide concordance,233497,"criteria provided, single submitter",1,Hereditary cancer-predisposing syndrome,False,False,11,chr1,241502559,-,True,False,True,WildType
MSH2,NM_000251.3,700,A,E,GCA,2,GAA,exact nucleotide concordance,229885,"criteria provided, multiple submitters, no conflicts",2,Hereditary cancer-predisposing syndrome|Lynch syndrome 1,True,False,93,chr2,47476460,+,True,False,True,Vitro
PTEN,NM_000314.8,38,P,T,CCT,1,ACT,exact nucleotide concordance,229912,"criteria provided, single submitter",1,Hereditary cancer-predisposing syndrome,False,False,32,chr10,87894057,+,False,False,False,
PTEN,NM_000314.8,48,N,K,AAC,3,AAA,"same-position, alternate-base convergence",231771,"criteria provided, multiple submitters, no conflicts",2,Hereditary cancer-predisposing syndrome|Cowden syndrome 1|PTEN hamartoma tumor syndrome,True,False,20,chr10,87894089,+,False,False,False,
BRCA2,NM_000059.4,2722,T,K,ACA,2,AAA,exact nucleotide concordance,230821,"criteria provided, multiple submitters, no conflicts",2,"Hereditary cancer-predisposing syndrome|Hereditary breast ovarian cancer syndrome|Breast-ovarian cancer, familial, susceptibility to, 2",True,False,166,chr13,32363367,+,False,False,False,
FGF8,NM_033163.5,106,A,E,GCA,2,GAA,exact nucleotide concordance,235080,no assertion criteria provided,0,Semilobar holoprosencephaly,False,False,20,chr10,101774752,-,False,False,False,
SGSH,NM_000199.5,225,F,L,TTC,3,TTA,"same-position, alternate-base convergence",235357,"criteria provided, multiple submitters, no conflicts",2,"not provided|Mucopolysaccharidosis, MPS-III-A",True,False,11,chr17,80213874,-,True,False,True,Vitro
NALCN,NM_052867.4,513,T,N,ACT,2,AAT,exact nucleotide concordance,235834,no assertion criteria provided,0,"Congenital contractures of the limbs and face, hypotonia, and developmental delay",False,False,88,chr13,101229481,-,True,False,True,WildType
NALCN,NM_052867.4,312,L,I,CTT,1,ATT,exact nucleotide concordance,235837,no assertion criteria provided,0,"Congenital contractures of the limbs and face, hypotonia, and developmental delay",False,False,8,chr13,101292232,-,False,False,False,
KCTD1,NM_001142730.3,677,D,E,GAC,3,GAA,exact nucleotide concordance,235827,no assertion criteria provided,0,Scalp-ear-nipple syndrome,False,False,42,chr18,26476617,-,False,False,False,
ABCA4,NM_000350.3,1853,A,D,GCT,2,GAT,exact nucleotide concordance,236135,"criteria provided, single submitter",1,Severe early-childhood-onset retinal dystrophy|Retinal dystrophy,False,False,26,chr1,94011288,-,True,False,True,Vivo
ABCA4,NM_000350.3,1838,H,N,CAC,1,AAC,exact nucleotide concordance,236133,"criteria provided, multiple submitters, no conflicts",2,Severe early-childhood-onset retinal dystrophy|not provided|Retinal dystrophy,True,False,51,chr1,94011334,-,False,False,False,
ABCA4,NM_000350.3,1713,Q,K,CAG,1,AAG,exact nucleotide concordance,236124,"criteria provided, multiple submitters, no conflicts",2,Severe early-childhood-onset retinal dystrophy|not provided|Retinitis pigmentosa|Retinal dystrophy|ABCA4-related retinopathy,True,False,59,chr1,94019641,-,True,False,True,Vivo;WildType
SDHB,NM_003000.3,242,R,S,CGC,1,AGC,exact nucleotide concordance,239443,"criteria provided, multiple submitters, no conflicts",2,Pheochromocytoma;Gastrointestinal stromal tumor;Pheochromocytoma/paraganglioma syndrome 4|Hereditary cancer-predisposing syndrome|not provided|Hereditary pheochromocytoma and paraganglioma|SDHB-related disorder|Pheochromocytoma/paraganglioma syndrome 4,True,False,41,chr1,17022649,-,True,False,True,WildType
TGFB2,NM_003238.6,302,R,S,CGT,1,AGT,exact nucleotide concordance,239515,"criteria provided, multiple submitters, no conflicts",2,not provided|Loeys-Dietz syndrome 4,True,False,28,chr1,218436119,+,True,False,True,Vivo;WildType
MYH7,NM_000257.4,254,A,E,GCA,2,GAA,exact nucleotide concordance,237444,"criteria provided, single submitter",1,Hypertrophic cardiomyopathy,False,False,28,chr14,23431453,-,True,False,True,Vivo
ELANE,NM_001972.4,46,S,Y,TCC,2,TAC,exact nucleotide concordance,242295,"criteria provided, single submitter",1,not provided,False,False,69,chr19,852945,+,False,False,False,
MYO15A,NM_016239.4,2049,P,H,CCT,2,CAT,exact nucleotide concordance,242334,no assertion criteria provided,0,Autosomal recessive nonsyndromic hearing loss 3,False,False,31,chr17,18143969,+,False,False,False,
SAMD9L,NM_152703.5,880,H,Q,CAC,3,CAA,exact nucleotide concordance,242372,"criteria provided, single submitter",1,Ataxia-pancytopenia syndrome|Monosomy 7 myelodysplasia and leukemia syndrome 1|not provided|SAMD9L-related disorder,False,False,2115,chr7,93133332,-,False,False,False,
GRM7,NM_000844.4,675,T,K,ACG,2,AAG,exact nucleotide concordance,242901,no assertion criteria provided,0,"6 conditions|Neurodevelopmental disorder with seizures, hypotonia, and brain imaging abnormalities",False,False,427,chr3,7578930,+,True,False,True,WildType
MYO5A,NM_001382347.1,1400,S,R,AGC,3,AGA,"same-position, alternate-base convergence",242881,no assertion criteria provided,0,Cerebellar cortical atrophy;Dystonic disorder;Seizure;Global developmental delay;Nystagmus,False,False,39,chr15,52340235,-,False,False,False,
SARS2,NM_017827.4,348,F,L,TTC,3,TTA,different-position convergence,242874,no assertion criteria provided,0,"Hyperuricemia, pulmonary hypertension, renal failure, alkalosis syndrome",False,False,8,chr19,38917929,-,True,False,True,
SLC39A14,NM_001128431.4,469,N,K,AAC,3,AAA,"same-position, alternate-base convergence",242928,no assertion criteria provided,0,Hypermanganesemia with dystonia 2,False,False,72,chr8,22419626,+,False,False,False,
GRIN2A,NM_001134407.3,643,A,D,GCT,2,GAT,exact nucleotide concordance,243097,no assertion criteria provided,0,"Dystonia, intellectual disability and language impairment",False,False,79,chr16,9829502,-,True,False,True,WildType
SCN9A,NM_001365536.1,1643,A,E,GCG,2,GAG,exact nucleotide concordance,245903,"criteria provided, multiple submitters, no conflicts",2,not provided|Paroxysmal extreme pain disorder,True,False,153,chr2,166199711,-,False,False,False,
SCN9A,NM_001365536.1,395,N,K,AAC,3,AAA,"same-position, alternate-base convergence",245897,"criteria provided, multiple submitters, no conflicts",2,not provided|SCN9A-related disorder,True,False,77,chr2,166288566,-,True,False,True,WildType
IGHMBP2,NM_002180.3,579,F,L,TTC,3,TTA,exact nucleotide concordance,245630,"criteria provided, multiple submitters, no conflicts",2,not provided|Autosomal recessive distal spinal muscular atrophy 1|Charcot-Marie-Tooth disease axonal type 2S|Autosomal recessive distal spinal muscular atrophy 1;Charcot-Marie-Tooth disease axonal type 2S,True,False,19,chr11,68935403,+,False,False,False,
GJB1,NM_000166.6,94,H,Q,CAC,3,CAA,exact nucleotide concordance,245724,"criteria provided, multiple submitters, no conflicts",2,not provided|Charcot-Marie-Tooth disease|Charcot-Marie-Tooth Neuropathy X,True,False,281,chrX,71223989,+,True,False,True,Vivo;WildType
LDLR,NM_000527.5,126,F,L,TTC,3,TTA,different-position convergence,251189,"criteria provided, single submitter",1,"Hypercholesterolemia, familial, 1",False,False,62,chr19,11105282,+,False,False,False,
LDLR,NM_000527.5,172,D,E,GAC,3,GAA,"same-position, alternate-base convergence",251271,"criteria provided, multiple submitters, no conflicts",2,"Hypercholesterolemia, familial, 1|Cardiovascular phenotype",True,False,178,chr19,11105422,+,True,False,True,WildType
LDLR,NM_000527.5,215,R,S,CGC,1,AGC,exact nucleotide concordance,251342,"criteria provided, multiple submitters, no conflicts",2,"Hypercholesterolemia, familial, 1",True,False,51,chr19,11105549,+,True,False,True,Vivo;WildType
LDLR,NM_000527.5,256,D,E,GAC,3,GAA,"same-position, alternate-base convergence",251445,"criteria provided, single submitter",1,"Hypercholesterolemia, familial, 1",False,False,49,chr19,11106638,+,True,False,True,WildType
LDLR,NM_000527.5,286,S,R,AGC,3,AGA,exact nucleotide concordance,251488,reviewed by expert panel,3,"Hypercholesterolemia, familial, 1|Familial hypercholesterolemia|not provided|Cardiovascular phenotype|Dyslipidemia",True,False,40,chr19,11107432,+,True,False,True,WildType
LDLR,NM_000527.5,405,N,K,AAC,3,AAA,"same-position, alternate-base convergence",251738,"criteria provided, multiple submitters, no conflicts",2,"Hypercholesterolemia, familial, 1|Familial hypercholesterolemia",True,False,28,chr19,11113306,+,True,False,True,Vitro
LDLR,NM_000527.5,434,T,K,ACG,2,AAG,exact nucleotide concordance,251773,reviewed by expert panel,3,"Hypercholesterolemia, familial, 1|Familial hypercholesterolemia",True,False,57,chr19,11113392,+,True,False,True,WildType
LDLR,NM_000527.5,454,T,N,ACC,2,AAC,exact nucleotide concordance,251812,reviewed by expert panel,3,"Hypercholesterolemia, familial, 1",False,True,2,chr19,11113537,+,True,False,True,Vitro;WildType
LDLR,NM_000527.5,501,A,E,GCG,2,GAG,exact nucleotide concordance,251873,"criteria provided, multiple submitters, no conflicts",2,"Hypercholesterolemia, familial, 1|not provided|Cardiovascular phenotype|Familial hypercholesterolemia",True,False,84,chr19,11113678,+,True,False,True,Vivo
LDLR,NM_000527.5,579,D,E,GAC,3,GAA,"same-position, alternate-base convergence",252009,"criteria provided, single submitter",1,"Hypercholesterolemia, familial, 1",False,False,31,chr19,11116890,+,True,False,True,WildType
LDLR,NM_000527.5,583,H,Q,CAC,3,CAA,exact nucleotide concordance,252014,reviewed by expert panel,3,"Hypercholesterolemia, familial, 1",True,False,43,chr19,11116902,+,True,False,True,WildType
LDLR,NM_000527.5,631,A,D,GCC,2,GAC,exact nucleotide concordance,252106,"criteria provided, single submitter",1,"Hypercholesterolemia, familial, 1",False,False,46,chr19,11120138,+,True,True,True,Vivo
LDLR,NM_000527.5,655,F,L,TTC,3,TTA,"same-position, alternate-base convergence",252135,reviewed by expert panel,3,"Hypercholesterolemia, familial, 1",True,False,22,chr19,11120211,+,True,False,True,WildType
LDLR,NM_000527.5,660,Q,K,CAG,1,AAG,exact nucleotide concordance,252143,"criteria provided, single submitter",1,"Hypercholesterolemia, familial, 1",False,False,9,chr19,11120224,+,True,False,True,WildType
LDLR,NM_000527.5,685,P,T,CCG,1,ACG,exact nucleotide concordance,252193,"criteria provided, single submitter",1,"Hypercholesterolemia, familial, 1",False,False,65,chr19,11120435,+,True,False,True,WildType
EDA,NM_001399.5,259,A,E,GCA,2,GAA,exact nucleotide concordance,253053,no assertion criteria provided,0,"Tooth agenesis, selective, X-linked, 1",False,False,17,chrX,70030503,+,True,False,True,WildType
TRIO,NM_007118.4,1461,P,T,CCG,1,ACG,exact nucleotide concordance,253085,"criteria provided, single submitter",1,Micrognathia-recurrent infections-behavioral abnormalities-mild intellectual disability syndrome,False,False,42,chr5,14397112,+,True,False,True,Vitro;WildType
FLNC,NM_001458.5,2315,H,N,CAC,1,AAC,exact nucleotide concordance,253124,no assertion criteria provided,0,Hypertrophic cardiomyopathy 26,False,False,54,chr7,128854628,+,True,False,True,Vivo
NAXE,NM_144772.3,94,A,D,GCC,2,GAC,exact nucleotide concordance,253145,no assertion criteria provided,0,"Encephalopathy, progressive, early-onset, with brain edema and/or leukoencephalopathy",False,False,10,chr1,156592199,+,False,False,False,
PNPT1,NM_033109.5,254,Q,K,CAA,1,AAA,exact nucleotide concordance,253225,"criteria provided, single submitter",1,Combined oxidative phosphorylation defect type 13,False,False,80,chr2,55672999,-,True,False,True,Vivo;WildType
BCL11A,NM_022893.4,66,H,Q,CAC,3,CAA,exact nucleotide concordance,253302,no assertion criteria provided,0,Dias-Logan syndrome,False,False,142,chr2,60546158,-,False,False,False,
RYR2,NM_001035.3,3230,Q,K,CAA,1,AAA,exact nucleotide concordance,254161,"criteria provided, single submitter",1,Catecholaminergic polymorphic ventricular tachycardia 1,False,False,107,chr1,237707056,+,False,False,False,
RYR2,NM_001035.3,4579,H,Q,CAC,3,CAA,exact nucleotide concordance,254160,"criteria provided, single submitter",1,Catecholaminergic polymorphic ventricular tachycardia 1,False,False,45,chr1,237792278,+,False,False,False,
PARD3,NM_001184785.2,910,P,Q,CCG,2,CAG,exact nucleotide concordance,254185,no assertion criteria provided,0,Neural tube defect,False,False,104,chr10,34331221,-,True,False,True,WildType
HSD17B10,NM_004493.3,198,P,T,CCA,1,ACA,exact nucleotide concordance,254239,"criteria provided, single submitter",1,HSD10 mitochondrial disease,False,True,3,chrX,53431801,-,True,False,True,Vitro;WildType
GABRB3,NM_000814.6,249,Q,K,CAG,1,AAG,exact nucleotide concordance,254263,no assertion criteria provided,0,"Developmental and epileptic encephalopathy, 43",False,False,62,chr15,26567671,-,True,False,True,Vivo
VDR,NM_000376.3,391,R,S,CGC,1,AGC,exact nucleotide concordance,264696,no assertion criteria provided,0,Vitamin D-dependent rickets type II with alopecia,False,False,113,chr12,47844859,-,False,False,False,
RYR2,NM_001035.3,4583,S,Y,TCT,2,TAT,exact nucleotide concordance,265301,"criteria provided, single submitter",1,not provided,False,False,34,chr1,237792289,+,False,False,False,
FOXC1,NM_001453.3,82,S,R,AGC,3,AGA,"same-position, alternate-base convergence",265158,"criteria provided, multiple submitters, no conflicts",2,not provided|Axenfeld-Rieger syndrome type 3,True,False,245,chr6,1610691,+,False,False,False,
EZH2,NM_004456.5,669,S,R,AGC,3,AGA,"same-position, alternate-base convergence",265527,"criteria provided, single submitter",1,not provided,False,False,22,chr7,148810355,-,True,False,True,WildType
SMARCA2,NM_003070.5,1007,N,K,AAC,3,AAA,"same-position, alternate-base convergence",265528,"criteria provided, single submitter",1,not provided,False,False,29,chr9,2097414,+,False,False,False,
PTPN11,NM_002834.5,507,T,K,ACA,2,AAA,exact nucleotide concordance,265307,"criteria provided, multiple submitters, no conflicts",2,not provided|Non-immune hydrops fetalis|Noonan syndrome 1|Noonan syndrome and Noonan-related syndrome|Pilocytic astrocytoma|Embryonal rhabdomyosarcoma,True,False,72,chr12,112489096,+,True,False,True,Vitro
ALOX12B,NM_001139.3,597,A,E,GCG,2,GAG,exact nucleotide concordance,265039,"criteria provided, multiple submitters, no conflicts",2,not provided|Autosomal recessive congenital ichthyosis 2|Lamellar ichthyosis|Ichthyosis and erythrokeratoderma,True,False,34,chr17,8073284,-,False,False,False,
DDX3X,NM_001356.5,212,P,H,CCT,2,CAT,exact nucleotide concordance,265672,"criteria provided, single submitter",1,not provided,False,False,44,chrX,41343307,+,False,False,False,
SOD1,NM_000454.5,146,A,D,GCT,2,GAT,exact nucleotide concordance,266063,"criteria provided, single submitter",1,Motor neuron disease,False,False,28,chr21,31668550,+,True,False,True,WildType
CNTNAP1,NM_003632.3,815,T,N,ACC,2,AAC,exact nucleotide concordance,266117,no assertion criteria provided,0,Lethal congenital contracture syndrome 7,False,False,86,chr17,42691905,+,True,False,True,Vitro;Vivo;WildType
CHD4,NM_001273.5,851,S,Y,TCC,2,TAC,exact nucleotide concordance,266125,no assertion criteria provided,0,Sifrim-Hitz-Weiss syndrome,False,False,37,chr12,6593191,-,True,False,True,Vitro
TUBB4A,NM_006087.4,367,F,L,TTC,3,TTA,different-position convergence,267789,"criteria provided, single submitter",1,"Leukodystrophy, hypomyelinating, 6",False,False,236,chr19,6495400,-,False,False,False,
TUBB4A,NM_006087.4,292,Q,K,CAG,1,AAG,exact nucleotide concordance,267780,"criteria provided, single submitter",1,"Leukodystrophy, hypomyelinating, 6",False,False,461,chr19,6495625,-,False,False,False,
GLDN,NM_181789.4,32,A,E,GCG,2,GAG,exact nucleotide concordance,268106,"criteria provided, single submitter",1,Lethal congenital contracture syndrome 11,False,False,94,chr15,51341779,+,False,False,False,
IHH,NM_002181.4,51,Q,K,CAG,1,AAG,exact nucleotide concordance,273383,"criteria provided, single submitter",1,"Hirschsprung disease, susceptibility to, 1|Brachydactyly type A1",False,False,150,chr2,219060317,-,False,False,False,
SCN1A,NM_001165963.4,342,A,E,GCA,2,GAA,exact nucleotide concordance,279592,"criteria provided, single submitter",1,Severe myoclonic epilepsy in infancy,False,True,3,chr2,166048889,-,True,False,True,WildType
ACTB,NM_001101.5,199,S,R,AGC,3,AGA,"same-position, alternate-base convergence",279938,"criteria provided, single submitter",1,not provided,False,False,205,chr7,5528486,-,False,False,False,
PRF1,NM_001083116.3,222,H,Q,CAC,3,CAA,exact nucleotide concordance,280112,"criteria provided, multiple submitters, no conflicts",2,"not provided|Familial hemophagocytic lymphohistiocytosis 2|Familial hemophagocytic lymphohistiocytosis|Aplastic anemia;Familial hemophagocytic lymphohistiocytosis 2;Lymphoma, non-Hodgkin, familial|Aplastic anemia",True,False,126,chr10,70599055,-,True,False,True,Vivo;WildType
KCNQ1,NM_000218.3,231,R,S,CGC,1,AGC,exact nucleotide concordance,280173,"criteria provided, multiple submitters, no conflicts",2,not provided|Long QT syndrome 1,True,False,7,chr11,2572020,+,False,False,False,
DYSF,NM_001130987.2,372,S,R,AGC,3,AGA,"same-position, alternate-base convergence",288183,reviewed by expert panel,3,not provided|Neuromuscular disease caused by qualitative or quantitative defects of dysferlin|Autosomal recessive limb-girdle muscular dystrophy type 2B|Autosomal recessive limb-girdle muscular dystrophy|Autosomal recessive limb-girdle muscular dystrophy type 2B;Miyoshi muscular dystrophy 1,True,False,33,chr2,71520871,+,False,False,False,
SGCA,NM_000023.4,205,P,H,CCT,2,CAT,exact nucleotide concordance,289794,reviewed by expert panel,3,not provided|Autosomal recessive limb-girdle muscular dystrophy type 2D|Autosomal recessive limb-girdle muscular dystrophy|SGCA-related disorder,True,False,29,chr17,50169121,+,False,False,False,
GALNS,NM_000512.5,151,P,T,CCC,1,ACC,exact nucleotide concordance,321205,"criteria provided, multiple submitters, no conflicts",2,"Mucopolysaccharidosis, MPS-IV-A|Morquio syndrome",True,False,28,chr16,88837737,-,False,False,False,
DHCR7,NM_001360.3,361,F,L,TTC,3,TTA,exact nucleotide concordance,305955,"criteria provided, single submitter",1,Smith-Lemli-Opitz syndrome,False,False,119,chr11,71435720,-,False,False,False,
FOXL2,NM_023067.4,101,S,R,AGC,3,AGA,"same-position, alternate-base convergence",369899,"criteria provided, single submitter",1,"Blepharophimosis, ptosis, and epicanthus inversus syndrome",False,False,302,chr3,138946420,-,False,False,False,
SLC26A4,NM_000441.2,391,S,R,AGC,3,AGA,exact nucleotide concordance,371146,"criteria provided, single submitter",1,Pendred syndrome,False,False,23,chr7,107690147,+,True,False,True,Vitro;Vivo;WildType
SMPD1,NM_000543.5,250,S,R,AGC,3,AGA,different-position convergence,371576,"criteria provided, multiple submitters, no conflicts",2,"Niemann-Pick disease, type A|Niemann-Pick disease, type B;Niemann-Pick disease, type A|not specified|Sphingomyelin/cholesterol lipidosis",True,False,343,chr11,6391813,+,True,False,True,
GAL,NM_015973.5,39,A,E,GCG,2,GAG,exact nucleotide concordance,372128,no assertion criteria provided,0,Familial temporal lobe epilepsy 8,False,False,20,chr11,68685628,+,True,False,True,Vitro
ACTA1,NM_001100.4,335,P,Q,CCG,2,CAG,exact nucleotide concordance,373580,"criteria provided, single submitter",1,not provided,False,False,13,chr1,229431629,-,True,True,True,WildType
CRB1,NM_201253.3,836,P,T,CCT,1,ACT,exact nucleotide concordance,372352,"criteria provided, multiple submitters, no conflicts",2,not specified|Retinitis pigmentosa 12;Leber congenital amaurosis 8|Leber congenital amaurosis 1|Retinal dystrophy|Retinitis pigmentosa 12|not provided|Leber congenital amaurosis 8|Pigmented paravenous retinochoroidal atrophy|Retinitis pigmentosa 12;Pigmented paravenous retinochoroidal atrophy;Leber congenital amaurosis 8|Hereditary macular dystrophy|CRB1-related disorder|Leber congenital amaurosis,True,False,170,chr1,197427831,+,True,False,True,Vitro;Vivo;WildType
SCN1A,NM_001165963.4,364,S,R,AGC,3,AGA,different-position convergence,372950,"criteria provided, single submitter",1,not provided,False,False,61,chr2,166047707,-,True,False,True,
GLRA1,NM_000171.4,235,F,L,TTC,3,TTA,"same-position, alternate-base convergence",372808,"criteria provided, single submitter",1,not provided,False,False,7,chr5,151851597,-,True,False,True,Vivo
SPTLC1,NM_006415.4,331,S,Y,TCC,2,TAC,exact nucleotide concordance,372788,"criteria provided, multiple submitters, no conflicts",2,"not provided|Charcot-Marie-Tooth disease|Hereditary sensory and autonomic neuropathy type 1|Neuropathy, hereditary sensory and autonomic, type IA, severe|Amyotrophic lateral sclerosis 27, juvenile",True,False,7,chr9,92047261,-,True,False,True,Vivo
SLC26A4,NM_000441.2,362,A,D,GCT,2,GAT,exact nucleotide concordance,372827,"criteria provided, single submitter",1,not provided,False,False,64,chr7,107689136,+,False,False,False,
DPYS,NM_001385.3,379,S,R,AGC,3,AGA,exact nucleotide concordance,372797,"criteria provided, multiple submitters, no conflicts",2,not provided|Dihydropyrimidinase deficiency|Inborn genetic diseases,True,False,44,chr8,104424345,-,True,False,True,Vivo;WildType
DYNC1H1,NM_001376.5,623,F,L,TTC,3,TTA,"same-position, alternate-base convergence",373146,"criteria provided, single submitter",1,not provided,False,False,407,chr14,101986094,+,False,False,False,
AAAS,NM_015665.6,167,A,E,GCA,2,GAA,exact nucleotide concordance,373167,"criteria provided, multiple submitters, no conflicts",2,not provided|Glucocorticoid deficiency with achalasia,True,False,45,chr12,53314796,-,True,False,True,Vitro;Vivo;WildType
GNAO1,NM_020988.3,207,S,Y,TCT,2,TAT,exact nucleotide concordance,373477,"criteria provided, single submitter",1,not provided,False,False,26,chr16,56336757,+,False,False,False,
PHEX,NM_000444.6,720,A,E,GCA,2,GAA,exact nucleotide concordance,372464,"criteria provided, multiple submitters, no conflicts",2,not provided|Familial X-linked hypophosphatemic vitamin D refractory rickets,True,False,11,chrX,22247862,+,False,False,False,
SMC1A,NM_006306.4,1114,N,K,AAC,3,AAA,exact nucleotide concordance,372892,"criteria provided, single submitter",1,not provided,False,False,56,chrX,53382327,-,True,False,True,Vitro;Vivo
USH2A,NM_206933.4,2241,P,H,CCC,2,CAC,exact nucleotide concordance,374001,"criteria provided, single submitter",1,Congenital sensorineural hearing impairment|Usher syndrome type 2A,False,False,64,chr1,215993103,-,True,False,True,Vivo;WildType
AUTS2,NM_015570.4,535,H,Q,CAC,3,CAA,"same-position, alternate-base convergence",374224,no assertion criteria provided,0,Pierre Robin-like syndrome,False,False,84,chr7,70766250,+,True,True,True,WildType
CEP290,NM_025114.4,2350,Q,K,CAG,1,AAG,exact nucleotide concordance,374783,"criteria provided, single submitter",1,not provided,False,False,13,chr12,88053733,-,True,False,True,WildType
PADI3,NM_016233.2,605,P,T,CCC,1,ACC,exact nucleotide concordance,374869,no assertion criteria provided,0,Uncombable hair syndrome 1,False,False,51,chr1,17282897,+,True,False,True,WildType
PNPLA1,NM_001374623.1,112,S,Y,TCC,2,TAC,exact nucleotide concordance,375258,no assertion criteria provided,0,Autosomal recessive congenital ichthyosis 10|Congenital ichthyosiform erythroderma,False,False,103,chr6,36291449,+,True,False,True,Vivo
KDF1,NM_152365.3,251,F,L,TTC,3,TTA,exact nucleotide concordance,375476,no assertion criteria provided,0,"Ectodermal dysplasia 12, hypohidrotic/hair/tooth/nail type",False,False,286,chr1,26951628,-,True,False,True,Vivo
ANKRD11,NM_013275.6,2584,A,D,GCC,2,GAC,exact nucleotide concordance,375576,no assertion criteria provided,0,KBG syndrome,False,False,37,chr16,89270872,-,False,False,False,
UCHL1,NM_004181.5,216,A,D,GCC,2,GAC,exact nucleotide concordance,375650,no assertion criteria provided,0,Early-onset progressive neurodegeneration-blindness-ataxia-spasticity syndrome,False,False,25,chr4,41268048,+,True,False,True,Vitro
HUWE1,NM_031407.7,4075,N,K,AAC,3,AAA,"same-position, alternate-base convergence",375720,"criteria provided, single submitter",1,"Intellectual disability, X-linked syndromic, Turner type",False,False,87,chrX,53536580,-,True,False,True,Vivo;WildType
LDLR,NM_000527.5,224,D,E,GAC,3,GAA,exact nucleotide concordance,375790,"criteria provided, multiple submitters, no conflicts",2,"Familial hypercholesterolemia|Hypercholesterolemia, familial, 1",True,False,22,chr19,11105578,+,True,False,True,Vitro;Vivo
POLR3B,NM_018082.6,925,P,Q,CCG,2,CAG,exact nucleotide concordance,375867,no assertion criteria provided,0,"Leukodystrophy, hypomyelinating, 8, with or without oligodontia and/or hypogonadotropic hypogonadism",False,False,43,chr12,106496115,+,True,False,True,Vivo;WildType
IDH1,NM_005896.4,132,R,S,CGT,1,AGT,exact nucleotide concordance,375893,"criteria provided, single submitter",1,not provided|Acute myeloid leukemia|Hepatocellular carcinoma|Medulloblastoma SHH activated|Neoplasm|Cholangiocarcinoma,False,False,20,chr2,208248389,-,False,False,False,
MTOR,NM_004958.4,2215,S,Y,TCT,2,TAT,exact nucleotide concordance,376129,reviewed by expert panel,3,"Isolated focal cortical dysplasia type II|Overgrowth syndrome and/or cerebral malformations due to abnormalities in MTOR pathway genes|Diffuse pediatric-type high-grade glioma, H3-wildtype and IDH-wildtype",True,False,18,chr1,11124516,-,False,False,False,
ALK,NM_004304.5,1196,L,M,CTG,1,ATG,exact nucleotide concordance,376135,no assertion criteria provided,0,Lung cancer,False,False,59,chr2,29220765,-,True,False,True,Vitro;WildType
MAP2K1,NM_002755.4,129,F,L,TTC,3,TTA,different-position convergence,3775508,"criteria provided, single submitter",1,Cardiofaciocutaneous syndrome 3,False,False,53,chr15,66436839,+,True,False,True,
ERBB2,NM_004448.4,310,S,Y,TCC,2,TAC,exact nucleotide concordance,376188,"criteria provided, single submitter",1,not provided,False,False,27,chr17,39711955,+,True,False,True,WildType
KRAS,NM_004985.5,22,Q,K,CAG,1,AAG,exact nucleotide concordance,376325,"criteria provided, multiple submitters, no conflicts",2,Linear nevus sebaceous syndrome|RASopathy|Neoplasm|Vascular malformation|not provided|Low grade glioma|High-grade astrocytoma with piloid features|Embryonal rhabdomyosarcoma|Pilocytic astrocytoma,True,False,47,chr12,25245321,-,False,False,False,
TP53,NM_000546.6,281,D,E,GAC,3,GAA,"same-position, alternate-base convergence",376587,"criteria provided, multiple submitters, no conflicts",2,Ovarian neoplasm|Li-Fraumeni syndrome|Hereditary cancer-predisposing syndrome|Neoplasm,True,False,60,chr17,7673777,-,True,False,True,Vitro;Vivo;WildType
TP53,NM_000546.6,193,H,N,CAT,1,AAT,exact nucleotide concordance,3460301,"criteria provided, multiple submitters, no conflicts",2,Hereditary cancer-predisposing syndrome|Li-Fraumeni syndrome,True,False,17,chr17,7674954,-,False,False,False,
TP53,NM_000546.6,278,P,T,CCT,1,ACT,exact nucleotide concordance,376643,"criteria provided, multiple submitters, no conflicts",2,Ovarian neoplasm|Poly (ADP-Ribose) polymerase inhibitor response|Li-Fraumeni syndrome 1|Hereditary cancer-predisposing syndrome|Li-Fraumeni syndrome,True,False,49,chr17,7673788,-,True,False,True,Vitro;Vivo;WildType
TP53,NM_000546.6,273,R,S,CGT,1,AGT,exact nucleotide concordance,376656,"criteria provided, multiple submitters, no conflicts",2,Hereditary cancer-predisposing syndrome|Li-Fraumeni syndrome|Li-Fraumeni syndrome 1|Lung cancer|Gastric cancer|Hepatocellular carcinoma,True,False,34,chr17,7673803,-,True,False,True,Vitro;Vivo;WildType
TP53,NM_000546.6,241,S,Y,TCC,2,TAC,exact nucleotide concordance,376663,"criteria provided, multiple submitters, no conflicts",2,not provided|Hereditary cancer-predisposing syndrome|Li-Fraumeni syndrome 1|Neoplasm|Ovarian neoplasm|Li-Fraumeni syndrome,True,False,49,chr17,7674241,-,True,False,True,Vivo
GRIN1,NM_007327.4,670,P,T,CCT,1,ACT,exact nucleotide concordance,376787,"criteria provided, single submitter",1,not provided,False,False,5,chr9,137162734,+,False,False,False,
MYH7,NM_000257.4,731,P,T,CCT,1,ACT,exact nucleotide concordance,377060,"criteria provided, multiple submitters, no conflicts",2,not provided|Hypertrophic cardiomyopathy,True,False,28,chr14,23425790,-,True,False,True,Vitro;WildType
SCN8A,NM_001330260.2,1501,Q,K,CAG,1,AAG,exact nucleotide concordance,377169,"criteria provided, single submitter",1,not provided,False,False,23,chr12,51790479,+,False,False,False,
SCN1A,NM_001165963.4,1323,P,H,CCT,2,CAT,exact nucleotide concordance,383819,"criteria provided, multiple submitters, no conflicts",2,not provided|Inborn genetic diseases|Early-infantile DEE,True,False,34,chr2,166009753,-,False,False,False,
SMARCAL1,NM_014140.4,816,D,E,GAC,3,GAA,exact nucleotide concordance,392887,"criteria provided, single submitter",1,not provided,False,False,20,chr2,216477129,+,False,True,True,
ZBTB20,NM_001348800.3,589,A,D,GCC,2,GAC,exact nucleotide concordance,391421,"criteria provided, single submitter",1,not provided,False,False,38,chr3,114350312,-,False,False,False,
FOXP1,NM_001349338.3,502,F,L,TTC,3,TTA,"same-position, alternate-base convergence",391588,"criteria provided, multiple submitters, no conflicts",2,not provided|Intellectual disability-severe speech delay-mild dysmorphism syndrome|Inborn genetic diseases,True,False,24,chr3,70976965,-,True,False,True,WildType
CERT1,NM_001379029.1,57,S,Y,TCT,2,TAT,exact nucleotide concordance,384775,"criteria provided, single submitter",1,not provided,False,False,61,chr5,75506043,-,False,False,False,
KCNH2,NM_000238.4,617,F,L,TTC,3,TTA,exact nucleotide concordance,392690,"criteria provided, single submitter",1,not provided,False,False,94,chr7,150951542,-,False,False,False,
DGAT1,NM_012079.6,420,S,R,AGC,3,AGA,"same-position, alternate-base convergence",391164,"criteria provided, single submitter",1,not provided,False,False,11,chr8,144316904,-,True,False,True,Vitro;Vivo
MCCC2,NM_022132.5,101,S,Y,TCC,2,TAC,exact nucleotide concordance,390406,"criteria provided, single submitter",1,not provided,False,False,20,chr5,71599679,+,True,False,True,WildType
POLR3A,NM_007055.4,57,D,E,GAC,3,GAA,"same-position, alternate-base convergence",381805,"criteria provided, single submitter",1,not provided,False,False,9,chr10,78026103,-,True,False,True,Vitro;Vivo;WildType
KCNT1,NM_020822.3,281,L,I,CTC,1,ATC,exact nucleotide concordance,387824,"criteria provided, single submitter",1,not provided,False,False,13,chr9,135758495,+,True,False,True,WildType
DYNC1H1,NM_001376.5,568,L,I,CTT,1,ATT,exact nucleotide concordance,390610,"criteria provided, single submitter",1,not provided,False,False,240,chr14,101985927,+,True,False,True,WildType
KIF5A,NM_004984.4,202,S,R,AGC,3,AGA,different-position convergence,391690,"criteria provided, single submitter",1,not provided,False,False,14,chr12,57567508,+,True,False,True,
UBR1,NM_174916.3,563,A,D,GCT,2,GAT,exact nucleotide concordance,381721,"criteria provided, multiple submitters, no conflicts",2,not provided,True,False,19,chr15,43043376,-,True,False,True,WildType
MED13L,NM_015335.5,869,P,T,CCA,1,ACA,exact nucleotide concordance,391487,"criteria provided, single submitter",1,not provided,False,False,35,chr12,115997195,-,True,False,True,Vitro
RYR1,NM_000540.3,4832,T,N,ACC,2,AAC,exact nucleotide concordance,379719,"criteria provided, single submitter",1,not provided,False,False,16,chr19,38580112,+,False,False,False,
SCN4A,NM_000334.4,671,F,L,TTC,3,TTA,different-position convergence,391923,"criteria provided, single submitter",1,not provided,False,False,8,chr17,63959273,-,True,False,True,
POLG,NM_002693.3,1095,S,R,AGC,3,AGA,"same-position, alternate-base convergence",381517,"criteria provided, multiple submitters, no conflicts",2,not provided|Progressive sclerosing poliodystrophy|POLG-related disorder,True,False,11,chr15,89318738,-,False,False,False,
POLG,NM_002693.3,88,F,L,TTC,3,TTA,"same-position, alternate-base convergence",381522,"criteria provided, multiple submitters, no conflicts",2,not provided|Progressive sclerosing poliodystrophy|POLG-related disorder,True,False,263,chr15,89333491,-,True,False,True,WildType
BTK,NM_000061.3,14,S,Y,TCC,2,TAC,exact nucleotide concordance,379662,"criteria provided, single submitter",1,not provided,False,False,40,chrX,101375244,-,True,False,True,Vivo
NDP,NM_000266.4,89,F,L,TTC,3,TTA,"same-position, alternate-base convergence",378238,"criteria provided, single submitter",1,not provided,False,False,92,chrX,43949934,-,True,False,True,Vivo
RUNX1,NM_001754.5,94,S,R,AGC,3,AGA,different-position convergence,389962,reviewed by expert panel,3,not provided|Hereditary thrombocytopenia and hematological cancer predisposition syndrome associated with RUNX1,True,False,71,chr21,34886914,-,False,False,False,
TRMU,NM_018006.5,82,F,L,TTC,3,TTA,"same-position, alternate-base convergence",393172,"criteria provided, single submitter",1,not provided,False,True,2,chr22,46337942,+,False,False,False,
IDS,NM_000202.8,465,Q,K,CAG,1,AAG,exact nucleotide concordance,383181,"criteria provided, single submitter",1,not provided,False,False,212,chrX,149483006,-,False,False,False,
AR,NM_000044.6,713,L,I,CTT,1,ATT,exact nucleotide concordance,391803,"criteria provided, single submitter",1,not provided,False,False,36,chrX,67711653,+,False,False,False,
SLC12A1,NM_000338.3,628,A,D,GCT,2,GAT,exact nucleotide concordance,378048,"criteria provided, single submitter",1,Bartter disease type 1|not provided,False,False,59,chr15,48251711,+,True,False,True,Vitro;Vivo
THAP11,NM_020457.3,80,F,L,TTC,3,TTA,"same-position, alternate-base convergence",393304,"criteria provided, single submitter",1,"Methylmalonic acidemia with homocystinuria, type cblX|Disorders of Intracellular Cobalamin Metabolism|Methylmalonic aciduria and homocystinuria, cb1L type",False,False,239,chr16,67842794,+,False,True,True,
GCK,NM_000162.5,454,A,E,GCG,2,GAG,exact nucleotide concordance,393447,reviewed by expert panel,3,"Monogenic diabetes|not provided|Microcephaly, normal intelligence and immunodeficiency",True,False,37,chr7,44145173,-,False,False,False,
PKD1,NM_001009944.3,432,A,E,GCG,2,GAG,exact nucleotide concordance,397587,no assertion criteria provided,0,"Polycystic kidney disease, adult type",False,False,90,chr16,2117579,-,False,False,False,
DHX37,NM_032656.4,419,N,K,AAC,3,AAA,exact nucleotide concordance,402139,"criteria provided, single submitter",1,Abnormal brain morphology|Neurodevelopmental disorder with brain anomalies and with or without vertebral or cardiac anomalies|Intellectual disability;Neurodevelopmental delay|Neurodevelopmental disorders,False,False,36,chr12,124968903,-,False,False,False,
LDLR,NM_000527.5,170,D,E,GAC,3,GAA,exact nucleotide concordance,403662,reviewed by expert panel,3,"Hypercholesterolemia, familial, 1|Familial hypercholesterolemia",True,False,184,chr19,11105416,+,True,False,True,WildType
SCN1A,NM_001165963.4,1773,S,Y,TCC,2,TAC,exact nucleotide concordance,408934,"criteria provided, single submitter",1,Early-infantile DEE,False,False,465,chr2,165991957,-,False,False,False,
FBN2,NM_001999.4,1429,P,T,CCG,1,ACG,exact nucleotide concordance,411835,"criteria provided, single submitter",1,Congenital contractural arachnodactyly,False,False,60,chr5,128330633,-,True,False,True,Vivo;WildType
ALDH7A1,NM_001182.5,177,A,E,GCA,2,GAA,exact nucleotide concordance,410537,"criteria provided, multiple submitters, no conflicts",2,Pyridoxine-dependent epilepsy,True,False,12,chr5,126577199,-,True,False,True,WildType
TGFBR1,NM_004612.4,234,F,L,TTC,3,TTA,different-position convergence,408572,"criteria provided, multiple submitters, no conflicts",2,Familial thoracic aortic aneurysm and aortic dissection|Familial aortopathy,True,False,105,chr9,99137984,+,True,False,True,
MYBPC3,NM_000256.3,755,N,K,AAC,3,AAA,exact nucleotide concordance,407308,"criteria provided, multiple submitters, no conflicts",2,Hypertrophic cardiomyopathy|Cardiovascular phenotype|Hypertrophic cardiomyopathy 4,True,False,43,chr11,47338563,-,True,False,True,Vivo;WildType
MEN1,NM_001370259.2,277,P,H,CCC,2,CAC,exact nucleotide concordance,403801,"criteria provided, multiple submitters, no conflicts",2,"Multiple endocrine neoplasia, type 1|Hereditary cancer-predisposing syndrome|not provided",True,False,5,chr11,64807093,-,True,False,True,Vitro;WildType
MEN1,NM_001370259.2,443,S,Y,TCC,2,TAC,exact nucleotide concordance,403825,"criteria provided, single submitter",1,"Multiple endocrine neoplasia, type 1",False,False,22,chr11,64805056,-,False,False,False,
MYH7,NM_000257.4,540,F,L,TTC,3,TTA,different-position convergence,407186,"criteria provided, multiple submitters, no conflicts",2,Hypertrophic cardiomyopathy|Cardiomyopathy|Cardiovascular phenotype|Primary dilated cardiomyopathy,True,False,39,chr14,23427855,-,True,False,True,
MYH7,NM_000257.4,394,D,E,GAC,3,GAA,exact nucleotide concordance,407200,"criteria provided, multiple submitters, no conflicts",2,Hypertrophic cardiomyopathy|not provided|Hypertrophic cardiomyopathy 1,True,False,43,chr14,23429304,-,True,False,True,Vitro;WildType
TP53,NM_000546.6,155,T,N,ACC,2,AAC,exact nucleotide concordance,406564,"criteria provided, multiple submitters, no conflicts",2,Li-Fraumeni syndrome|Hereditary cancer-predisposing syndrome|not provided|Li-Fraumeni syndrome 1|Malignant peripheral nerve sheath tumor,True,False,88,chr17,7675148,-,True,False,True,WildType
BRCA1,NM_007294.4,41,H,N,CAC,1,AAC,exact nucleotide concordance,409353,reviewed by expert panel,3,"Hereditary breast ovarian cancer syndrome|not provided|Breast-ovarian cancer, familial, susceptibility to, 1|Hereditary cancer-predisposing syndrome|BRCA1-related cancer predisposition",True,False,13,chr17,43115739,-,True,False,True,WildType
TOE1,NM_025077.4,319,H,Q,CAC,3,CAA,exact nucleotide concordance,417751,no assertion criteria provided,0,Pontocerebellar hypoplasia type 7,False,False,44,chr1,45343126,+,False,False,False,
RNF213,NM_001256071.3,4014,H,N,CAC,1,AAC,exact nucleotide concordance,417846,no assertion criteria provided,0,Moyamoya disease 2|Moyamoya angiopathy,False,False,67,chr17,80368028,+,True,False,True,Vitro;Vivo;WildType
KCNB1,NM_004975.4,385,P,T,CCC,1,ACC,exact nucleotide concordance,417907,"criteria provided, single submitter",1,"Developmental and epileptic encephalopathy, 26|Developmental and epileptic encephalopathy|not provided",False,False,585,chr20,49374407,-,True,False,True,Vitro;Vivo
USH2A,NM_206933.4,3524,P,H,CCT,2,CAT,exact nucleotide concordance,418536,"criteria provided, single submitter",1,not provided,False,False,14,chr1,215782752,-,False,False,False,
USH2A,NM_206933.4,1320,P,H,CCT,2,CAT,exact nucleotide concordance,418535,"criteria provided, single submitter",1,not provided,False,False,122,chr1,216198437,-,False,False,False,
ACTA1,NM_001100.4,185,R,S,CGC,1,AGC,exact nucleotide concordance,420099,"criteria provided, multiple submitters, no conflicts",2,"not provided|Actin accumulation myopathy|Congenital myopathy 2c, severe infantile, autosomal dominant",True,False,63,chr1,229432333,-,False,False,False,
ABCA4,NM_000350.3,1511,P,H,CCC,2,CAC,exact nucleotide concordance,417992,reviewed by expert panel,3,not provided|Stargardt disease|ABCA4-related retinopathy,True,False,7,chr1,94029452,-,True,True,True,Vitro
ABCA4,NM_000350.3,1442,N,K,AAC,3,AAA,exact nucleotide concordance,417991,"criteria provided, multiple submitters, no conflicts",2,not provided|Stargardt disease|Retinal dystrophy|Retinitis pigmentosa,True,False,26,chr1,94030454,-,True,False,True,Vitro
SCN2A,NM_001371246.1,259,L,I,CTA,1,ATA,exact nucleotide concordance,421263,"criteria provided, single submitter",1,not provided,False,False,77,chr2,165310400,+,False,False,False,
SCN1A,NM_001165963.4,1471,S,Y,TCC,2,TAC,exact nucleotide concordance,418709,"criteria provided, multiple submitters, no conflicts",2,not provided|SCN1A-related disorder,True,False,64,chr2,165998102,-,False,False,False,
SCN1A,NM_001165963.4,933,H,Q,CAC,3,CAA,exact nucleotide concordance,422369,"criteria provided, single submitter",1,not provided,False,False,147,chr2,166037923,-,True,False,True,WildType
KIF1A,NM_001244008.2,13,R,S,CGC,1,AGC,exact nucleotide concordance,421138,"criteria provided, multiple submitters, no conflicts",2,not provided,True,False,36,chr2,240797716,-,False,False,False,
MSH2,NM_000251.3,349,P,T,CCT,1,ACT,exact nucleotide concordance,422795,"criteria provided, multiple submitters, no conflicts",2,not provided|Endometrial carcinoma|Hereditary nonpolyposis colorectal neoplasms|Lynch syndrome 1,True,False,31,chr2,47416398,+,False,False,False,
VHL,NM_000551.4,131,N,K,AAC,3,AAA,exact nucleotide concordance,420074,"criteria provided, multiple submitters, no conflicts",2,not provided|Chuvash polycythemia;Von Hippel-Lindau syndrome|Von Hippel-Lindau syndrome|Hereditary cancer-predisposing syndrome,True,False,52,chr3,10146566,+,True,False,True,Vitro;Vivo;WildType
ZBTB20,NM_001348800.3,601,T,K,ACA,2,AAA,exact nucleotide concordance,424168,"criteria provided, single submitter",1,not provided,False,True,2,chr3,114350276,-,False,False,False,
GLRA1,NM_000171.4,316,A,E,GCA,2,GAA,exact nucleotide concordance,422464,"criteria provided, single submitter",1,not provided,False,False,34,chr5,151829033,-,True,False,True,Vitro
GABRB2,NM_001371727.1,289,N,K,AAC,3,AAA,exact nucleotide concordance,418222,"criteria provided, single submitter",1,not provided,False,False,34,chr5,161331093,-,True,False,True,Vitro;WildType
GABRA1,NM_001127644.2,325,F,L,TTC,3,TTA,different-position convergence,420752,"criteria provided, single submitter",1,not provided,False,False,86,chr5,161895782,+,True,False,True,
CLN8,NM_018941.4,155,A,D,GCT,2,GAT,exact nucleotide concordance,422177,"criteria provided, single submitter",1,not provided,False,False,79,chr8,1771518,+,False,False,False,
DNM1,NM_001288739.2,182,A,D,GCC,2,GAC,exact nucleotide concordance,421787,"criteria provided, single submitter",1,not provided,False,False,44,chr9,128219208,+,False,False,False,
GRIN1,NM_007327.4,532,P,H,CCC,2,CAC,exact nucleotide concordance,421469,"criteria provided, single submitter",1,not provided,False,False,37,chr9,137162051,+,False,False,False,
RAG2,NM_000536.4,180,P,H,CCC,2,CAC,exact nucleotide concordance,418453,"criteria provided, multiple submitters, no conflicts",2,not provided|Atypical severe combined immunodeficiency due to complete RAG1/2 deficiency;Recombinase activating gene 2 deficiency;Inborn error of immunity,True,False,538,chr11,36593630,-,True,False,True,Vitro
TRPV4,NM_021625.5,316,R,S,CGC,1,AGC,exact nucleotide concordance,424307,"criteria provided, single submitter",1,not provided,False,False,92,chr12,109798820,-,False,False,False,
POLE,NM_006231.4,363,N,K,AAC,3,AAA,"same-position, alternate-base convergence",420748,"criteria provided, single submitter",1,not provided,False,False,17,chr12,132675752,-,True,False,True,WildType
TGM1,NM_000359.3,435,F,L,TTC,3,TTA,different-position convergence,421103,"criteria provided, single submitter",1,not provided,False,False,4,chr14,24258384,-,True,False,True,
OTX2,NM_021728.4,71,P,T,CCA,1,ACA,exact nucleotide concordance,422485,"criteria provided, single submitter",1,not provided,False,False,62,chr14,56804250,-,False,False,False,
CLN3,NM_001042432.2,335,S,Y,TCT,2,TAT,exact nucleotide concordance,420902,"criteria provided, single submitter",1,not provided,False,False,41,chr16,28482157,-,False,False,False,
CREBBP,NM_004380.3,1395,A,D,GCT,2,GAT,exact nucleotide concordance,424384,"criteria provided, single submitter",1,not provided,False,False,50,chr16,3739674,-,True,False,True,Vitro;WildType
PMM2,NM_000303.3,113,P,T,CCG,1,ACG,exact nucleotide concordance,420784,"criteria provided, multiple submitters, no conflicts",2,not provided|PMM2-congenital disorder of glycosylation|PMM2-related disorder,True,False,10,chr16,8806397,+,True,False,True,Vivo
ANKRD11,NM_013275.6,2494,P,T,CCT,1,ACT,exact nucleotide concordance,421226,"criteria provided, single submitter",1,not provided,False,False,9,chr16,89275182,-,True,True,True,WildType
TUBB3,NM_006086.4,361,L,I,CTC,1,ATC,exact nucleotide concordance,421147,"criteria provided, single submitter",1,not provided,False,False,272,chr16,89935532,+,False,False,False,
GRIN2A,NM_001134407.3,809,S,R,AGC,3,AGA,exact nucleotide concordance,422235,"criteria provided, multiple submitters, no conflicts",2,not provided|Landau-Kleffner syndrome,True,False,70,chr16,9769019,-,False,False,False,
EFTUD2,NM_004247.4,778,P,H,CCC,2,CAC,exact nucleotide concordance,423361,"criteria provided, single submitter",1,not provided,False,False,14,chr17,44854283,-,True,False,True,Vivo;WildType
CACNA1G,NM_018896.5,630,S,R,AGC,3,AGA,"same-position, alternate-base convergence",422268,"criteria provided, single submitter",1,not provided,False,False,34,chr17,50576292,+,False,False,False,
COMP,NM_000095.3,511,D,E,GAC,3,GAA,"same-position, alternate-base convergence",420111,"criteria provided, multiple submitters, no conflicts",2,not provided,True,False,43,chr19,18785808,-,False,False,False,
USP9X,NM_001039591.3,1739,T,N,ACC,2,AAC,exact nucleotide concordance,421740,"criteria provided, single submitter",1,not provided,False,False,26,chrX,41214594,+,True,False,True,WildType
CASK,NM_001367721.1,529,T,K,ACA,2,AAA,exact nucleotide concordance,420307,"criteria provided, single submitter",1,not provided,False,True,3,chrX,41561641,-,False,False,False,
WAS,NM_000377.3,58,P,H,CCC,2,CAC,exact nucleotide concordance,420291,"criteria provided, single submitter",1,not provided,False,False,40,chrX,48684323,+,True,False,True,WildType
AR,NM_000044.6,766,A,D,GCC,2,GAC,exact nucleotide concordance,419720,"criteria provided, single submitter",1,not provided,False,False,21,chrX,67717601,+,True,False,True,Vitro;WildType
AR,NM_000044.6,914,P,T,CCC,1,ACC,exact nucleotide concordance,421614,"criteria provided, single submitter",1,not provided,False,False,23,chrX,67723818,+,True,False,True,WildType
EDA,NM_001399.5,379,F,L,TTC,3,TTA,exact nucleotide concordance,418173,"criteria provided, single submitter",1,not provided,False,False,39,chrX,70035570,+,True,False,True,WildType
BMPR2,NM_001204.7,24,A,E,GCG,2,GAG,exact nucleotide concordance,425687,no assertion criteria provided,0,"Pulmonary hypertension, primary, 1",False,False,5,chr2,202377545,+,False,False,False,
KCNK3,NM_002246.3,8,T,K,ACG,2,AAG,exact nucleotide concordance,426049,no assertion criteria provided,0,"Pulmonary hypertension, primary, 4",False,False,22,chr2,26692898,+,False,False,False,
ACVRL1,NM_000020.3,312,H,Q,CAC,3,CAA,"same-position, alternate-base convergence",426020,no assertion criteria provided,0,"Pulmonary hypertension, primary, 1",False,False,112,chr12,51915388,+,False,False,False,
ACVRL1,NM_000020.3,352,A,D,GCT,2,GAT,exact nucleotide concordance,426023,"criteria provided, multiple submitters, no conflicts",2,"Pulmonary arterial hypertension related to hereditary hemorrhagic telangiectasia|not specified|Telangiectasia, hereditary hemorrhagic, type 2|Cardiovascular phenotype",True,False,6,chr12,51916042,+,True,False,True,Vivo;WildType
ACVRL1,NM_000020.3,424,P,T,CCC,1,ACC,exact nucleotide concordance,426028,"criteria provided, single submitter",1,"Pulmonary hypertension, primary, 1|Telangiectasia, hereditary hemorrhagic, type 2",False,False,23,chr12,51919008,+,False,False,False,
ACVRL1,NM_000020.3,478,A,D,GCC,2,GAC,exact nucleotide concordance,426034,no assertion criteria provided,0,"Pulmonary hypertension, primary, 1",False,False,55,chr12,51920814,+,True,False,True,Vitro;Vivo;WildType
SCN2A,NM_001371246.1,931,S,Y,TCC,2,TAC,exact nucleotide concordance,426287,"criteria provided, single submitter",1,not provided,False,False,127,chr2,165344784,+,True,False,True,WildType
SCN1A,NM_001165963.4,1792,A,D,GCT,2,GAT,exact nucleotide concordance,427073,"criteria provided, single submitter",1,not provided,False,False,522,chr2,165991900,-,False,False,False,
STAT1,NM_007315.4,292,D,E,GAC,3,GAA,exact nucleotide concordance,426484,"criteria provided, multiple submitters, no conflicts",2,Immunodeficiency 31B;Mendelian susceptibility to mycobacterial diseases due to partial STAT1 deficiency;Autoimmune enteropathy and endocrinopathy - susceptibility to chronic infections syndrome|not provided|Immunodeficiency 31B,True,False,68,chr2,190995129,-,False,False,False,
PHIP,NM_017934.7,287,S,Y,TCT,2,TAT,exact nucleotide concordance,426892,"criteria provided, multiple submitters, no conflicts",2,not provided|PHIP-related behavioral problems-intellectual disability-obesity-dysmorphic features syndrome,True,False,37,chr6,79025582,-,True,False,True,Vitro;WildType
ASNS,NM_001673.5,475,T,N,ACT,2,AAT,exact nucleotide concordance,427098,"criteria provided, single submitter",1,not provided,False,False,52,chr7,97853112,-,True,False,True,WildType
TUBA1A,NM_006009.4,383,A,D,GCC,2,GAC,exact nucleotide concordance,427202,"criteria provided, multiple submitters, no conflicts",2,not provided|Tubulinopathy,True,False,208,chr12,49185218,-,True,False,True,Vitro;WildType
TUBB3,NM_006086.4,278,S,R,AGC,3,AGA,"same-position, alternate-base convergence",427208,"criteria provided, single submitter",1,not provided,False,False,519,chr16,89935285,+,False,False,False,
DCX,NM_001195553.2,251,A,D,GCC,2,GAC,exact nucleotide concordance,427044,"criteria provided, single submitter",1,not provided,False,False,46,chrX,111333107,-,True,False,True,WildType
PRUNE1,NM_021222.3,54,P,T,CCA,1,ACA,exact nucleotide concordance,427231,no assertion criteria provided,0,"Neurodevelopmental disorder with microcephaly, hypotonia, and variable brain anomalies",False,False,27,chr1,151018494,+,True,False,True,WildType
PTEN,NM_000314.8,123,H,Q,CAC,3,CAA,"same-position, alternate-base convergence",427587,"criteria provided, multiple submitters, no conflicts",2,PTEN hamartoma tumor syndrome|not provided,True,False,115,chr10,87933128,+,True,False,True,WildType
MSH2,NM_000251.3,622,P,Q,CCA,2,CAA,exact nucleotide concordance,427606,"criteria provided, multiple submitters, no conflicts",2,Hereditary cancer-predisposing syndrome|Lynch syndrome 1|Hereditary nonpolyposis colon cancer|Hereditary nonpolyposis colorectal neoplasms,True,False,105,chr2,47475130,+,True,False,True,WildType
CRYBB1,NM_001887.4,129,S,R,AGC,3,AGA,exact nucleotide concordance,427749,no assertion criteria provided,0,Cataract 17 multiple types,False,False,45,chr22,26607934,-,True,False,True,Vitro
CPLANE1,NM_001384732.1,1783,A,D,GCC,2,GAC,exact nucleotide concordance,427895,"criteria provided, multiple submitters, no conflicts",2,Joubert syndrome 17|not provided|Joubert syndrome 17;Orofaciodigital syndrome type 6|Inborn genetic diseases,True,False,73,chr5,37182833,-,True,False,True,WildType
MSH6,NM_000179.3,1151,A,D,GCT,2,GAT,exact nucleotide concordance,428288,"criteria provided, single submitter",1,Hereditary cancer-predisposing syndrome,False,False,13,chr2,47804923,+,True,False,True,Vitro;WildType
MEN1,NM_001370259.2,104,S,Y,TCC,2,TAC,exact nucleotide concordance,428053,"criteria provided, single submitter",1,Hereditary cancer-predisposing syndrome,False,False,134,chr11,64809799,-,True,False,True,Vivo
SDHB,NM_003000.3,248,N,K,AAC,3,AAA,"same-position, alternate-base convergence",428929,"criteria provided, multiple submitters, no conflicts",2,Hereditary cancer-predisposing syndrome|Gastrointestinal stromal tumor;Pheochromocytoma;Pheochromocytoma/paraganglioma syndrome 4|Paraganglioma,True,False,21,chr1,17022629,-,True,False,True,WildType
USH2A,NM_206933.4,4740,A,D,GCC,2,GAC,exact nucleotide concordance,429215,reviewed by expert panel,3,not provided|Retinitis pigmentosa|Retinal dystrophy|Usher syndrome|Retinal degeneration;Retinal dystrophy|Retinitis pigmentosa 39|Retinitis pigmentosa 39;Usher syndrome type 2A|Usher syndrome type 2A,True,False,85,chr1,215650716,-,True,False,True,Vitro;Vivo;WildType
TPO,NM_001206744.2,798,N,K,AAC,3,AAA,exact nucleotide concordance,430384,"criteria provided, single submitter",1,not provided,False,False,7,chr2,1503955,+,False,False,False,
ARSB,NM_000046.5,320,S,R,AGC,3,AGA,"same-position, alternate-base convergence",430162,"criteria provided, multiple submitters, no conflicts",2,Mucopolysaccharidosis type 6|not provided,True,False,61,chr5,78885766,-,True,False,True,Vivo;WildType
GRIN1,NM_007327.4,814,A,D,GCC,2,GAC,exact nucleotide concordance,430264,"criteria provided, single submitter",1,not provided,False,True,2,chr9,137163666,+,True,False,True,WildType
SCN8A,NM_001330260.2,1787,T,N,ACC,2,AAC,exact nucleotide concordance,430208,"criteria provided, multiple submitters, no conflicts",2,"not provided|Seizures, benign familial infantile, 5|Early-infantile DEE",True,False,564,chr12,51806846,+,False,False,False,
AIFM1,NM_004208.4,402,P,T,CCC,1,ACC,exact nucleotide concordance,430466,"criteria provided, single submitter",1,not provided,False,False,39,chrX,130136146,-,True,False,True,Vitro;Vivo
DMD,NM_004006.3,3320,P,T,CCA,1,ACA,exact nucleotide concordance,429926,"criteria provided, single submitter",1,not provided,False,False,16,chrX,31182754,-,True,False,True,WildType
CHD7,NM_017780.4,1801,H,N,CAT,1,AAT,exact nucleotide concordance,430606,"criteria provided, single submitter",1,Hypogonadotropic hypogonadism 5 with or without anosmia,False,True,3,chr8,60849151,+,False,False,False,
MYMK,NM_001080483.3,91,P,T,CCC,1,ACC,exact nucleotide concordance,430839,"criteria provided, multiple submitters, no conflicts",2,Congenital nonprogressive myopathy with Moebius and Robin sequences|not provided|Carey-Fineman-Ziter syndrome 1|MYMK-related disorder,True,False,20,chr9,133519002,-,True,False,True,Vivo
EZH2,NM_004456.5,738,A,D,GCC,2,GAC,exact nucleotide concordance,430846,no assertion criteria provided,0,Weaver syndrome,False,False,17,chr7,148807689,-,True,False,True,Vivo;WildType
OTX2,NM_021728.4,99,A,D,GCT,2,GAT,exact nucleotide concordance,430900,no assertion criteria provided,0,Anophthalmia,False,False,22,chr14,56802333,-,True,False,True,WildType
EBF3,NM_001375380.1,157,H,Q,CAC,3,CAA,exact nucleotide concordance,430929,"criteria provided, single submitter",1,not provided,False,False,14,chr10,129958948,-,False,False,False,
CFAP43,NM_025145.7,129,S,Y,TCC,2,TAC,exact nucleotide concordance,430935,no assertion criteria provided,0,Spermatogenic failure 19,False,False,30,chr10,104225491,-,False,False,False,
SOX5,NM_006940.6,632,T,N,ACC,2,AAC,exact nucleotide concordance,431148,"criteria provided, single submitter",1,Lamb-Shaffer syndrome|Intellectual disability,False,False,93,chr12,23536546,-,True,False,True,Vitro;Vivo
TRIM36,NM_001300759.2,496,P,T,CCT,1,ACT,exact nucleotide concordance,431166,no assertion criteria provided,0,Anencephaly,False,False,12,chr5,115133872,-,True,False,True,WildType
KCNQ5,NM_019842.4,341,L,I,CTT,1,ATT,exact nucleotide concordance,431386,no assertion criteria provided,0,"Intellectual disability, autosomal dominant 46",False,False,8,chr6,73105359,+,False,False,False,
DONSON,NM_017613.4,292,F,L,TTC,3,TTA,"same-position, alternate-base convergence",431420,"criteria provided, single submitter",1,"Microcephaly, short stature, and limb abnormalities",False,False,88,chr21,33583576,-,True,False,True,WildType
SMCHD1,NM_015295.3,523,T,K,ACA,2,AAA,exact nucleotide concordance,431469,no assertion criteria provided,0,Arrhinia with choanal atresia and microphthalmia syndrome,False,False,79,chr18,2700839,+,False,False,False,
NF1,NM_001042492.3,1278,N,K,AAC,3,AAA,"same-position, alternate-base convergence",431630,"criteria provided, multiple submitters, no conflicts",2,"Neurofibromatosis, type 1|not provided",True,False,36,chr17,31235736,+,False,False,False,
NOTCH2,NM_024408.4,267,H,Q,CAC,3,CAA,exact nucleotide concordance,431927,"criteria provided, single submitter",1,not provided,False,False,49,chr1,119987033,-,True,False,True,Vitro;Vivo
ARID1A,NM_006015.6,2137,A,D,GCC,2,GAC,exact nucleotide concordance,432033,"criteria provided, single submitter",1,not provided|Coffin-Siris syndrome,False,False,448,chr1,26780308,+,False,False,False,
KIF1A,NM_001244008.2,85,A,D,GCC,2,GAC,exact nucleotide concordance,432584,"criteria provided, multiple submitters, no conflicts",2,"not provided|Hereditary spastic paraplegia 30;Neuropathy, hereditary sensory, type 2C;Intellectual disability, autosomal dominant 9",True,False,70,chr2,240788160,-,False,False,False,
ITPR1,NM_001378452.1,637,L,I,CTC,1,ATC,exact nucleotide concordance,432284,"criteria provided, single submitter",1,not provided,False,False,22,chr3,4669676,+,True,False,True,Vivo;WildType
GABRG2,NM_198904.4,343,F,L,TTC,3,TTA,exact nucleotide concordance,432901,"criteria provided, single submitter",1,not provided|GABRG2-related disorder,False,False,99,chr5,162149214,+,True,False,True,Vitro
TUBB2A,NM_001069.3,242,F,L,TTC,3,TTA,different-position convergence,432097,"criteria provided, single submitter",1,not provided,False,False,446,chr6,3154477,-,True,False,True,
TUBB2B,NM_178012.5,251,R,S,CGC,1,AGC,exact nucleotide concordance,432230,"criteria provided, single submitter",1,not provided,False,False,473,chr6,3225338,-,False,False,False,
ASS1,NM_054012.4,391,F,L,TTC,3,TTA,exact nucleotide concordance,432044,"criteria provided, multiple submitters, no conflicts",2,not provided|Citrullinemia type I|Citrullinemia,True,False,20,chr9,130499550,+,True,False,True,Vivo;WildType
KRT1,NM_006121.4,450,A,D,GCC,2,GAC,exact nucleotide concordance,432177,"criteria provided, single submitter",1,not provided,False,False,94,chr12,52676401,-,True,False,True,Vitro;WildType
STAT3,NM_139276.3,621,F,L,TTC,3,TTA,exact nucleotide concordance,432937,"criteria provided, multiple submitters, no conflicts",2,"not provided|Hyper-IgE recurrent infection syndrome 1, autosomal dominant;STAT3 gain of function",True,False,25,chr17,42323029,-,True,False,True,Vitro;WildType
TCF4,NM_001083962.2,253,S,R,AGC,3,AGA,"same-position, alternate-base convergence",432062,reviewed by expert panel,3,not provided|Pitt-Hopkins syndrome,True,False,30,chr18,55275649,-,False,False,False,
CLCN4,NM_001830.4,489,Q,K,CAG,1,AAG,exact nucleotide concordance,432084,"criteria provided, single submitter",1,not provided,False,False,75,chrX,10212542,+,False,False,False,
SZT2,NM_001365999.1,35,F,L,TTC,3,TTA,"same-position, alternate-base convergence",433086,no assertion criteria provided,0,Self-limited epilepsy with centrotemporal spikes,False,False,48,chr1,43403254,+,True,False,True,WildType
ABCC6,NM_001171.6,1403,S,R,AGC,3,AGA,exact nucleotide concordance,433354,no assertion criteria provided,0,Autosomal recessive inherited pseudoxanthoma elasticum,False,True,0,chr16,16150772,-,True,False,True,Vitro;Vivo;WildType
ABCC6,NM_001171.6,1056,D,E,GAC,3,GAA,exact nucleotide concordance,433303,no assertion criteria provided,0,Autosomal recessive inherited pseudoxanthoma elasticum,False,False,138,chr16,16165761,-,False,False,False,
ABCC6,NM_001171.6,766,A,D,GCT,2,GAT,exact nucleotide concordance,433269,no assertion criteria provided,0,Autosomal recessive inherited pseudoxanthoma elasticum,False,False,49,chr16,16178916,-,True,False,True,Vitro;Vivo;WildType
ABCC6,NM_001171.6,398,S,R,AGC,3,AGA,"same-position, alternate-base convergence",433377,no assertion criteria provided,0,Autosomal recessive inherited pseudoxanthoma elasticum,False,False,17,chr16,16198165,-,True,False,True,Vivo
ABCC6,NM_001171.6,317,S,R,AGC,3,AGA,"same-position, alternate-base convergence",433374,no assertion criteria provided,0,Autosomal recessive inherited pseudoxanthoma elasticum,False,False,47,chr16,16203457,-,False,False,False,
MLH1,NM_000249.4,125,A,E,GCA,2,GAA,exact nucleotide concordance,433851,"criteria provided, multiple submitters, no conflicts",2,"Hereditary nonpolyposis colorectal neoplasms|Hereditary cancer-predisposing syndrome|Colon cancer|Colorectal cancer, hereditary nonpolyposis, type 2",True,False,6,chr3,37004468,+,False,False,False,
SCN2A,NM_001371246.1,1479,Q,K,CAG,1,AAG,exact nucleotide concordance,436661,"criteria provided, multiple submitters, no conflicts",2,"Developmental and epileptic encephalopathy, 11|Developmental and epileptic encephalopathy, 11;Seizures, benign familial infantile, 3",True,False,11,chr2,165380718,+,False,False,False,
TUBB2B,NM_178012.5,291,Q,K,CAG,1,AAG,exact nucleotide concordance,437125,"criteria provided, multiple submitters, no conflicts",2,Complex cortical dysplasia with other brain malformations 7|Lissencephaly,True,False,467,chr6,3225218,-,False,False,False,
GCK,NM_000162.5,122,L,I,CTC,1,ATC,exact nucleotide concordance,435307,reviewed by expert panel,3,Maturity-onset diabetes of the young type 2|not provided|Maturity-onset diabetes of the young|Monogenic diabetes,False,True,0,chr7,44151075,-,True,False,True,Vivo
SMARCA2,NM_003070.5,883,P,Q,CCG,2,CAG,exact nucleotide concordance,436804,"criteria provided, multiple submitters, no conflicts",2,Nicolaides-Baraitser syndrome,True,False,121,chr9,2086950,+,True,False,True,WildType
RYR1,NM_000540.3,4948,Q,K,CAA,1,AAA,exact nucleotide concordance,436629,"criteria provided, single submitter",1,not provided,False,False,26,chr19,38585976,+,True,False,True,WildType
ATP1A3,NM_152296.5,335,T,K,ACG,2,AAG,exact nucleotide concordance,434444,"criteria provided, single submitter",1,Alternating hemiplegia of childhood 2,False,False,10,chr19,41982096,-,True,False,True,WildType
AR,NM_000044.6,697,S,Y,TCC,2,TAC,exact nucleotide concordance,434267,"criteria provided, single submitter",1,Androgen resistance syndrome,False,False,83,chrX,67711606,+,True,False,True,Vivo
ABCA4,NM_000350.3,1696,S,R,AGC,3,AGA,"same-position, alternate-base convergence",438099,no assertion criteria provided,0,Severe early-childhood-onset retinal dystrophy,False,False,69,chr1,94019690,-,True,False,True,Vivo
NMNAT1,NM_022787.4,162,S,Y,TCC,2,TAC,exact nucleotide concordance,438133,no assertion criteria provided,0,Leber congenital amaurosis,False,False,45,chr1,9982346,+,True,False,True,Vivo;WildType
CERKL,NM_201548.5,106,R,S,CGT,1,AGT,exact nucleotide concordance,438054,"criteria provided, multiple submitters, no conflicts",2,Retinal dystrophy|not provided|Retinitis pigmentosa 26|Retinitis pigmentosa,True,False,77,chr2,181604002,-,False,False,False,
MYO7A,NM_000260.4,1182,N,K,AAC,3,AAA,exact nucleotide concordance,438177,reviewed by expert panel,3,Usher syndrome|Autosomal recessive nonsyndromic hearing loss 2;Usher syndrome type 1|not provided,True,False,42,chr11,77189386,+,True,False,True,Vivo
NR2E3,NM_014249.4,102,A,D,GCC,2,GAC,exact nucleotide concordance,438227,"criteria provided, multiple submitters, no conflicts",2,Abnormality of the eye|Retinal dystrophy|not provided|Enhanced S-cone syndrome|Retinitis pigmentosa 37|Retinitis pigmentosa 37;Enhanced S-cone syndrome,True,False,44,chr15,71811825,+,False,False,False,
NR2E3,NM_014249.4,256,A,E,GCG,2,GAG,exact nucleotide concordance,438229,"criteria provided, multiple submitters, no conflicts",2,Retinal dystrophy|not provided|Retinitis pigmentosa 37|Retinitis pigmentosa|Goldmann-Favre syndrome|Enhanced S-cone syndrome,True,False,19,chr15,71813408,+,False,False,False,
NYX,NM_001378477.3,307,N,K,AAC,3,AAA,"same-position, alternate-base convergence",438056,no assertion criteria provided,0,Abnormality of the eye,False,False,510,chrX,41474389,+,False,False,False,
RP2,NM_006915.3,113,A,D,GCC,2,GAC,exact nucleotide concordance,437943,no assertion criteria provided,0,Retinitis pigmentosa,False,False,235,chrX,46853711,+,False,False,False,
PHEX,NM_000444.6,227,L,I,CTC,1,ATC,exact nucleotide concordance,438556,"criteria provided, single submitter",1,Familial X-linked hypophosphatemic vitamin D refractory rickets,False,False,15,chrX,22090444,+,True,False,True,Vivo
PHEX,NM_000444.6,469,A,E,GCG,2,GAG,exact nucleotide concordance,438558,"criteria provided, multiple submitters, no conflicts",2,Familial X-linked hypophosphatemic vitamin D refractory rickets|not provided,False,True,1,chrX,22168313,+,True,False,True,WildType
PHEX,NM_000444.6,573,A,D,GCT,2,GAT,exact nucleotide concordance,438578,"criteria provided, multiple submitters, no conflicts",2,Familial X-linked hypophosphatemic vitamin D refractory rickets|not provided,True,False,17,chrX,22219053,+,True,False,True,Vivo
CLDN10,NM_006984.5,48,N,K,AAC,3,AAA,"same-position, alternate-base convergence",438636,no assertion criteria provided,0,HELIX syndrome,False,False,76,chr13,95552897,+,False,False,False,
PRPH2,NM_000322.5,212,S,R,AGC,3,AGA,"same-position, alternate-base convergence",438671,"criteria provided, single submitter",1,Adult-onset foveomacular vitelliform dystrophy|PRPH2-related disorder,False,False,54,chr6,42704557,-,False,False,False,
SLC25A19,NM_001126121.2,152,P,T,CCC,1,ACC,exact nucleotide concordance,438731,no assertion criteria provided,0,Progressive demyelinating neuropathy with bilateral striatal necrosis,False,False,5,chr17,75283428,-,True,False,True,WildType
YWHAG,NM_012479.4,129,D,E,GAC,3,GAA,"same-position, alternate-base convergence",438806,"criteria provided, multiple submitters, no conflicts",2,"Developmental and epileptic encephalopathy, 56|not provided",True,False,299,chr7,76329934,-,True,False,True,Vivo
MSTO1,NM_018116.4,376,F,L,TTC,3,TTA,exact nucleotide concordance,438832,no assertion criteria provided,0,Mitochondrial myopathy-cerebellar ataxia-pigmentary retinopathy syndrome,False,False,29,chr1,155613078,+,True,False,True,Vivo;WildType
GALT,NM_000155.4,186,H,N,CAC,1,AAC,exact nucleotide concordance,439749,"criteria provided, multiple submitters, no conflicts",2,not specified|Deficiency of UDPglucose-hexose-1-phosphate uridylyltransferase|Galactosemia,True,False,8,chr9,34648163,+,True,False,True,Vivo
TYMP,NM_001953.5,210,S,R,AGC,3,AGA,different-position convergence,440502,"criteria provided, single submitter",1,Mitochondrial DNA depletion syndrome 1,False,False,18,chr22,50527606,-,True,False,True,
LDLR,NM_000527.5,196,P,T,CCC,1,ACC,exact nucleotide concordance,440584,no assertion criteria provided,0,"Hypercholesterolemia, familial, 1",False,False,108,chr19,11105492,+,False,False,False,
LDLR,NM_000527.5,448,Q,K,CAG,1,AAG,exact nucleotide concordance,440635,no assertion criteria provided,0,"Hypercholesterolemia, familial, 1",False,False,16,chr19,11113433,+,False,False,False,
MMAA,NM_172250.3,243,T,N,ACC,2,AAC,exact nucleotide concordance,440807,"criteria provided, single submitter",1,"Methylmalonic aciduria, cblA type",False,False,5,chr4,145646151,+,False,False,False,
MMAA,NM_172250.3,287,A,D,GCT,2,GAT,exact nucleotide concordance,440809,"criteria provided, single submitter",1,"Methylmalonic aciduria, cblA type",False,False,40,chr4,145654034,+,False,False,False,
ALAS2,NM_000032.5,170,R,S,CGC,1,AGC,exact nucleotide concordance,440879,no assertion criteria provided,0,X-linked sideroblastic anemia 1,False,False,92,chrX,55021182,-,False,False,False,
LDLR,NM_000527.5,685,P,Q,CCG,2,CAG,exact nucleotide concordance,441227,"criteria provided, multiple submitters, no conflicts",2,"Hypercholesterolemia, familial, 1|not provided",True,False,66,chr19,11120436,+,True,False,True,WildType
C1QBP,NM_001212.4,204,F,L,TTC,3,TTA,"same-position, alternate-base convergence",441242,"criteria provided, multiple submitters, no conflicts",2,Combined oxidative phosphorylation deficiency 33|not provided|Mitochondrial disease,True,False,35,chr17,5433380,-,True,False,True,Vitro;WildType
PPP3CA,NM_000944.5,281,H,Q,CAC,3,CAA,"same-position, alternate-base convergence",441274,"criteria provided, single submitter",1,Developmental and epileptic encephalopathy 91,False,False,17,chr4,101083203,-,False,False,False,
SOX3,NM_005634.3,150,S,Y,TCC,2,TAC,exact nucleotide concordance,444006,no assertion criteria provided,0,"Intellectual disability, X-linked, with panhypopituitarism",False,False,448,chrX,140504612,-,False,False,False,
SERPINA1,NM_000295.5,57,F,L,TTC,3,TTA,different-position convergence,444038,no assertion criteria provided,0,Alpha-1-antitrypsin deficiency,False,False,168,chr14,94383069,-,False,False,False,
NR0B1,NM_000475.5,258,A,D,GCC,2,GAC,exact nucleotide concordance,444081,"criteria provided, single submitter",1,"Congenital adrenal hypoplasia, X-linked",False,False,395,chrX,30308591,-,False,False,False,
ABCA4,NM_000350.3,728,S,R,AGC,3,AGA,exact nucleotide concordance,444171,"criteria provided, multiple submitters, no conflicts",2,not provided,True,False,23,chr1,94056799,-,True,False,True,Vivo;WildType
SLC22A5,NM_003060.4,471,R,S,CGC,1,AGC,exact nucleotide concordance,444660,"criteria provided, multiple submitters, no conflicts",2,not provided|Renal carnitine transport defect,True,False,39,chr5,132392576,+,True,False,True,Vivo
NFE2L2,NM_006164.5,80,T,K,ACA,2,AAA,exact nucleotide concordance,445148,"criteria provided, single submitter",1,"Immunodeficiency, developmental delay, and hypohomocysteinemia|not provided",False,False,73,chr2,177234078,-,False,False,False,
CRB1,NM_201253.3,1381,P,T,CCC,1,ACC,exact nucleotide concordance,446252,"criteria provided, single submitter",1,Macular dystrophy,False,False,80,chr1,197477799,+,True,False,True,Vivo;WildType
BMPR1B,NM_001203.3,214,R,S,CGC,1,AGC,exact nucleotide concordance,446284,no assertion criteria provided,0,Acromesomelic dysplasia 2B;Brachydactyly type A1D;Type A2 brachydactyly;Acromesomelic dysplasia 3,False,False,54,chr4,95129916,+,True,False,True,Vitro;Vivo
TBX5,NM_181486.4,14,P,T,CCT,1,ACT,exact nucleotide concordance,446369,"criteria provided, single submitter",1,not provided,False,False,39,chr12,114403859,-,False,False,False,
SLC26A4,NM_000441.2,669,D,E,GAC,3,GAA,exact nucleotide concordance,446461,"criteria provided, multiple submitters, no conflicts",2,Autosomal recessive nonsyndromic hearing loss 4|Pendred syndrome,True,False,27,chr7,107702030,+,True,False,True,WildType
TTC21B,NM_024753.5,466,P,H,CCT,2,CAT,exact nucleotide concordance,446646,no assertion criteria provided,0,Jeune thoracic dystrophy,False,False,10,chr2,165924668,-,True,False,True,Vitro;WildType
TTC21B,NM_024753.5,44,A,D,GCC,2,GAC,exact nucleotide concordance,446648,no assertion criteria provided,0,Short-rib thoracic dysplasia 6 with or without polydactyly,False,False,20,chr2,165949615,-,False,False,False,
DYNC2H1,NM_001080463.2,2423,S,Y,TCC,2,TAC,exact nucleotide concordance,446576,no assertion criteria provided,0,Asphyxiating thoracic dystrophy 3,False,False,24,chr11,103188624,+,False,False,False,
DYNC2H1,NM_001080463.2,2690,F,L,TTC,3,TTA,"same-position, alternate-base convergence",446603,no assertion criteria provided,0,Asphyxiating thoracic dystrophy 3,False,False,18,chr11,103199458,+,False,False,False,
GCK,NM_000162.5,317,H,Q,CAC,3,CAA,"same-position, alternate-base convergence",447426,reviewed by expert panel,3,"not provided|Maturity-onset diabetes of the young type 2|Type 2 diabetes mellitus;Hyperinsulinemic hypoglycemia, familial, 3;Permanent neonatal diabetes mellitus 1;Maturity-onset diabetes of the young type 2|Monogenic diabetes",True,False,68,chr7,44146531,-,False,False,False,
RYR1,NM_000540.3,152,A,D,GCC,2,GAC,exact nucleotide concordance,448182,reviewed by expert panel,3,"not specified|Malignant hyperthermia, susceptibility to, 1",True,False,30,chr19,38444179,+,True,False,True,Vivo
HMGCL,NM_000191.3,201,S,Y,TCC,2,TAC,exact nucleotide concordance,449033,"criteria provided, multiple submitters, no conflicts",2,not provided|Deficiency of hydroxymethylglutaryl-CoA lyase,True,False,40,chr1,23808283,-,True,False,True,WildType
SCN2A,NM_001371246.1,1329,A,D,GCT,2,GAT,exact nucleotide concordance,451715,"criteria provided, single submitter",1,not provided,False,False,13,chr2,165374698,+,True,False,True,WildType
SCN1A,NM_001165963.4,939,H,Q,CAC,3,CAA,exact nucleotide concordance,451108,"criteria provided, single submitter",1,not provided|Severe myoclonic epilepsy in infancy,False,False,129,chr2,166037905,-,True,False,True,WildType
HDAC4,NM_001378414.1,876,F,L,TTC,3,TTA,"same-position, alternate-base convergence",450529,"criteria provided, single submitter",1,not provided,False,False,24,chr2,239082126,-,True,False,True,WildType
BRAT1,NM_152743.4,642,A,E,GCG,2,GAG,exact nucleotide concordance,449963,"criteria provided, multiple submitters, no conflicts",2,Neonatal-onset encephalopathy with rigidity and seizures|not provided|Neurodevelopmental disorder with cerebellar atrophy and with or without seizures,True,False,154,chr7,2538610,-,True,False,True,WildType
FAM111B,NM_198947.4,629,F,L,TTC,3,TTA,exact nucleotide concordance,452429,"criteria provided, single submitter",1,not provided,False,False,318,chr11,59125984,+,False,False,False,
CHD8,NM_001170629.2,1097,H,Q,CAC,3,CAA,exact nucleotide concordance,451499,"criteria provided, single submitter",1,not provided,False,False,16,chr14,21405225,-,True,False,True,WildType
ATL1,NM_015915.5,402,F,L,TTC,3,TTA,different-position convergence,452665,"criteria provided, multiple submitters, no conflicts",2,not provided|Hereditary spastic paraplegia 3A,True,False,84,chr14,50628115,+,True,False,True,
GABRB3,NM_000814.6,305,A,D,GCC,2,GAC,exact nucleotide concordance,450287,"criteria provided, single submitter",1,not provided,False,False,78,chr15,26561098,-,True,False,True,WildType
GLDN,NM_181789.4,476,F,L,TTC,3,TTA,exact nucleotide concordance,452116,"criteria provided, multiple submitters, no conflicts",2,not provided|Fetal akinesia deformation sequence 1;Arthrogryposis multiplex congenita|Lethal congenital contracture syndrome 11,True,False,228,chr15,51404526,+,True,False,True,Vivo
CTCF,NM_006565.4,368,R,S,CGT,1,AGT,exact nucleotide concordance,451767,"criteria provided, single submitter",1,not provided,False,False,15,chr16,67620712,+,True,False,True,WildType
PRPF8,NM_006445.4,1297,T,K,ACA,2,AAA,exact nucleotide concordance,452627,"criteria provided, single submitter",1,not provided,False,False,115,chr17,1662038,-,False,False,False,
SOX9,NM_000346.4,138,T,K,ACG,2,AAG,exact nucleotide concordance,453015,"criteria provided, single submitter",1,not provided,False,False,18,chr17,72121804,+,False,False,False,
ITGB4,NM_000213.5,200,P,H,CCC,2,CAC,exact nucleotide concordance,450543,"criteria provided, single submitter",1,not provided,False,False,32,chr17,75729297,+,True,False,True,Vitro;Vivo;WildType
GAA,NM_000152.5,522,P,T,CCT,1,ACT,exact nucleotide concordance,449460,"criteria provided, multiple submitters, no conflicts",2,"not provided|Glycogen storage disease, type II",True,False,12,chr17,80110953,+,True,False,True,WildType
LZTR1,NM_006767.4,144,S,Y,TCT,2,TAT,exact nucleotide concordance,450998,"criteria provided, single submitter",1,not provided,False,False,30,chr22,20988040,+,False,False,False,
GJB1,NM_000166.6,141,F,L,TTC,3,TTA,"same-position, alternate-base convergence",449355,"criteria provided, multiple submitters, no conflicts",2,not provided|Charcot-Marie-Tooth disease|Charcot-Marie-Tooth disease X-linked dominant 1,True,False,422,chrX,71224130,+,False,False,False,
SLC16A2,NM_006517.5,297,R,S,CGC,1,AGC,exact nucleotide concordance,449964,"criteria provided, single submitter",1,not provided,False,False,137,chrX,74524672,+,False,False,False,
MFN2,NM_014874.4,106,S,R,AGC,3,AGA,"same-position, alternate-base convergence",476771,"criteria provided, single submitter",1,Charcot-Marie-Tooth disease type 2,False,False,6,chr1,11996162,+,True,False,True,WildType
MPZ,NM_000530.8,133,P,T,CCA,1,ACA,exact nucleotide concordance,462797,"criteria provided, multiple submitters, no conflicts",2,"Charcot-Marie-Tooth disease, type I|7 conditions",True,False,51,chr1,161306759,-,True,False,True,Vitro;WildType
TPM3,NM_152263.4,253,T,K,ACA,2,AAA,exact nucleotide concordance,462142,"criteria provided, single submitter",1,"Congenital myopathy 4B, autosomal recessive;Congenital myopathy with fiber type disproportion",False,False,17,chr1,154170417,-,True,False,True,Vitro;Vivo
PROC,NM_000312.4,118,F,L,TTC,3,TTA,different-position convergence,469122,"criteria provided, multiple submitters, no conflicts",2,"Thrombophilia due to protein C deficiency, autosomal dominant|Deep venous thrombosis;Thromboembolism",True,False,48,chr2,127423123,+,False,False,False,
ETFDH,NM_004453.4,227,P,T,CCA,1,ACA,exact nucleotide concordance,459966,"criteria provided, multiple submitters, no conflicts",2,Multiple acyl-CoA dehydrogenase deficiency|not provided|Glutaric acidemia type 2C,True,False,5,chr4,158690420,+,False,False,False,
SLC22A5,NM_003060.4,230,F,L,TTC,3,TTA,different-position convergence,460412,"criteria provided, multiple submitters, no conflicts",2,Renal carnitine transport defect,True,False,35,chr5,132385363,+,False,False,False,
SDHA,NM_004168.4,454,A,E,GCA,2,GAA,exact nucleotide concordance,472325,"criteria provided, multiple submitters, no conflicts",2,"Mitochondrial complex II deficiency, nuclear type 1;Pheochromocytoma/paraganglioma syndrome 5|Hereditary cancer-predisposing syndrome|Pheochromocytoma/paraganglioma syndrome 5",True,False,71,chr5,236528,+,True,False,True,Vitro;Vivo;WildType
FARS2,NM_006567.5,136,P,H,CCC,2,CAC,exact nucleotide concordance,473309,"criteria provided, multiple submitters, no conflicts",2,Combined oxidative phosphorylation defect type 14|not provided|Combined oxidative phosphorylation defect type 14;Hereditary spastic paraplegia 77|FARS2-related disorder,True,False,205,chr6,5368977,+,True,False,True,WildType
EXT1,NM_000127.3,331,A,D,GCC,2,GAC,exact nucleotide concordance,456065,"criteria provided, single submitter",1,Multiple congenital exostosis,False,False,29,chr8,117837172,-,True,False,True,WildType
CPT1A,NM_001876.4,687,S,R,AGC,3,AGA,"same-position, alternate-base convergence",463966,"criteria provided, single submitter",1,Carnitine palmitoyl transferase 1A deficiency,False,False,32,chr11,68760306,-,False,False,False,
FA2H,NM_024306.5,44,P,Q,CCG,2,CAG,exact nucleotide concordance,458305,"criteria provided, multiple submitters, no conflicts",2,Spastic paraplegia|Neurodegeneration with brain iron accumulation|not provided,True,False,130,chr16,74774625,-,False,False,False,
COL1A1,NM_000088.4,1298,T,N,ACC,2,AAC,exact nucleotide concordance,456782,"criteria provided, multiple submitters, no conflicts",2,Osteogenesis imperfecta type I|8 conditions,True,False,78,chr17,50186429,-,True,False,True,WildType
NF1,NM_001042492.3,846,A,D,GCC,2,GAC,exact nucleotide concordance,457588,"criteria provided, multiple submitters, no conflicts",2,"Neurofibromatosis, type 1|not provided",True,False,127,chr17,31229152,+,True,False,True,WildType
DNM2,NM_001005361.3,618,A,D,GCC,2,GAC,exact nucleotide concordance,465283,"criteria provided, multiple submitters, no conflicts",2,Charcot-Marie-Tooth disease dominant intermediate B|Autosomal dominant centronuclear myopathy,True,False,40,chr19,10823859,+,True,False,True,Vivo;WildType
RYR1,NM_000540.3,4830,S,Y,TCT,2,TAT,exact nucleotide concordance,478200,"criteria provided, single submitter",1,RYR1-related disorder,False,False,22,chr19,38580106,+,False,False,False,
AR,NM_000044.6,726,F,L,TTC,3,TTA,different-position convergence,458362,"criteria provided, single submitter",1,Androgen resistance syndrome;Kennedy disease,False,True,2,chrX,67717480,+,True,False,True,
ARR3,NM_004312.3,298,A,D,GCC,2,GAC,exact nucleotide concordance,478824,no assertion criteria provided,0,"Myopia 26, X-linked, female-limited",False,False,12,chrX,70278629,+,False,False,False,
BRCA2,NM_000059.4,2780,A,D,GCT,2,GAT,exact nucleotide concordance,483085,"criteria provided, single submitter",1,Hereditary cancer-predisposing syndrome,False,False,7,chr13,32370409,+,False,False,False,
NF1,NM_001042492.3,1447,Q,K,CAG,1,AAG,exact nucleotide concordance,481974,"criteria provided, multiple submitters, no conflicts",2,"Cardiovascular phenotype;Hereditary cancer-predisposing syndrome|Neurofibromatosis, type 1",True,False,6,chr17,31259038,+,True,False,True,Vivo
ATN1,NM_001940.4,1054,H,N,CAC,1,AAC,exact nucleotide concordance,487496,no assertion criteria provided,0,"Congenital ATN1 related disorder|Congenital hypotonia, epilepsy, developmental delay, and digital anomalies",False,False,54,chr12,6939123,+,False,False,False,
GRIN1,NM_007327.4,552,D,E,GAC,3,GAA,"same-position, alternate-base convergence",487500,no assertion criteria provided,0,"Neurodevelopmental disorder with or without hyperkinetic movements and seizures, autosomal dominant",False,False,23,chr9,137162195,+,False,False,False,
GRIN1,NM_007327.4,650,N,K,AAC,3,AAA,"same-position, alternate-base convergence",487502,no assertion criteria provided,0,"Neurodevelopmental disorder with or without hyperkinetic movements and seizures, autosomal dominant|not provided",False,False,63,chr9,137162676,+,False,False,False,
GRIN1,NM_007327.4,817,F,L,TTC,3,TTA,different-position convergence,487504,no assertion criteria provided,0,"Neurodevelopmental disorder with or without hyperkinetic movements and seizures, autosomal dominant",False,False,5,chr9,137163764,+,True,False,True,
SOX10,NM_006941.4,135,S,R,AGC,3,AGA,different-position convergence,488043,"criteria provided, single submitter",1,Waardenburg syndrome type 2A,False,False,25,chr22,37983382,-,False,False,False,
SLC40A1,NM_014585.6,350,A,D,GCT,2,GAT,exact nucleotide concordance,488154,no assertion criteria provided,0,Hemochromatosis type 4,False,False,288,chr2,189563937,-,True,False,True,Vivo
CALM2,NM_001743.6,138,N,K,AAC,3,AAA,"same-position, alternate-base convergence",488476,"criteria provided, single submitter",1,Long QT syndrome 15,False,False,7,chr2,47161730,-,True,False,True,WildType
FARS2,NM_006567.5,64,S,R,AGC,3,AGA,"same-position, alternate-base convergence",488515,"criteria provided, single submitter",1,Combined oxidative phosphorylation defect type 14,False,False,191,chr6,5368762,+,True,False,True,Vivo
MLH1,NM_000249.4,640,P,T,CCC,1,ACC,exact nucleotide concordance,492688,"criteria provided, multiple submitters, no conflicts",2,"not specified|Hereditary nonpolyposis colorectal neoplasms|Colorectal cancer, hereditary nonpolyposis, type 2|Hereditary cancer-predisposing syndrome",True,False,21,chr3,37048538,+,True,False,True,Vitro;WildType
TP53,NM_000546.6,106,S,R,AGC,3,AGA,"same-position, alternate-base convergence",492752,reviewed by expert panel,3,not specified|Li-Fraumeni syndrome|not provided,True,False,57,chr17,7676051,-,False,False,False,
THRB,NM_001354712.2,327,T,N,ACT,2,AAT,exact nucleotide concordance,492917,no assertion criteria provided,0,"Thyroid hormone resistance, generalized, autosomal dominant",False,False,94,chr3,24127663,-,True,False,True,WildType
HSD17B3,NM_000197.2,193,P,H,CCT,2,CAT,exact nucleotide concordance,492766,no assertion criteria provided,0,Pseudohermaphroditism,False,False,28,chr9,96245373,-,False,False,False,
MC4R,NM_005912.3,280,F,L,TTC,3,TTA,different-position convergence,492863,no assertion criteria provided,0,Obesity,False,False,161,chr18,60371512,-,False,False,False,
RAG2,NM_000536.4,441,P,T,CCC,1,ACC,exact nucleotide concordance,492998,"criteria provided, single submitter",1,not provided,False,False,263,chr11,36592848,-,True,False,True,Vitro;Vivo;WildType
CTLA4,NM_005214.5,138,P,T,CCA,1,ACA,exact nucleotide concordance,495051,"criteria provided, single submitter",1,Autoimmune lymphoproliferative syndrome due to CTLA4 haploinsufficiency,False,False,45,chr2,203870888,+,True,False,True,WildType
SKI,NM_003036.4,180,T,K,ACG,2,AAG,exact nucleotide concordance,495053,"criteria provided, multiple submitters, no conflicts",2,Disproportionate tall stature|not provided,True,False,430,chr1,2229305,+,False,False,False,
GRIN2A,NM_001134407.3,818,A,E,GCG,2,GAG,exact nucleotide concordance,495226,"criteria provided, multiple submitters, no conflicts",2,Landau-Kleffner syndrome,True,False,96,chr16,9768993,-,True,False,True,WildType
DNM1,NM_001288739.2,148,Q,K,CAA,1,AAA,exact nucleotide concordance,495249,"criteria provided, multiple submitters, no conflicts",2,"Developmental and epileptic encephalopathy, 31A|not provided",True,False,56,chr9,128219105,+,False,False,False,
VHL,NM_000551.4,119,F,L,TTC,3,TTA,different-position convergence,496059,"criteria provided, multiple submitters, no conflicts",2,Von Hippel-Lindau syndrome|Chuvash polycythemia;Von Hippel-Lindau syndrome|Hereditary cancer-predisposing syndrome,True,False,14,chr3,10146528,+,True,False,True,
VHL,NM_000551.4,115,H,Q,CAC,3,CAA,exact nucleotide concordance,496057,"criteria provided, multiple submitters, no conflicts",2,Von Hippel-Lindau syndrome|Chuvash polycythemia;Von Hippel-Lindau syndrome|not provided,True,False,4,chr3,10146518,+,True,False,True,Vitro;Vivo;WildType
CFTR,NM_000492.4,465,T,N,ACT,2,AAT,exact nucleotide concordance,495896,"criteria provided, multiple submitters, no conflicts",2,not provided|Cystic fibrosis|Cystic fibrosis;Congenital bilateral aplasia of vas deferens from CFTR mutation|Bronchiectasis with or without elevated sweat chloride 1|CFTR-related disorder,False,True,1,chr7,117559465,+,True,False,True,WildType
ITPR1,NM_001378452.1,1304,H,Q,CAC,3,CAA,"same-position, alternate-base convergence",496612,"criteria provided, single submitter",1,not provided,False,False,83,chr3,4691227,+,False,False,False,
RAG2,NM_000536.4,62,F,L,TTC,3,TTA,exact nucleotide concordance,496619,"criteria provided, single submitter",1,Combined immunodeficiency with skin granulomas;Recombinase activating gene 2 deficiency;Inborn error of immunity,False,False,185,chr11,36593983,-,True,False,True,Vitro;Vivo;WildType
PKD1,NM_001009944.3,2423,S,Y,TCC,2,TAC,exact nucleotide concordance,496638,no assertion criteria provided,0,"Polycystic kidney disease, adult type",False,False,58,chr16,2106619,-,False,False,False,
IDS,NM_000202.8,160,P,H,CCT,2,CAT,exact nucleotide concordance,501150,"criteria provided, multiple submitters, no conflicts",2,"not provided|Mucopolysaccharidosis, MPS-II",True,False,28,chrX,149500977,-,False,False,False,
KCNH2,NM_000238.4,431,F,L,TTC,3,TTA,different-position convergence,519399,"criteria provided, multiple submitters, no conflicts",2,Cardiovascular phenotype|Long QT syndrome,True,False,162,chr7,150952691,-,True,False,True,
SCN2A,NM_001371246.1,263,A,E,GCG,2,GAG,exact nucleotide concordance,520403,"criteria provided, single submitter",1,"Developmental and epileptic encephalopathy, 11",False,False,90,chr2,165310413,+,False,False,False,
EMC1,NM_015047.3,584,P,H,CCC,2,CAC,exact nucleotide concordance,521479,"criteria provided, single submitter",1,Inborn genetic diseases,False,False,31,chr1,19232655,-,True,False,True,Vivo;WildType
SCN1A,NM_001165963.4,281,P,T,CCT,1,ACT,exact nucleotide concordance,521548,"criteria provided, single submitter",1,Inborn genetic diseases,False,False,123,chr2,166051842,-,True,False,True,WildType
RAF1,NM_002880.4,613,L,I,CTA,1,ATA,exact nucleotide concordance,521674,"criteria provided, single submitter",1,Inborn genetic diseases,False,False,33,chr3,12584624,-,True,False,True,WildType
HIVEP2,NM_006734.4,1821,H,N,CAT,1,AAT,exact nucleotide concordance,521228,"criteria provided, single submitter",1,Inborn genetic diseases,False,False,57,chr6,142764856,-,False,False,False,
KCNQ5,NM_019842.4,369,P,T,CCA,1,ACA,exact nucleotide concordance,521362,"criteria provided, multiple submitters, no conflicts",2,"Inborn genetic diseases|Intellectual disability, autosomal dominant 46",True,False,20,chr6,73111383,+,False,False,False,
ACTB,NM_001101.5,296,N,K,AAC,3,AAA,"same-position, alternate-base convergence",521672,"criteria provided, single submitter",1,Inborn genetic diseases,False,False,85,chr7,5528100,-,True,False,True,WildType
GRIN1,NM_007327.4,549,S,R,AGC,3,AGA,different-position convergence,520575,"criteria provided, multiple submitters, no conflicts",2,"Inborn genetic diseases|Neurodevelopmental disorder with or without hyperkinetic movements and seizures, autosomal dominant",True,False,12,chr9,137162184,+,False,False,False,
SMARCA2,NM_003070.5,913,F,L,TTC,3,TTA,different-position convergence,521074,"criteria provided, single submitter",1,Inborn genetic diseases,False,False,32,chr9,2087039,+,False,False,False,
MED13L,NM_015335.5,2094,P,T,CCC,1,ACC,exact nucleotide concordance,520657,"criteria provided, single submitter",1,Inborn genetic diseases,False,False,54,chr12,115966189,-,True,False,True,WildType
SCN8A,NM_001330260.2,1622,A,D,GCC,2,GAC,exact nucleotide concordance,520653,"criteria provided, single submitter",1,Inborn genetic diseases|Complex neurodevelopmental disorder,False,False,69,chr12,51806351,+,False,False,False,
FOXG1,NM_005249.5,239,F,L,TTC,3,TTA,"same-position, alternate-base convergence",520962,"criteria provided, multiple submitters, no conflicts",2,Inborn genetic diseases|not provided,True,False,716,chr14,28767996,+,False,False,False,
CREBBP,NM_004380.3,1787,N,K,AAC,3,AAA,exact nucleotide concordance,521033,"criteria provided, single submitter",1,Inborn genetic diseases,False,False,188,chr16,3729686,-,False,False,False,
ATP1A3,NM_152296.5,775,P,T,CCG,1,ACG,exact nucleotide concordance,520781,"criteria provided, multiple submitters, no conflicts",2,Inborn genetic diseases|not provided,True,False,59,chr19,41970483,-,True,True,True,Vivo
CRYAA,NM_000394.4,116,R,S,CGC,1,AGC,exact nucleotide concordance,521018,"criteria provided, multiple submitters, no conflicts",2,Inborn genetic diseases|not provided,True,False,33,chr21,43172104,+,True,False,True,Vivo
PCDH19,NM_001184880.2,566,P,Q,CCA,2,CAA,exact nucleotide concordance,521852,"criteria provided, single submitter",1,Inborn genetic diseases,False,False,450,chrX,100406901,-,True,False,True,WildType
SMS,NM_004595.5,213,P,Q,CCA,2,CAA,exact nucleotide concordance,520793,"criteria provided, single submitter",1,Inborn genetic diseases,False,False,22,chrX,21978092,+,False,False,False,
SLC16A2,NM_006517.5,215,P,Q,CCA,2,CAA,exact nucleotide concordance,521200,"criteria provided, single submitter",1,Inborn genetic diseases,False,False,68,chrX,74524427,+,True,False,True,Vitro;WildType
B3GALT6,NM_080605.4,186,F,L,TTC,3,TTA,different-position convergence,522415,"criteria provided, multiple submitters, no conflicts",2,"Spondyloepimetaphyseal dysplasia with joint laxity, type 1, with or without fractures|Spondyloepimetaphyseal dysplasia with joint laxity, type 1, with fractures|Ehlers-Danlos syndrome, spondylodysplastic type, 2|not provided",True,False,434,chr1,1232834,+,False,False,False,
COL4A4,NM_000092.5,1650,F,L,TTC,3,TTA,different-position convergence,522489,no assertion criteria provided,0,Autosomal recessive Alport syndrome,False,False,125,chr2,227007450,-,False,False,False,
BEST1,NM_004183.4,228,D,E,GAC,3,GAA,"same-position, alternate-base convergence",522450,"criteria provided, multiple submitters, no conflicts",2,Autosomal recessive bestrophinopathy|not provided|Retinal dystrophy,True,False,30,chr11,61957434,+,True,False,True,WildType
FGFR1,NM_023110.3,623,D,E,GAC,3,GAA,"same-position, alternate-base convergence",522553,"criteria provided, single submitter",1,Hartsfield-Bixler-Demyer syndrome,False,False,14,chr8,38414887,-,True,False,True,Vivo;WildType
MFSD2A,NM_032793.5,402,P,H,CCC,2,CAC,exact nucleotide concordance,522579,no assertion criteria provided,0,"Microcephaly 15, primary, autosomal recessive",False,True,3,chr1,39967913,+,True,False,True,Vivo
ASNS,NM_001673.5,68,P,T,CCG,1,ACG,exact nucleotide concordance,522653,"criteria provided, single submitter",1,Congenital microcephaly - severe encephalopathy - progressive cerebral atrophy syndrome,False,False,47,chr7,97868955,-,True,False,True,Vitro
GRIN1,NM_007327.4,806,A,E,GCG,2,GAG,exact nucleotide concordance,522682,"criteria provided, single submitter",1,"Neurodevelopmental disorder with or without hyperkinetic movements and seizures, autosomal dominant",False,False,26,chr9,137163642,+,True,False,True,WildType
DCX,NM_001195553.2,96,N,K,AAC,3,AAA,exact nucleotide concordance,522790,"criteria provided, single submitter",1,Fucosidosis,False,False,76,chrX,111410111,-,False,False,False,
ALG1,NM_019109.5,292,F,L,TTC,3,TTA,"same-position, alternate-base convergence",522809,"criteria provided, single submitter",1,ALG1-congenital disorder of glycosylation,False,False,13,chr16,5079077,+,False,False,False,
GNAO1,NM_020988.3,221,A,D,GCC,2,GAC,exact nucleotide concordance,522843,"criteria provided, multiple submitters, no conflicts",2,Neurodevelopmental disorder with involuntary movements,True,False,61,chr16,56336799,+,True,False,True,Vivo
RHO,NM_000539.3,297,S,R,AGC,3,AGA,"same-position, alternate-base convergence",523376,"criteria provided, multiple submitters, no conflicts",2,11 conditions|Pigmentary retinal dystrophy|not provided,True,False,45,chr3,129532727,+,False,False,False,
PTEN,NM_000314.8,93,H,N,CAT,1,AAT,exact nucleotide concordance,523356,"criteria provided, multiple submitters, no conflicts",2,Macrocephaly;Large for gestational age;Loss of consciousness|Triple-negative breast cancer,True,False,23,chr10,87933036,+,False,False,False,
RBPJ,NM_015874.6,319,S,R,AGC,3,AGA,exact nucleotide concordance,523588,"criteria provided, single submitter",1,Adams-Oliver syndrome 3,False,False,68,chr4,26429966,+,True,False,True,Vitro
NLRP12,NM_144687.4,294,D,E,GAC,3,GAA,"same-position, alternate-base convergence",523653,"criteria provided, multiple submitters, no conflicts",2,Familial cold autoinflammatory syndrome 2|not provided,True,False,511,chr19,53810777,-,False,False,False,
TBR1,NM_006593.4,385,N,K,AAC,3,AAA,"same-position, alternate-base convergence",523680,"criteria provided, single submitter",1,Moderate global developmental delay;Autistic behavior,False,False,26,chr2,161420222,+,False,False,False,
SRD5A2,NM_000348.4,207,A,D,GCC,2,GAC,exact nucleotide concordance,529238,"criteria provided, multiple submitters, no conflicts",2,3-Oxo-5 alpha-steroid delta 4-dehydrogenase deficiency,True,False,72,chr2,31529385,-,True,False,True,WildType
HSPB1,NM_001540.5,135,S,Y,TCC,2,TAC,exact nucleotide concordance,533813,"criteria provided, multiple submitters, no conflicts",2,Charcot-Marie-Tooth disease axonal type 2F|Charcot-Marie-Tooth disease|not provided,True,False,24,chr7,76303841,+,True,False,True,WildType
TRPV4,NM_021625.5,269,R,S,CGT,1,AGT,exact nucleotide concordance,536867,"criteria provided, single submitter",1,Charcot-Marie-Tooth disease axonal type 2C,False,False,48,chr12,109800666,-,True,False,True,Vivo
TPP1,NM_000391.4,286,N,K,AAC,3,AAA,exact nucleotide concordance,527750,"criteria provided, single submitter",1,not provided,False,False,28,chr11,6616689,-,True,False,True,Vitro
TSC2,NM_000548.5,1675,P,Q,CCG,2,CAG,exact nucleotide concordance,535873,"criteria provided, multiple submitters, no conflicts",2,Tuberous sclerosis 2|Tuberous sclerosis syndrome|not provided,True,False,34,chr16,2087897,+,False,False,False,
TSC2,NM_000548.5,147,T,K,ACA,2,AAA,exact nucleotide concordance,535892,"criteria provided, single submitter",1,Tuberous sclerosis 2,False,False,41,chr16,2054399,+,False,False,False,
NF1,NM_001042492.3,1156,N,K,AAC,3,AAA,exact nucleotide concordance,527521,"criteria provided, single submitter",1,"Neurofibromatosis, type 1|Pilocytic astrocytoma",False,False,28,chr17,31232853,+,False,False,False,
GCDH,NM_000159.4,88,R,S,CGC,1,AGC,exact nucleotide concordance,529444,"criteria provided, multiple submitters, no conflicts",2,"Glutaric aciduria, type 1|not provided",True,False,9,chr19,12891965,+,False,False,False,
GLA,NM_000169.3,276,S,R,AGC,3,AGA,exact nucleotide concordance,524215,"criteria provided, multiple submitters, no conflicts",2,Fabry disease|Cardiovascular phenotype|not provided,True,False,26,chrX,101398541,-,True,False,True,WildType
CD40LG,NM_000074.3,254,T,K,ACG,2,AAG,exact nucleotide concordance,530671,"criteria provided, single submitter",1,Hyper-IgM syndrome type 1,False,False,25,chrX,136659390,+,False,False,False,
RERE,NM_001042681.2,1435,H,Q,CAC,3,CAA,"same-position, alternate-base convergence",545041,"criteria provided, single submitter",1,not provided,False,False,34,chr1,8358230,-,False,False,False,
BCOR,NM_001123385.2,1603,S,R,AGC,3,AGA,different-position convergence,545026,no assertion criteria provided,0,not provided,False,False,12,chrX,40054268,-,True,False,True,
PHIP,NM_017934.7,110,R,S,CGC,1,AGC,exact nucleotide concordance,545397,no assertion criteria provided,0,PHIP-related behavioral problems-intellectual disability-obesity-dysmorphic features syndrome,False,False,12,chr6,79060680,-,False,False,False,
KIT,NM_000222.3,533,A,D,GCT,2,GAT,exact nucleotide concordance,545643,no assertion criteria provided,0,Cutaneous mastocytosis,False,False,49,chr4,54727275,+,False,False,False,
ATP1A1,NM_000701.8,600,P,T,CCT,1,ACT,exact nucleotide concordance,545679,"criteria provided, single submitter",1,"Charcot-Marie-tooth disease, axonal, type 2DD|not provided|Charcot-Marie-Tooth disease type 2A2",False,False,38,chr1,116395247,+,True,False,True,Vitro;Vivo
DHDDS,NM_205861.3,37,R,S,CGT,1,AGT,exact nucleotide concordance,546177,"criteria provided, multiple submitters, no conflicts",2,not provided|Retinitis pigmentosa 59,True,False,45,chr1,26438213,+,True,False,True,Vitro;WildType
CRB2,NM_173689.7,800,N,K,AAC,3,AAA,"same-position, alternate-base convergence",546072,"criteria provided, multiple submitters, no conflicts",2,Ventriculomegaly-cystic kidney disease|not provided|Familial idiopathic steroid-resistant nephrotic syndrome,True,False,36,chr9,123371542,+,True,False,True,Vivo
NPC1,NM_000271.5,701,N,K,AAC,3,AAA,"same-position, alternate-base convergence",546521,"criteria provided, single submitter",1,not provided,False,False,27,chr18,23544371,-,True,False,True,WildType
ATP1A2,NM_000702.4,606,A,E,GCA,2,GAA,exact nucleotide concordance,546612,"criteria provided, single submitter",1,not provided,False,False,10,chr1,160130587,+,False,False,False,
BEST1,NM_004183.4,296,N,K,AAC,3,AAA,exact nucleotide concordance,546666,"criteria provided, multiple submitters, no conflicts",2,not provided|Retinal dystrophy,True,False,20,chr11,61959518,+,True,False,True,Vitro;WildType
PPP1CB,NM_002709.3,85,N,K,AAC,3,AAA,exact nucleotide concordance,546861,"criteria provided, single submitter",1,not provided,False,False,70,chr2,28778879,+,False,False,False,
MECP2,NM_001110792.2,145,R,S,CGC,1,AGC,exact nucleotide concordance,547103,"criteria provided, multiple submitters, no conflicts",2,not provided|Inborn genetic diseases,True,False,19,chrX,154031431,-,False,False,False,
MEN1,NM_001370259.2,368,A,D,GCC,2,GAC,exact nucleotide concordance,547518,"criteria provided, single submitter",1,"Multiple endocrine neoplasia, type 1",False,False,53,chr11,64805717,-,True,False,True,Vivo
NF1,NM_001042492.3,320,A,D,GCT,2,GAT,exact nucleotide concordance,547575,"criteria provided, multiple submitters, no conflicts",2,"Neurofibromatosis, type 1",True,False,70,chr17,31200492,+,False,False,False,
EDN3,NM_207034.3,112,H,N,CAC,1,AAC,exact nucleotide concordance,547292,"criteria provided, single submitter",1,Waardenburg syndrome type 4B,False,False,31,chr20,59301691,+,False,False,False,
NDUFB8,NM_005004.4,76,P,Q,CCG,2,CAG,exact nucleotide concordance,548131,no assertion criteria provided,0,"Mitochondrial complex I deficiency, nuclear type 32",False,False,14,chr10,100527060,-,False,False,False,
CAPN3,NM_000070.3,97,F,L,TTC,3,TTA,exact nucleotide concordance,548137,"criteria provided, multiple submitters, no conflicts",2,Autosomal recessive limb-girdle muscular dystrophy type 2A|Autosomal recessive limb-girdle muscular dystrophy,True,False,18,chr15,42360096,+,True,False,True,Vivo;WildType
SOX4,NM_003107.3,66,F,L,TTC,3,TTA,exact nucleotide concordance,548142,"criteria provided, single submitter",1,Mild intellectual disability|Coffin-Siris syndrome 10|Developmental delay;Mild facial and digital morphological abnormalities;Intellectual disability,False,False,197,chr6,21594732,+,False,False,False,
FBN1,NM_000138.5,2267,N,K,AAC,3,AAA,exact nucleotide concordance,549370,"criteria provided, single submitter",1,Marfan syndrome,False,False,61,chr15,48430741,-,True,False,True,WildType
FXN,NM_000144.5,146,N,K,AAC,3,AAA,"same-position, alternate-base convergence",549677,no assertion criteria provided,0,Friedreich ataxia 1,False,False,44,chr9,69064991,+,True,False,True,Vivo;WildType
ATP7A,NM_000052.7,991,A,D,GCC,2,GAC,exact nucleotide concordance,549669,no assertion criteria provided,0,X-linked distal spinal muscular atrophy type 3,False,False,55,chrX,78029305,+,True,False,True,WildType
CHD3,NM_001005273.3,1159,N,K,AAC,3,AAA,exact nucleotide concordance,549739,"criteria provided, multiple submitters, no conflicts",2,Snijders Blok-Campeau syndrome|Intellectual disability|Marfanoid habitus and intellectual disability|not provided,True,False,18,chr17,7903043,+,True,False,True,Vivo
ALPL,NM_000478.6,141,T,N,ACC,2,AAC,exact nucleotide concordance,551980,"criteria provided, multiple submitters, no conflicts",2,Infantile hypophosphatasia|not provided|Adult hypophosphatasia|Hypophosphatasia,True,False,50,chr1,21563234,+,False,False,False,
ALPL,NM_000478.6,123,A,D,GCC,2,GAC,exact nucleotide concordance,555231,"criteria provided, multiple submitters, no conflicts",2,Infantile hypophosphatasia|not provided|Adult hypophosphatasia|Adult hypophosphatasia;Childhood hypophosphatasia;Infantile hypophosphatasia|Hypophosphatasia,True,False,70,chr1,21563180,+,True,False,True,WildType
USH2A,NM_206933.4,3944,A,D,GCC,2,GAC,exact nucleotide concordance,555105,"criteria provided, multiple submitters, no conflicts",2,Retinitis pigmentosa 39;Usher syndrome type 2A|Usher syndrome|Retinitis pigmentosa 39|Usher syndrome type 2A|not provided|Retinal dystrophy,True,False,119,chr1,215728265,-,True,False,True,WildType
MMACHC,NM_015506.3,189,R,S,CGT,1,AGT,exact nucleotide concordance,558690,"criteria provided, multiple submitters, no conflicts",2,Cobalamin C disease|not provided,True,False,135,chr1,45508931,+,True,False,True,Vivo;WildType
GLB1,NM_000404.4,590,R,S,CGC,1,AGC,exact nucleotide concordance,551476,"criteria provided, single submitter",1,"GM1 gangliosidosis type 3;GM1 gangliosidosis type 2;Infantile GM1 gangliosidosis;Mucopolysaccharidosis, MPS-IV-B|GM1 gangliosidosis;Mucopolysaccharidosis, MPS-IV-B",False,False,33,chr3,32997311,-,True,False,True,Vivo;WildType
IDUA,NM_000203.5,348,N,K,AAC,3,AAA,"same-position, alternate-base convergence",557870,"criteria provided, multiple submitters, no conflicts",2,Hurler syndrome|Mucopolysaccharidosis type 1|not provided,True,False,71,chr4,1002340,+,False,False,False,
GLB1,NM_000404.4,484,N,K,AAC,3,AAA,"same-position, alternate-base convergence",553506,"criteria provided, multiple submitters, no conflicts",2,"GM1 gangliosidosis type 3;GM1 gangliosidosis type 2;Infantile GM1 gangliosidosis;Mucopolysaccharidosis, MPS-IV-B|GM1 gangliosidosis;Mucopolysaccharidosis, MPS-IV-B|Mucopolysaccharidosis, MPS-IV-B",True,False,27,chr3,33016736,-,False,False,False,
GLB1,NM_000404.4,148,R,S,CGC,1,AGC,exact nucleotide concordance,551757,"criteria provided, multiple submitters, no conflicts",2,"GM1 gangliosidosis type 3;GM1 gangliosidosis type 2;Infantile GM1 gangliosidosis;Mucopolysaccharidosis, MPS-IV-B|not provided|GM1 gangliosidosis|GM1 gangliosidosis;Mucopolysaccharidosis, MPS-IV-B|GLB1-related disorder|Lung cancer|Mucopolysaccharidosis, MPS-IV-B",True,False,15,chr3,33068245,-,True,False,True,Vitro;WildType
AGA,NM_000027.4,122,T,K,ACA,2,AAA,exact nucleotide concordance,557564,"criteria provided, multiple submitters, no conflicts",2,Aspartylglucosaminuria|not provided,True,False,29,chr4,177439605,-,False,False,False,
PKHD1,NM_138694.4,3762,P,T,CCA,1,ACA,exact nucleotide concordance,558729,"criteria provided, multiple submitters, no conflicts",2,Autosomal recessive polycystic kidney disease|Polycystic kidney disease 4,True,False,26,chr6,51649111,-,True,False,True,Vitro;WildType
SLC26A4,NM_000441.2,457,N,K,AAC,3,AAA,exact nucleotide concordance,550172,"criteria provided, multiple submitters, no conflicts",2,Pendred syndrome|Autosomal recessive nonsyndromic hearing loss 4|not provided|Autosomal recessive nonsyndromic hearing loss 4;Pendred syndrome|Autosomal recessive SLC26A4-related disorders,True,False,29,chr7,107694650,+,True,False,True,WildType
CFTR,NM_000492.4,1021,P,T,CCA,1,ACA,exact nucleotide concordance,550702,"criteria provided, multiple submitters, no conflicts",2,Cystic fibrosis|CFTR-related disorder,True,False,72,chr7,117610591,+,False,False,False,
CYP11B1,NM_000497.4,165,A,D,GCC,2,GAC,exact nucleotide concordance,557029,"criteria provided, single submitter",1,Deficiency of steroid 11-beta-monooxygenase,False,False,98,chr8,142877124,-,False,False,False,
HGSNAT,NM_152419.3,489,A,E,GCA,2,GAA,exact nucleotide concordance,553763,"criteria provided, multiple submitters, no conflicts",2,"Mucopolysaccharidosis, MPS-III-C|Retinitis pigmentosa 73;Mucopolysaccharidosis, MPS-III-C",False,True,1,chr8,43196949,+,False,False,False,
GLDC,NM_000170.3,559,T,N,ACC,2,AAC,exact nucleotide concordance,558562,"criteria provided, single submitter",1,Glycine encephalopathy|Glycine encephalopathy 1,False,False,10,chr9,6588432,-,True,False,True,WildType
LIPA,NM_000235.4,103,S,R,AGC,3,AGA,exact nucleotide concordance,554874,"criteria provided, multiple submitters, no conflicts",2,Lysosomal acid lipase deficiency|Wolman disease|Cholesteryl ester storage disease|Wolman disease;Cholesteryl ester storage disease,True,False,79,chr10,89228319,-,True,False,True,WildType
PTS,NM_000317.3,36,N,K,AAC,3,AAA,"same-position, alternate-base convergence",555429,"criteria provided, multiple submitters, no conflicts",2,6-Pyruvoyl-tetrahydrobiopterin synthase deficiency,True,False,24,chr11,112228618,+,False,False,False,
PAH,NM_000277.3,429,Q,K,CAG,1,AAG,exact nucleotide concordance,551555,reviewed by expert panel,3,Phenylketonuria,True,False,30,chr12,102840430,-,False,False,False,
PAH,NM_000277.3,416,P,Q,CCA,2,CAA,exact nucleotide concordance,558091,reviewed by expert panel,3,Phenylketonuria,True,False,47,chr12,102840468,-,False,False,False,
DHCR7,NM_001360.3,287,N,K,AAC,3,AAA,exact nucleotide concordance,558708,"criteria provided, single submitter",1,Smith-Lemli-Opitz syndrome|DHCR7-related disorder,False,False,29,chr11,71437914,-,True,False,True,WildType
PAH,NM_000277.3,382,F,L,TTC,3,TTA,different-position convergence,556882,reviewed by expert panel,3,Phenylketonuria,True,False,55,chr12,102843701,-,False,False,False,
PCCA,NM_000282.4,220,A,D,GCC,2,GAC,exact nucleotide concordance,553867,"criteria provided, multiple submitters, no conflicts",2,Propionic acidemia,True,False,21,chr13,100257616,+,True,False,True,WildType
MYO7A,NM_000260.4,397,A,D,GCC,2,GAC,exact nucleotide concordance,553245,"criteria provided, multiple submitters, no conflicts",2,not provided|Retinal dystrophy|Usher syndrome type 1|Autosomal recessive nonsyndromic hearing loss 2;Usher syndrome type 1;Autosomal dominant nonsyndromic hearing loss 11|Usher syndrome type 1B,True,False,10,chr11,77160272,+,False,False,False,
MYO7A,NM_000260.4,1204,P,T,CCC,1,ACC,exact nucleotide concordance,556065,"criteria provided, multiple submitters, no conflicts",2,Autosomal recessive nonsyndromic hearing loss 2;Usher syndrome type 1|not provided|Autosomal recessive nonsyndromic hearing loss 2;Usher syndrome type 1;Autosomal dominant nonsyndromic hearing loss 11|Usher syndrome type 1B,True,False,20,chr11,77189450,+,True,False,True,Vivo
DHCR7,NM_001360.3,404,R,S,CGC,1,AGC,exact nucleotide concordance,552797,"criteria provided, multiple submitters, no conflicts",2,Smith-Lemli-Opitz syndrome,True,False,218,chr11,71435593,-,False,False,False,
TGM1,NM_000359.3,358,S,R,AGC,3,AGA,"same-position, alternate-base convergence",553856,"criteria provided, multiple submitters, no conflicts",2,Autosomal recessive congenital ichthyosis 1|not provided|Lamellar ichthyosis,True,False,85,chr14,24259160,-,True,False,True,Vivo;WildType
GJB2,NM_004004.6,32,R,S,CGC,1,AGC,exact nucleotide concordance,550195,"criteria provided, multiple submitters, no conflicts",2,Autosomal recessive nonsyndromic hearing loss 1A|8 conditions|not provided,True,False,93,chr13,20189488,-,False,False,False,
SERPINA1,NM_000295.5,39,H,N,CAC,1,AAC,exact nucleotide concordance,555691,"criteria provided, single submitter",1,Alpha-1-antitrypsin deficiency,False,False,114,chr14,94383123,-,True,False,True,Vitro
ASPA,NM_000049.4,183,P,H,CCT,2,CAT,exact nucleotide concordance,554010,"criteria provided, multiple submitters, no conflicts",2,Spongy degeneration of central nervous system,True,False,21,chr17,3489256,+,False,False,False,
PMM2,NM_000303.3,206,F,L,TTC,3,TTA,exact nucleotide concordance,556280,"criteria provided, single submitter",1,PMM2-congenital disorder of glycosylation,False,False,21,chr16,8813085,+,True,False,True,WildType
G6PC1,NM_000151.4,264,N,K,AAC,3,AAA,exact nucleotide concordance,555193,"criteria provided, single submitter",1,Glycogen storage disease due to glucose-6-phosphatase deficiency type IA,False,False,229,chr17,42911144,+,True,False,True,Vitro;Vivo;WildType
GAA,NM_000152.5,570,N,K,AAC,3,AAA,"same-position, alternate-base convergence",555153,reviewed by expert panel,3,"Glycogen storage disease, type II|not provided",True,False,44,chr17,80112056,+,False,True,True,
NPC1,NM_000271.5,1087,F,L,TTC,3,TTA,different-position convergence,555143,"criteria provided, multiple submitters, no conflicts",2,"Niemann-Pick disease, type C1|Niemann-Pick disease, type C|not provided",True,False,13,chr18,23535687,-,True,False,True,
GAA,NM_000152.5,599,S,Y,TCC,2,TAC,exact nucleotide concordance,551558,reviewed by expert panel,3,"Glycogen storage disease, type II|not provided",True,False,41,chr17,80112619,+,False,True,True,
GAA,NM_000152.5,619,S,R,AGC,3,AGA,"same-position, alternate-base convergence",550825,reviewed by expert panel,3,"Glycogen storage disease, type II",True,False,31,chr17,80112680,+,False,False,False,
SGSH,NM_000199.5,389,N,K,AAC,3,AAA,exact nucleotide concordance,550465,"criteria provided, multiple submitters, no conflicts",2,"Mucopolysaccharidosis, MPS-III-A|not provided",True,False,217,chr17,80210794,-,False,False,False,
NPC1,NM_000271.5,1150,N,K,AAC,3,AAA,exact nucleotide concordance,551573,"criteria provided, single submitter",1,"Niemann-Pick disease, type C1",False,False,27,chr18,23535496,-,False,False,False,
AIRE,NM_000383.4,58,A,D,GCC,2,GAC,exact nucleotide concordance,556161,"criteria provided, single submitter",1,"Polyglandular autoimmune syndrome, type 1",False,False,40,chr21,44286597,+,False,False,False,
GCDH,NM_000159.4,146,S,Y,TCC,2,TAC,exact nucleotide concordance,555251,"criteria provided, single submitter",1,"Glutaric aciduria, type 1",False,False,68,chr19,12893585,+,False,False,False,
GCDH,NM_000159.4,291,N,K,AAC,3,AAA,exact nucleotide concordance,554513,"criteria provided, multiple submitters, no conflicts",2,"Glutaric aciduria, type 1",True,False,20,chr19,12896930,+,False,False,False,
MLC1,NM_015166.4,275,A,D,GCC,2,GAC,exact nucleotide concordance,554164,"criteria provided, multiple submitters, no conflicts",2,Megalencephalic leukoencephalopathy with subcortical cysts 1|not provided|Megalencephalic leukoencephalopathy with subcortical cysts,True,False,52,chr22,50068503,-,False,False,False,
TAFAZZIN,NM_000116.5,69,H,Q,CAC,3,CAA,"same-position, alternate-base convergence",559335,no assertion criteria provided,0,not provided,False,False,31,chrX,154412183,+,False,False,False,
DST,NM_001374736.1,203,A,E,GCA,2,GAA,exact nucleotide concordance,559660,no assertion criteria provided,0,Hereditary sensory and autonomic neuropathy type 6,False,False,17,chr6,56851414,-,True,False,True,Vitro;Vivo;WildType
ARSB,NM_000046.5,399,F,L,TTC,3,TTA,"same-position, alternate-base convergence",559688,"criteria provided, multiple submitters, no conflicts",2,Mucopolysaccharidosis type 6,True,False,16,chr5,78839372,-,True,False,True,WildType
ARSB,NM_000046.5,301,N,K,AAC,3,AAA,"same-position, alternate-base convergence",559821,"criteria provided, single submitter",1,Mucopolysaccharidosis type 6,False,False,4,chr5,78885823,-,True,False,True,Vivo;WildType
ARSB,NM_000046.5,92,T,K,ACG,2,AAG,exact nucleotide concordance,559758,"criteria provided, multiple submitters, no conflicts",2,Mucopolysaccharidosis type 6|ARSB-related disorder|not provided,True,False,37,chr5,78984974,-,False,False,False,
ATP11C,NM_001353812.2,415,T,N,ACT,2,AAT,exact nucleotide concordance,560168,"criteria provided, single submitter",1,X-linked congenital hemolytic anemia,False,False,37,chrX,139789451,-,False,False,False,
CAMK2A,NM_015981.4,212,P,Q,CCG,2,CAG,exact nucleotide concordance,560171,"criteria provided, single submitter",1,"Intellectual disability, autosomal dominant 53",False,False,36,chr5,150251808,-,True,True,True,Vitro;WildType
BCL11B,NM_138576.4,807,N,K,AAC,3,AAA,"same-position, alternate-base convergence",560174,"criteria provided, multiple submitters, no conflicts",2,"Immunodeficiency 49|Intellectual developmental disorder with speech delay, dysmorphic facies, and t-cell abnormalities|not provided",True,False,264,chr14,99174415,-,False,False,False,
KCNK4,NM_033310.3,172,A,E,GCG,2,GAG,exact nucleotide concordance,560221,"criteria provided, multiple submitters, no conflicts",2,"Intellectual disability;Abnormal facial shape;Gingival overgrowth;Generalized hypertrichosis;Seizure|Facial dysmorphism, hypertrichosis, epilepsy, intellectual/developmental delay, and gingival overgrowth syndrome",True,False,40,chr11,64297507,+,True,False,True,Vitro;Vivo;WildType
CYP4F22,NM_173483.4,59,F,L,TTC,3,TTA,"same-position, alternate-base convergence",560326,"criteria provided, multiple submitters, no conflicts",2,Autosomal recessive congenital ichthyosis 5|CYP4F22-related disorder|not provided|Lamellar ichthyosis,True,False,45,chr19,15525513,+,True,False,True,Vivo;WildType
CYP4F22,NM_173483.4,388,T,K,ACA,2,AAA,exact nucleotide concordance,560322,no assertion criteria provided,0,Autosomal recessive congenital ichthyosis 5,False,False,26,chr19,15548134,+,True,False,True,Vitro;Vivo;WildType
CYP4F22,NM_173483.4,496,F,L,TTC,3,TTA,"same-position, alternate-base convergence",560314,"criteria provided, single submitter",1,Autosomal recessive congenital ichthyosis 5|Lamellar ichthyosis,False,False,69,chr19,15551363,+,True,False,True,Vitro
GPSM2,NM_013296.5,46,F,L,TTC,3,TTA,exact nucleotide concordance,560890,no assertion criteria provided,0,"Deafness|Hearing loss, autosomal recessive",False,False,81,chr1,108896945,+,False,False,False,
TMC1,NM_138691.3,576,N,K,AAC,3,AAA,"same-position, alternate-base convergence",560915,no assertion criteria provided,0,"Deafness|Hearing loss, autosomal recessive",False,False,32,chr9,72816175,+,True,False,True,WildType
MYO7A,NM_000260.4,83,R,S,CGC,1,AGC,exact nucleotide concordance,560896,"criteria provided, multiple submitters, no conflicts",2,"Deafness|Rare genetic deafness|Hearing loss, autosomal recessive|Usher syndrome type 1B",True,False,38,chr11,77147912,+,False,False,False,
PTPN11,NM_002834.5,256,Q,K,CAA,1,AAA,exact nucleotide concordance,561501,"criteria provided, multiple submitters, no conflicts",2,not provided|RASopathy,True,False,9,chr12,112472953,+,False,False,False,
MCM3AP,NM_003906.5,867,A,D,GCT,2,GAT,exact nucleotide concordance,562051,no assertion criteria provided,0,"Peripheral neuropathy, autosomal recessive, with or without impaired intellectual development",False,False,28,chr21,46270429,-,True,False,True,Vivo
PCDH15,NM_001384140.1,263,P,Q,CCA,2,CAA,exact nucleotide concordance,562080,no assertion criteria provided,0,"Autosomal recessive nonsyndromic hearing loss 23|Hearing loss, autosomal recessive",False,False,82,chr10,54317359,-,False,False,False,
CARMIL2,NM_001013838.3,530,N,K,AAC,3,AAA,exact nucleotide concordance,562177,"criteria provided, multiple submitters, no conflicts",2,Combined immunodeficiency;Chronic colitis|Severe combined immunodeficiency due to CARMIL2 deficiency,False,True,1,chr16,67648973,+,True,False,True,WildType
POMT1,NM_001077365.2,148,T,N,ACT,2,AAT,exact nucleotide concordance,562183,"criteria provided, single submitter",1,"Muscular dystrophy-dystroglycanopathy (congenital with intellectual disability), type B1",False,False,15,chr9,131508926,+,True,False,True,WildType
TUBA1A,NM_006009.4,107,H,Q,CAC,3,CAA,"same-position, alternate-base convergence",562207,"criteria provided, single submitter",1,Lissencephaly due to TUBA1A mutation,False,False,54,chr12,49186364,-,True,False,True,Vivo
OCRL,NM_000276.4,318,R,S,CGC,1,AGC,exact nucleotide concordance,562272,no assertion criteria provided,0,"not provided|Thyroid cancer, nonmedullary, 1",False,False,12,chrX,129562396,+,False,False,False,
PKD1,NM_001009944.3,3186,H,Q,CAC,3,CAA,"same-position, alternate-base convergence",562336,no assertion criteria provided,0,not provided,False,False,10,chr16,2100406,-,True,False,True,Vivo
LRIG2,NM_014813.3,523,S,R,AGC,3,AGA,exact nucleotide concordance,562386,no assertion criteria provided,0,not provided,False,False,91,chr1,113110333,+,True,False,True,WildType
UMOD,NM_003361.4,85,N,K,AAC,3,AAA,exact nucleotide concordance,562434,no assertion criteria provided,0,not provided,False,False,166,chr16,20349046,-,True,False,True,WildType
SCN1A,NM_001165963.4,141,N,K,AAC,3,AAA,exact nucleotide concordance,583385,"criteria provided, single submitter",1,Early-infantile DEE,False,False,39,chr2,166056461,-,False,False,False,
SCN1A,NM_001165963.4,104,A,D,GCC,2,GAC,exact nucleotide concordance,567303,"criteria provided, multiple submitters, no conflicts",2,Severe myoclonic epilepsy in infancy|Early-infantile DEE,True,False,46,chr2,166058642,-,True,False,True,WildType
GJA8,NM_005267.5,51,D,E,GAC,3,GAA,"same-position, alternate-base convergence",574353,"criteria provided, single submitter",1,Cataract 1 multiple types,False,False,152,chr1,147908108,+,False,False,False,
KIF1A,NM_001244008.2,250,A,D,GCT,2,GAT,exact nucleotide concordance,580199,"criteria provided, single submitter",1,"Neuropathy, hereditary sensory, type 2C;Intellectual disability, autosomal dominant 9;Hereditary spastic paraplegia 30",False,False,28,chr2,240783788,-,False,False,False,
SLC6A1,NM_003042.4,459,S,R,AGC,3,AGA,"same-position, alternate-base convergence",570384,"criteria provided, multiple submitters, no conflicts",2,Epilepsy with myoclonic atonic seizures,True,False,49,chr3,11031230,+,True,False,True,WildType
SCN1A,NM_001165963.4,999,N,K,AAC,3,AAA,"same-position, alternate-base convergence",580287,"criteria provided, single submitter",1,Early-infantile DEE,False,False,50,chr2,166036480,-,True,False,True,WildType
GBE1,NM_000158.4,261,S,R,AGC,3,AGA,"same-position, alternate-base convergence",567213,"criteria provided, single submitter",1,"Glycogen storage disease, type IV;Glycogen storage disease IV, classic hepatic",False,True,0,chr3,81642990,-,False,False,False,
CFTR,NM_000492.4,205,P,T,CCT,1,ACT,exact nucleotide concordance,582431,"criteria provided, multiple submitters, no conflicts",2,Cystic fibrosis|CFTR-related disorder,True,False,33,chr7,117535281,+,True,False,True,WildType
TP63,NM_001114980.2,166,P,H,CCT,2,CAT,exact nucleotide concordance,572273,"criteria provided, single submitter",1,TP63-Related Spectrum Disorders,False,False,12,chr3,189808444,+,False,False,False,
KMT2D,NM_003482.4,1453,H,Q,CAC,3,CAA,"same-position, alternate-base convergence",565471,"criteria provided, single submitter",1,Kabuki syndrome,False,False,59,chr12,49046668,-,True,False,True,WildType
GABRB3,NM_000814.6,253,P,H,CCC,2,CAC,exact nucleotide concordance,582321,"criteria provided, single submitter",1,"Epilepsy, childhood absence, susceptibility to, 5;Epilepsy, childhood absence, susceptibility to, 1",False,False,75,chr15,26567658,-,True,False,True,Vivo
GCH1,NM_000161.3,94,T,K,ACG,2,AAG,exact nucleotide concordance,568970,"criteria provided, single submitter",1,Dystonia 5;GTP cyclohydrolase I deficiency,False,False,62,chr14,54902383,-,False,False,False,
TGFBR1,NM_004612.4,287,S,Y,TCC,2,TAC,exact nucleotide concordance,575933,"criteria provided, single submitter",1,Familial thoracic aortic aneurysm and aortic dissection,False,False,54,chr9,99142590,+,False,False,False,
SCN4A,NM_000334.4,1481,A,D,GCC,2,GAC,exact nucleotide concordance,576206,"criteria provided, single submitter",1,Hyperkalemic periodic paralysis|SCN4A-related non-dystrophic myotonia,False,False,153,chr17,63941840,-,False,False,False,
TP53,NM_000546.6,178,H,Q,CAC,3,CAA,exact nucleotide concordance,575702,"criteria provided, multiple submitters, no conflicts",2,Li-Fraumeni syndrome|Hereditary cancer-predisposing syndrome|Hereditary breast ovarian cancer syndrome,True,False,25,chr17,7675078,-,True,False,True,Vitro;WildType
TTR,NM_000371.4,39,A,D,GCT,2,GAT,exact nucleotide concordance,565560,"criteria provided, multiple submitters, no conflicts",2,"Amyloidosis, hereditary systemic 1|Cardiovascular phenotype",True,False,46,chr18,31592942,+,True,False,True,Vitro
RYR1,NM_000540.3,4194,F,L,TTC,3,TTA,different-position convergence,578395,"criteria provided, multiple submitters, no conflicts",2,RYR1-related disorder|not provided,True,False,44,chr19,38561410,+,False,False,False,
MEN1,NM_001370259.2,284,A,E,GCA,2,GAA,exact nucleotide concordance,573892,"criteria provided, single submitter",1,"Multiple endocrine neoplasia, type 1",False,False,26,chr11,64807072,-,True,False,True,Vitro;Vivo;WildType
GLA,NM_000169.3,250,Q,K,CAG,1,AAG,exact nucleotide concordance,570948,"criteria provided, single submitter",1,Fabry disease,False,False,53,chrX,101398838,-,False,True,True,
GJB1,NM_000166.6,180,F,L,TTC,3,TTA,"same-position, alternate-base convergence",578250,"criteria provided, multiple submitters, no conflicts",2,Charcot-Marie-Tooth Neuropathy X|not provided|Charcot-Marie-Tooth disease,True,False,312,chrX,71224247,+,True,False,True,Vivo
LDLR,NM_000527.5,403,F,L,TTC,3,TTA,exact nucleotide concordance,565474,"criteria provided, single submitter",1,Familial hypercholesterolemia,False,False,22,chr19,11113300,+,True,False,True,Vitro
KCNQ2,NM_172107.4,258,N,K,AAC,3,AAA,"same-position, alternate-base convergence",566350,"criteria provided, single submitter",1,"Developmental and epileptic encephalopathy, 7|Seizures, benign familial neonatal, 1|Early-infantile DEE",False,False,42,chr20,63442448,-,True,False,True,Vivo;WildType
DKC1,NM_001363.5,50,S,Y,TCT,2,TAT,exact nucleotide concordance,574416,"criteria provided, single submitter",1,Dyskeratosis congenita,False,False,22,chrX,154765508,+,True,False,True,Vitro;Vivo
IL2RG,NM_000206.3,225,S,R,AGC,3,AGA,"same-position, alternate-base convergence",566632,"criteria provided, single submitter",1,X-linked severe combined immunodeficiency,False,False,80,chrX,71109310,-,True,False,True,Vivo
ATP6V1A,NM_001690.4,375,P,T,CCA,1,ACA,exact nucleotide concordance,584428,"criteria provided, single submitter",1,Developmental and epileptic encephalopathy 93,False,False,11,chr3,113795101,+,False,False,False,
BBS1,NM_024649.5,375,S,R,AGC,3,AGA,"same-position, alternate-base convergence",585170,"criteria provided, single submitter",1,Bardet-Biedl syndrome,False,False,14,chr11,66526137,+,True,False,True,Vivo;WildType
PRKN,NM_004562.3,415,T,N,ACC,2,AAC,exact nucleotide concordance,586380,"criteria provided, single submitter",1,not provided,False,False,41,chr6,161360129,-,False,False,False,
GCK,NM_000162.5,43,R,S,CGC,1,AGC,exact nucleotide concordance,585910,"criteria provided, multiple submitters, no conflicts",2,not provided,True,False,81,chr7,44153382,-,True,False,True,Vivo
HNF1A,NM_000545.8,209,A,E,GCA,2,GAA,exact nucleotide concordance,586794,reviewed by expert panel,3,not provided|not specified|Maturity-onset diabetes of the young type 3|Monogenic diabetes|Maturity-onset diabetes of the young|HNF1A-related disorder,True,False,87,chr12,120993619,+,True,False,True,WildType
SUCLA2,NM_003850.3,103,A,D,GCT,2,GAT,exact nucleotide concordance,586919,"criteria provided, single submitter",1,not provided,False,False,36,chr13,47988945,-,True,False,True,Vivo
PSEN1,NM_000021.4,212,S,Y,TCC,2,TAC,exact nucleotide concordance,586386,"criteria provided, multiple submitters, no conflicts",2,"not provided|Alzheimer disease 3;Pick disease;Frontotemporal dementia;Acne inversa, familial, 3",True,False,86,chr14,73192730,+,False,False,False,
SOD1,NM_000454.5,140,N,K,AAC,3,AAA,exact nucleotide concordance,586635,"criteria provided, multiple submitters, no conflicts",2,not provided|Amyotrophic lateral sclerosis type 1,True,False,45,chr21,31668533,+,True,False,True,Vitro;WildType
RNPC3,NM_017619.4,474,P,T,CCT,1,ACT,exact nucleotide concordance,587367,no assertion criteria provided,0,"Isolated growth hormone deficiency, type 5|Decreased response to growth hormone stimulation test",False,False,58,chr1,103550999,+,False,False,False,
BTD,NM_001370658.1,174,F,L,TTC,3,TTA,"same-position, alternate-base convergence",587716,"criteria provided, multiple submitters, no conflicts",2,Biotinidase deficiency,True,False,122,chr3,15644438,+,False,False,False,
SCN1A,NM_001165963.4,218,F,L,TTC,3,TTA,different-position convergence,587828,"criteria provided, multiple submitters, no conflicts",2,not provided|Inborn genetic diseases|Early-infantile DEE,True,False,42,chr2,166052894,-,False,False,False,
SYT1,NM_005639.3,366,D,E,GAC,3,GAA,exact nucleotide concordance,590280,"criteria provided, multiple submitters, no conflicts",2,Infantile hypotonia-oculomotor anomalies-hyperkinetic movements-developmental delay syndrome|SYT1-associated neurodevelopmental disorder,True,False,35,chr12,79448953,+,False,False,False,
SYT1,NM_005639.3,371,N,K,AAC,3,AAA,"same-position, alternate-base convergence",590281,"criteria provided, multiple submitters, no conflicts",2,SYT1-associated neurodevelopmental disorder|Infantile hypotonia-oculomotor anomalies-hyperkinetic movements-developmental delay syndrome,True,False,50,chr12,79448968,+,False,False,False,
NFKBIA,NM_020529.3,36,S,Y,TCC,2,TAC,exact nucleotide concordance,590308,no assertion criteria provided,0,Ectodermal dysplasia and immunodeficiency 2,False,False,106,chr14,35404538,-,False,False,False,
NFKBIA,NM_020529.3,32,S,R,AGC,3,AGA,"same-position, alternate-base convergence",590310,no assertion criteria provided,0,Ectodermal dysplasia and immunodeficiency 2,False,False,95,chr14,35404549,-,False,False,False,
RYR1,NM_000540.3,2345,S,R,AGC,3,AGA,"same-position, alternate-base convergence",590578,"criteria provided, multiple submitters, no conflicts",2,RYR1-related disorder|Central core myopathy,True,False,7,chr19,38499642,+,False,False,False,
GFAP,NM_002055.5,375,N,K,AAC,3,AAA,"same-position, alternate-base convergence",590968,"criteria provided, single submitter",1,Alexander disease,False,True,2,chr17,44911238,-,False,False,False,
SERPINH1,NM_001235.5,146,F,L,TTC,3,TTA,different-position convergence,591550,"criteria provided, single submitter",1,not provided,False,False,186,chr11,75566785,+,False,False,False,
LEPR,NM_002303.6,409,A,E,GCA,2,GAA,exact nucleotide concordance,596615,"criteria provided, single submitter",1,not provided,False,False,59,chr1,65601623,+,False,False,False,
PPP3CA,NM_000944.5,470,F,L,TTC,3,TTA,different-position convergence,599240,no assertion criteria provided,0,"Arthrogryposis, cleft palate, craniosynostosis, and impaired intellectual development",False,False,38,chr4,101026023,-,False,False,False,
PDZRN3,NM_015009.3,701,S,R,AGC,3,AGA,different-position convergence,599577,no assertion criteria provided,0,Short stature,False,False,465,chr3,73384465,-,False,False,False,
SCN4A,NM_000334.4,670,S,Y,TCC,2,TAC,exact nucleotide concordance,617484,"criteria provided, single submitter",1,Potassium-aggravated myotonia,False,False,10,chr17,63959275,-,True,False,True,Vitro;WildType
DHTKD1,NM_018706.7,515,P,T,CCA,1,ACA,exact nucleotide concordance,617591,"criteria provided, single submitter",1,Charcot-Marie-Tooth disease axonal type 2Q,False,False,128,chr10,12097868,+,True,False,True,Vitro;WildType
NALCN,NM_052867.4,600,D,E,GAC,3,GAA,exact nucleotide concordance,617637,no assertion criteria provided,0,"Congenital contractures of the limbs and face, hypotonia, and developmental delay",False,False,35,chr13,101176339,-,False,False,False,
ETHE1,NM_014297.5,27,Q,K,CAG,1,AAG,exact nucleotide concordance,617791,"criteria provided, multiple submitters, no conflicts",2,Ethylmalonic encephalopathy|not provided,False,True,2,chr19,43527099,-,False,False,False,
PNPLA1,NM_001374623.1,129,D,E,GAC,3,GAA,exact nucleotide concordance,617846,"criteria provided, multiple submitters, no conflicts",2,Ichthyosis|Autosomal recessive congenital ichthyosis 10|Autosomal recessive congenital ichthyosis|not provided|Ichthyosis and erythrokeratoderma,True,False,51,chr6,36291501,+,True,False,True,WildType
OCA2,NM_000275.3,787,A,E,GCG,2,GAG,exact nucleotide concordance,617809,no assertion criteria provided,0,Nonsyndromic Oculocutaneous Albinism,False,False,21,chr15,27845031,-,False,False,False,
SLTM,NM_024755.4,867,P,H,CCT,2,CAT,exact nucleotide concordance,617857,no assertion criteria provided,0,Jeune thoracic dystrophy,False,False,90,chr15,58887316,-,True,False,True,Vitro;Vivo
DUOX2,NM_001363711.2,649,A,E,GCG,2,GAG,exact nucleotide concordance,617814,"criteria provided, multiple submitters, no conflicts",2,Nongoitrous Euthyroid Hyperthyrotropinemia|Thyroid dyshormonogenesis 6|not provided,False,True,0,chr15,45106327,-,True,False,True,Vitro;Vivo;WildType
ZBTB20,NM_001348800.3,600,H,Q,CAC,3,CAA,"same-position, alternate-base convergence",618973,no assertion criteria provided,0,Primrose syndrome,False,False,4,chr3,114350278,-,False,False,False,
MYH7,NM_000257.4,655,L,M,CTG,1,ATG,exact nucleotide concordance,619177,"criteria provided, single submitter",1,Dilated cardiomyopathy 1S,False,False,6,chr14,23426858,-,False,False,False,
POLG,NM_002693.3,863,S,R,AGC,3,AGA,"same-position, alternate-base convergence",619328,"criteria provided, single submitter",1,Progressive sclerosing poliodystrophy,False,False,9,chr15,89321745,-,True,False,True,WildType
POLG,NM_002693.3,754,H,Q,CAC,3,CAA,"same-position, alternate-base convergence",619324,"criteria provided, multiple submitters, no conflicts",2,Progressive sclerosing poliodystrophy|POLG-related disorder,False,True,3,chr15,89323407,-,False,False,False,
MLH1,NM_000249.4,44,S,Y,TCC,2,TAC,exact nucleotide concordance,619504,"criteria provided, multiple submitters, no conflicts",2,"Lynch syndrome|Hereditary cancer-predisposing syndrome|Colorectal cancer, hereditary nonpolyposis, type 2",True,False,14,chr3,36996633,+,False,False,False,
ACTB,NM_001101.5,73,H,Q,CAC,3,CAA,"same-position, alternate-base convergence",620046,"criteria provided, single submitter",1,Baraitser-Winter syndrome 1;Developmental malformations-deafness-dystonia syndrome,False,False,95,chr7,5529305,-,False,False,False,
FA2H,NM_024306.5,69,H,Q,CAC,3,CAA,"same-position, alternate-base convergence",623362,"criteria provided, single submitter",1,Hereditary spastic paraplegia 35,False,False,63,chr16,74774549,-,False,False,False,
MYRF,NM_001127392.3,400,N,K,AAC,3,AAA,exact nucleotide concordance,623659,"criteria provided, single submitter",1,not provided,False,False,84,chr11,61774051,+,True,False,True,Vivo
ABCA4,NM_000350.3,1357,A,E,GCG,2,GAG,exact nucleotide concordance,623693,"criteria provided, multiple submitters, no conflicts",2,not provided|Severe early-childhood-onset retinal dystrophy|Retinitis pigmentosa,True,False,58,chr1,94031836,-,True,False,True,WildType
SYNGAP1,NM_006772.3,842,S,Y,TCC,2,TAC,exact nucleotide concordance,624244,"criteria provided, single submitter",1,not provided,False,False,188,chr6,33443077,+,False,False,False,
AUTS2,NM_015570.4,529,H,Q,CAC,3,CAA,"same-position, alternate-base convergence",624282,"criteria provided, single submitter",1,not provided,False,False,102,chr7,70766232,+,True,False,True,WildType
PIK3R2,NM_005027.4,352,F,L,TTC,3,TTA,"same-position, alternate-base convergence",625283,"criteria provided, single submitter",1,Megalencephaly-polymicrogyria-polydactyly-hydrocephalus syndrome 1,False,False,45,chr19,18162453,+,True,False,True,WildType
RHO,NM_000539.3,180,P,T,CCC,1,ACC,exact nucleotide concordance,625303,"criteria provided, multiple submitters, no conflicts",2,Retinitis pigmentosa 4|not provided,True,False,7,chr3,129532258,+,True,False,True,Vitro;Vivo
SLC13A3,NM_022829.6,254,A,D,GCC,2,GAC,exact nucleotide concordance,625424,no assertion criteria provided,0,"Leukoencephalopathy, acute reversible, with increased urinary alpha-ketoglutarate",False,False,33,chr20,46596190,-,True,False,True,WildType
BBS2,NM_031885.5,354,N,K,AAC,3,AAA,"same-position, alternate-base convergence",625448,"criteria provided, multiple submitters, no conflicts",2,Bardet-Biedl syndrome,True,False,18,chr16,56502335,-,True,False,True,Vivo
TUBA1A,NM_006009.4,127,D,E,GAC,3,GAA,exact nucleotide concordance,625521,"criteria provided, single submitter",1,Tubulinopathy,False,False,5,chr12,49185985,-,True,False,True,Vivo
TUBA1A,NM_006009.4,2,R,S,CGT,1,AGT,exact nucleotide concordance,625482,"criteria provided, single submitter",1,Tubulinopathy,False,True,0,chr12,49186833,-,True,False,True,WildType
CDK13,NM_003718.5,749,A,E,GCA,2,GAA,exact nucleotide concordance,625525,no assertion criteria provided,0,"Congenital heart defects, dysmorphic facial features, and intellectual developmental disorder",False,False,63,chr7,40001924,+,True,False,True,WildType
TBX5,NM_181486.4,85,P,T,CCC,1,ACC,exact nucleotide concordance,626359,no assertion criteria provided,0,6 conditions,False,False,10,chr12,114399622,-,True,False,True,Vivo;WildType
SERPINC1,NM_000488.4,439,P,T,CCT,1,ACT,exact nucleotide concordance,627228,reviewed by expert panel,3,Abnormal thrombosis|Hereditary antithrombin deficiency,True,False,80,chr1,173903969,-,False,False,False,
PROC,NM_000312.4,340,T,K,ACG,2,AAG,exact nucleotide concordance,627190,"criteria provided, single submitter",1,Reduced protein C activity,False,False,222,chr2,127428579,+,False,False,False,
FGA,NM_021871.4,35,R,S,CGT,1,AGT,exact nucleotide concordance,627196,"criteria provided, single submitter",1,Hypofibrinogenemia,False,False,48,chr4,154589514,-,False,False,False,
F13A1,NM_000129.4,296,S,R,AGC,3,AGA,"same-position, alternate-base convergence",627157,"criteria provided, single submitter",1,"Factor XIII, A subunit, deficiency of",False,False,85,chr6,6224771,-,True,False,True,Vivo;WildType
VWF,NM_000552.5,1369,F,L,TTC,3,TTA,different-position convergence,627303,"criteria provided, single submitter",1,Hereditary von Willebrand disease,False,False,430,chr12,6019313,-,False,False,False,
VWF,NM_000552.5,1105,A,D,GCT,2,GAT,exact nucleotide concordance,626953,"criteria provided, single submitter",1,Abnormality of coagulation,False,False,65,chr12,6023696,-,True,False,True,Vitro
MYH9,NM_002473.6,702,R,S,CGT,1,AGT,exact nucleotide concordance,627035,"criteria provided, single submitter",1,MYH9-related disorder,False,False,55,chr22,36305985,-,False,False,False,
F8,NM_000132.4,2311,P,H,CCT,2,CAT,exact nucleotide concordance,627123,"criteria provided, multiple submitters, no conflicts",2,Abnormality of coagulation|Hereditary factor VIII deficiency disease|not provided,True,False,31,chrX,154837721,-,False,False,False,
F8,NM_000132.4,186,D,E,GAC,3,GAA,exact nucleotide concordance,627182,"criteria provided, single submitter",1,Hereditary factor IX deficiency disease,False,False,43,chrX,154992979,-,False,False,False,
MYO15A,NM_016239.4,202,P,H,CCC,2,CAC,exact nucleotide concordance,627453,no assertion criteria provided,0,Autosomal recessive nonsyndromic hearing loss 3,False,False,604,chr17,18119405,+,False,False,False,
SLC45A2,NM_016180.5,50,A,E,GCG,2,GAG,exact nucleotide concordance,627608,no assertion criteria provided,0,Oculocutaneous albinism type 4,False,False,148,chr5,33984435,-,True,False,True,WildType
OCA2,NM_000275.3,487,P,H,CCT,2,CAT,exact nucleotide concordance,627602,no assertion criteria provided,0,Tyrosinase-positive oculocutaneous albinism,False,False,43,chr15,27983388,-,True,False,True,Vivo
GFPT1,NM_001244710.2,151,T,K,ACA,2,AAA,exact nucleotide concordance,631478,no assertion criteria provided,0,Congenital myasthenic syndrome 12,False,False,43,chr2,69358420,-,True,False,True,Vitro;Vivo
GAA,NM_000152.5,635,N,K,AAC,3,AAA,exact nucleotide concordance,632823,reviewed by expert panel,3,"Glycogen storage disease, type II",True,False,16,chr17,80112892,+,True,False,True,Vivo
MYT1L,NM_001303052.2,1026,R,S,CGC,1,AGC,exact nucleotide concordance,633557,"criteria provided, single submitter",1,not provided,False,False,4,chr2,1839153,-,False,False,False,
CELA2A,NM_033440.3,85,L,M,CTG,1,ATG,exact nucleotide concordance,633593,"criteria provided, multiple submitters, no conflicts",2,Coronary artery disorder;Hypertensive disorder;Diabetes;Hypertriglyceridemia|Abdominal obesity-metabolic syndrome 4,True,False,25,chr1,15462758,+,True,False,True,WildType
KCNB1,NM_004975.4,416,F,L,TTC,3,TTA,exact nucleotide concordance,633635,"criteria provided, multiple submitters, no conflicts",2,"Epileptic encephalopathy|Developmental and epileptic encephalopathy, 26",True,False,680,chr20,49374312,-,True,False,True,Vitro;WildType
KCNB1,NM_004975.4,377,T,N,ACT,2,AAT,exact nucleotide concordance,633628,"criteria provided, multiple submitters, no conflicts",2,"Epileptic encephalopathy|Developmental and epileptic encephalopathy, 26",True,False,562,chr20,49374430,-,True,False,True,Vivo
KCNB1,NM_004975.4,372,T,N,ACC,2,AAC,exact nucleotide concordance,633627,"criteria provided, single submitter",1,Intellectual disability,False,False,547,chr20,49374445,-,True,False,True,Vivo
CACNA1C,NM_000719.7,582,A,D,GCC,2,GAC,exact nucleotide concordance,633647,no assertion criteria provided,0,Long QT syndrome 8,False,False,75,chr12,2567644,+,False,False,False,
PNPLA1,NM_001374623.1,50,A,E,GCG,2,GAG,exact nucleotide concordance,633797,"criteria provided, multiple submitters, no conflicts",2,Autosomal recessive congenital ichthyosis 10,True,False,56,chr6,36270608,+,True,False,True,Vivo
TTN,NM_001267550.2,16429,N,K,AAC,3,AAA,exact nucleotide concordance,634902,"criteria provided, single submitter",1,Third degree atrioventricular block,False,False,58,chr2,178614110,-,False,False,False,
SLC25A11,NM_003562.5,239,P,T,CCT,1,ACT,exact nucleotide concordance,635126,no assertion criteria provided,0,Pheochromocytoma/paraganglioma syndrome 6,False,False,22,chr17,4938176,-,True,False,True,Vivo
NUBPL,NM_025152.3,242,F,L,TTC,3,TTA,"same-position, alternate-base convergence",635348,"criteria provided, single submitter",1,"Mitochondrial complex I deficiency, nuclear type 21",False,False,32,chr14,31846503,+,True,False,True,Vitro
SLC12A3,NM_001126108.2,469,A,D,GCC,2,GAC,exact nucleotide concordance,635424,no assertion criteria provided,0,Familial hypokalemia-hypomagnesemia,False,False,37,chr16,56879612,+,True,False,True,Vivo;WildType
HNF1B,NM_000458.4,302,N,K,AAC,3,AAA,exact nucleotide concordance,635626,"criteria provided, single submitter",1,Renal cysts and diabetes syndrome,False,False,96,chr17,37731734,-,False,False,False,
HNF1B,NM_000458.4,153,H,N,CAT,1,AAT,exact nucleotide concordance,635695,"criteria provided, single submitter",1,Renal cysts and diabetes syndrome,False,False,87,chr17,37739527,-,False,False,False,
MYBPC3,NM_000256.3,858,S,R,AGC,3,AGA,different-position convergence,635763,"criteria provided, single submitter",1,Left ventricular noncompaction 10|Left ventricular noncompaction cardiomyopathy,False,False,30,chr11,47337421,-,True,False,True,
IGF1R,NM_000875.5,1180,S,Y,TCT,2,TAT,exact nucleotide concordance,635847,"criteria provided, single submitter",1,Growth delay due to insulin-like growth factor I resistance,False,False,48,chr15,98943004,+,True,False,True,Vitro;Vivo;WildType
USH2A,NM_206933.4,4425,T,K,ACG,2,AAG,exact nucleotide concordance,636116,"criteria provided, single submitter",1,Retinitis pigmentosa|not provided,False,False,537,chr1,215674637,-,True,False,True,WildType
RHO,NM_000539.3,270,S,R,AGC,3,AGA,exact nucleotide concordance,636084,"criteria provided, multiple submitters, no conflicts",2,Retinitis pigmentosa|Retinitis pigmentosa 4|not provided|Retinal dystrophy,True,False,113,chr3,129532646,+,False,False,False,
BEST1,NM_004183.4,312,D,E,GAC,3,GAA,exact nucleotide concordance,636003,"criteria provided, single submitter",1,Vitelliform macular dystrophy 2|not provided,False,False,12,chr11,61959566,+,True,False,True,Vivo;WildType
CRB1,NM_201253.3,519,P,Q,CCA,2,CAA,exact nucleotide concordance,636166,no assertion criteria provided,0,Retinitis pigmentosa,False,False,384,chr1,197421384,+,True,False,True,WildType
USH2A,NM_206933.4,3116,P,T,CCC,1,ACC,exact nucleotide concordance,636228,"criteria provided, multiple submitters, no conflicts",2,Retinitis pigmentosa|not provided|Retinitis pigmentosa 39,True,False,25,chr1,215838016,-,True,False,True,Vivo
HACE1,NM_020771.4,101,P,H,CCC,2,CAC,exact nucleotide concordance,636307,"criteria provided, single submitter",1,Psychomotor retardation,False,False,24,chr6,104849166,-,False,False,False,
LMNA,NM_005572.4,206,F,L,TTC,3,TTA,exact nucleotide concordance,636395,"criteria provided, single submitter",1,Charcot-Marie-Tooth disease type 2,False,False,21,chr1,156134507,+,False,False,False,
NLRC4,NM_001199138.2,337,T,N,ACC,2,AAC,exact nucleotide concordance,636773,"criteria provided, single submitter",1,not provided,False,False,747,chr2,32250854,-,False,False,False,
MYH7,NM_000257.4,660,T,N,ACC,2,AAC,exact nucleotide concordance,636826,"criteria provided, multiple submitters, no conflicts",2,not provided|Hypertrophic cardiomyopathy|Cardiovascular phenotype|Hypertrophic cardiomyopathy 1,True,False,22,chr14,23426842,-,False,False,False,
GFAP,NM_002055.5,81,A,D,GCC,2,GAC,exact nucleotide concordance,637027,"criteria provided, single submitter",1,Alexander disease,False,False,219,chr17,44915245,-,False,False,False,
NAA10,NM_003491.4,39,P,T,CCC,1,ACC,exact nucleotide concordance,637034,"criteria provided, single submitter",1,Ogden syndrome,False,False,5,chrX,153934382,-,True,False,True,WildType
MPZ,NM_000530.8,65,T,N,ACC,2,AAC,exact nucleotide concordance,637928,"criteria provided, multiple submitters, no conflicts",2,"Charcot-Marie-Tooth disease|Charcot-Marie-Tooth disease type 1B|Charcot-Marie-Tooth disease, type I|not provided",True,False,40,chr1,161307298,-,True,False,True,Vivo;WildType
IGHMBP2,NM_002180.3,598,N,K,AAC,3,AAA,exact nucleotide concordance,637268,"criteria provided, single submitter",1,"Neuronopathy, distal hereditary motor, autosomal dominant|Autosomal recessive distal spinal muscular atrophy 1",False,False,37,chr11,68936274,+,True,False,True,WildType
GJB1,NM_000166.6,2,N,K,AAC,3,AAA,"same-position, alternate-base convergence",637157,"criteria provided, single submitter",1,Charcot-Marie-Tooth disease|not provided,False,False,5,chrX,71223713,+,False,False,False,
GJB1,NM_000166.6,69,F,L,TTC,3,TTA,different-position convergence,637244,"criteria provided, single submitter",1,Charcot-Marie-Tooth disease|Charcot-Marie-Tooth Neuropathy X,False,False,204,chrX,71223912,+,True,False,True,
GJB1,NM_000166.6,100,H,Q,CAC,3,CAA,"same-position, alternate-base convergence",637609,"criteria provided, single submitter",1,Charcot-Marie-Tooth disease|Charcot-Marie-Tooth Neuropathy X,False,False,299,chrX,71224007,+,True,False,True,Vitro;WildType
SCN5A,NM_000335.5,1487,T,K,ACA,2,AAA,exact nucleotide concordance,637991,"criteria provided, single submitter",1,Long QT syndrome 3,False,False,25,chr3,38555735,-,False,False,False,
PCCB,NM_000532.5,267,A,D,GCC,2,GAC,exact nucleotide concordance,638038,no assertion criteria provided,0,Propionic acidemia,False,False,36,chr3,136297988,+,True,False,True,WildType
COX6A2,NM_005205.4,39,S,R,AGC,3,AGA,exact nucleotide concordance,638271,"criteria provided, single submitter",1,"Mitochondrial complex IV deficiency, nuclear type 18",False,False,43,chr16,31428108,-,False,False,False,
NIPAL4,NM_001099287.2,251,N,K,AAC,3,AAA,"same-position, alternate-base convergence",638551,no assertion criteria provided,0,Autosomal recessive congenital ichthyosis 6,False,False,166,chr5,157472498,+,True,False,True,Vitro;Vivo
NIPAL4,NM_001099287.2,276,S,R,AGC,3,AGA,exact nucleotide concordance,638552,no assertion criteria provided,0,Autosomal recessive congenital ichthyosis 6,False,False,241,chr5,157472573,+,True,False,True,Vivo
POLR3A,NM_007055.4,775,N,K,AAC,3,AAA,"same-position, alternate-base convergence",638561,no assertion criteria provided,0,"Leukodystrophy, hypomyelinating, 7, with or without oligodontia and/or hypogonadotropic hypogonadism",False,False,34,chr10,78002231,-,True,False,True,Vitro
MYH7B,NM_020884.7,613,F,L,TTC,3,TTA,different-position convergence,638678,no assertion criteria provided,0,Hypertrophic cardiomyopathy 1,False,False,63,chr20,34990083,+,True,False,True,
ATP1A2,NM_000702.4,808,D,E,GAC,3,GAA,"same-position, alternate-base convergence",645609,"criteria provided, single submitter",1,Familial hemiplegic migraine,False,False,15,chr1,160135978,+,True,False,True,Vivo
ACTA1,NM_001100.4,274,A,E,GCG,2,GAG,exact nucleotide concordance,654415,"criteria provided, single submitter",1,Actin accumulation myopathy,False,False,12,chr1,229431890,-,False,False,False,
YARS1,NM_003680.4,167,P,T,CCC,1,ACC,exact nucleotide concordance,662296,"criteria provided, multiple submitters, no conflicts",2,"Charcot-Marie-Tooth disease dominant intermediate C|not provided|Neurologic, endocrine, and pancreatic disease, multisystem, infantile-onset 2",True,False,11,chr1,32806493,-,True,False,True,WildType
SLC2A1,NM_006516.4,422,F,L,TTC,3,TTA,different-position convergence,653107,"criteria provided, multiple submitters, no conflicts",2,"GLUT1 deficiency syndrome 1, autosomal recessive|Encephalopathy due to GLUT1 deficiency",True,False,14,chr1,42927619,-,True,False,True,
SCN1A,NM_001165963.4,1923,Q,K,CAG,1,AAG,exact nucleotide concordance,650819,"criteria provided, single submitter",1,Early-infantile DEE,False,False,263,chr2,165991508,-,False,False,False,
RAF1,NM_002880.4,260,T,K,ACA,2,AAA,exact nucleotide concordance,639302,"criteria provided, multiple submitters, no conflicts",2,RASopathy|Noonan syndrome 5,True,False,55,chr3,12604191,-,True,False,True,Vitro;WildType
GLB1,NM_000404.4,566,P,H,CCC,2,CAC,exact nucleotide concordance,645125,"criteria provided, single submitter",1,"GM1 gangliosidosis;Mucopolysaccharidosis, MPS-IV-B",False,False,37,chr3,33014093,-,False,False,False,
GABRG2,NM_198904.4,167,N,K,AAC,3,AAA,exact nucleotide concordance,651395,"criteria provided, multiple submitters, no conflicts",2,"EPILEPSY, CHILDHOOD ABSENCE, SUSCEPTIBILITY TO, 2;Febrile seizures, familial, 8|not provided",True,False,47,chr5,162097811,+,True,False,True,Vivo
COL1A2,NM_000089.4,1165,D,E,GAC,3,GAA,"same-position, alternate-base convergence",665269,"criteria provided, single submitter",1,"Osteogenesis imperfecta type I;Ehlers-Danlos syndrome, classic type, 1",False,False,31,chr7,94427854,+,True,False,True,Vitro;Vivo
KCNQ1,NM_000218.3,242,D,E,GAC,3,GAA,exact nucleotide concordance,665471,"criteria provided, multiple submitters, no conflicts",2,Long QT syndrome|not provided|Cardiovascular phenotype,True,False,42,chr11,2572055,+,False,False,False,
DHCR7,NM_001360.3,284,F,L,TTC,3,TTA,exact nucleotide concordance,658626,"criteria provided, multiple submitters, no conflicts",2,Smith-Lemli-Opitz syndrome|Inborn genetic diseases,True,False,20,chr11,71437923,-,True,False,True,WildType
MVK,NM_000431.4,20,H,N,CAT,1,AAT,exact nucleotide concordance,649235,"criteria provided, multiple submitters, no conflicts",2,"Mevalonic aciduria;Hyperimmunoglobulin D with periodic fever;Porokeratosis 3, disseminated superficial actinic type",True,False,20,chr12,109574880,+,True,False,True,Vitro;Vivo;WildType
MYH7,NM_000257.4,820,A,D,GCC,2,GAC,exact nucleotide concordance,657112,"criteria provided, multiple submitters, no conflicts",2,Hypertrophic cardiomyopathy|Cardiovascular phenotype,True,False,35,chr14,23424989,-,True,False,True,Vitro;Vivo;WildType
PSEN1,NM_000021.4,116,T,N,ACC,2,AAC,exact nucleotide concordance,659639,"criteria provided, multiple submitters, no conflicts",2,"Alzheimer disease 3;Acne inversa, familial, 3;Frontotemporal dementia;Pick disease|not provided",True,False,8,chr14,73173574,+,True,False,True,WildType
CAPN3,NM_000070.3,483,A,D,GCC,2,GAC,exact nucleotide concordance,661943,"criteria provided, multiple submitters, no conflicts",2,"Autosomal recessive limb-girdle muscular dystrophy type 2A|Muscular dystrophy, limb-girdle, autosomal dominant 4;Autosomal recessive limb-girdle muscular dystrophy type 2A",True,False,76,chr15,42401734,+,True,False,True,Vitro;Vivo;WildType
SLC12A3,NM_001126108.2,180,T,K,ACG,2,AAG,exact nucleotide concordance,648571,"criteria provided, multiple submitters, no conflicts",2,not provided|Familial hypokalemia-hypomagnesemia,True,False,33,chr16,56869762,+,True,False,True,WildType
NF1,NM_001042492.3,1683,N,K,AAC,3,AAA,"same-position, alternate-base convergence",655745,"criteria provided, single submitter",1,"Neurofibromatosis, type 1",False,False,213,chr17,31326033,+,False,False,False,
STAT3,NM_139276.3,437,H,Q,CAC,3,CAA,exact nucleotide concordance,664121,"criteria provided, single submitter",1,"STAT3 gain of function;Hyper-IgE recurrent infection syndrome 1, autosomal dominant",False,False,29,chr17,42326170,-,True,False,True,Vitro
SCN4A,NM_000334.4,1463,R,S,CGC,1,AGC,exact nucleotide concordance,654578,"criteria provided, multiple submitters, no conflicts",2,Hyperkalemic periodic paralysis|not provided,True,False,98,chr17,63941895,-,True,True,True,Vivo
SCN4A,NM_000334.4,270,Q,K,CAG,1,AAG,exact nucleotide concordance,657169,"criteria provided, single submitter",1,Hyperkalemic periodic paralysis,False,False,104,chr17,63968251,-,True,False,True,WildType
KCNJ2,NM_000891.3,186,P,Q,CCA,2,CAA,exact nucleotide concordance,652820,"criteria provided, single submitter",1,Andersen Tawil syndrome;Short QT syndrome type 3,False,False,556,chr17,70175596,+,False,False,False,
TP53,NM_000546.6,127,S,Y,TCC,2,TAC,exact nucleotide concordance,656751,reviewed by expert panel,3,Li-Fraumeni syndrome|Li-Fraumeni syndrome 1|Hereditary cancer-predisposing syndrome,True,False,4,chr17,7675232,-,True,False,True,Vitro;WildType
GCDH,NM_000159.4,433,A,E,GCG,2,GAG,exact nucleotide concordance,660506,"criteria provided, multiple submitters, no conflicts",2,"Glutaric aciduria, type 1",True,False,19,chr19,12899522,+,True,False,True,Vivo;WildType
PCDH19,NM_001184880.2,344,P,Q,CCG,2,CAG,exact nucleotide concordance,647613,"criteria provided, multiple submitters, no conflicts",2,"Developmental and epileptic encephalopathy, 9|not provided",True,False,1030,chrX,100407567,-,False,False,False,
KCNQ2,NM_172107.4,277,T,N,ACC,2,AAC,exact nucleotide concordance,665007,"criteria provided, single submitter",1,Early-infantile DEE,False,False,13,chr20,63439695,-,False,False,False,
RUNX1,NM_001754.5,105,H,Q,CAC,3,CAA,exact nucleotide concordance,666274,reviewed by expert panel,3,Hereditary thrombocytopenia and hematologic cancer predisposition syndrome,True,False,36,chr21,34886879,-,False,False,False,
PAX9,NM_001372076.1,17,N,K,AAC,3,AAA,"same-position, alternate-base convergence",666317,"criteria provided, single submitter",1,"Tooth agenesis, selective, 3",False,False,46,chr14,36662943,+,False,False,False,
ACAT1,NM_000019.4,225,A,E,GCA,2,GAA,exact nucleotide concordance,666495,"criteria provided, single submitter",1,Deficiency of acetyl-CoA acetyltransferase,False,False,56,chr11,108140159,+,False,False,False,
ACAT1,NM_000019.4,297,T,K,ACG,2,AAG,exact nucleotide concordance,666510,"criteria provided, multiple submitters, no conflicts",2,Deficiency of acetyl-CoA acetyltransferase,True,False,50,chr11,108142500,+,True,False,True,Vivo;WildType
FKBP10,NM_021939.4,36,P,T,CCG,1,ACG,exact nucleotide concordance,684394,"criteria provided, single submitter",1,Osteogenesis imperfecta type 11,False,False,105,chr17,41813140,+,True,False,True,Vitro
B9D2,NM_030578.4,5,H,Q,CAC,3,CAA,exact nucleotide concordance,684427,"criteria provided, single submitter",1,"Meckel syndrome, type 10",False,False,14,chr19,41363505,-,True,False,True,Vivo
PNPLA1,NM_001374623.1,31,A,D,GCT,2,GAT,exact nucleotide concordance,684637,no assertion criteria provided,0,Congenital ichthyosiform erythroderma,False,False,91,chr6,36270551,+,True,False,True,Vivo
AVIL,NM_006576.4,425,L,M,CTG,1,ATG,exact nucleotide concordance,684648,no assertion criteria provided,0,"Steroid-resistant nephrotic syndrome|Nephrotic syndrome, type 21",False,False,59,chr12,57807649,-,True,False,True,WildType
NALCN,NM_052867.4,1427,F,L,TTC,3,TTA,exact nucleotide concordance,684702,no assertion criteria provided,0,"Hypotonia, infantile, with psychomotor retardation and characteristic facies 1",False,False,49,chr13,101068744,-,False,False,False,
SOS2,NM_006939.4,264,T,K,ACA,2,AAA,exact nucleotide concordance,684626,"criteria provided, multiple submitters, no conflicts",2,Noonan syndrome|Noonan syndrome 9|RASopathy|not provided,True,False,67,chr14,50182530,-,True,False,True,Vitro
GABRA2,NM_000807.4,292,T,K,ACA,2,AAA,exact nucleotide concordance,689387,"criteria provided, single submitter",1,"Developmental and epileptic encephalopathy, 78|not provided",False,False,18,chr4,46262110,-,False,False,False,
GABRA2,NM_000807.4,325,F,L,TTC,3,TTA,exact nucleotide concordance,689390,no assertion criteria provided,0,"Developmental and epileptic encephalopathy, 78",False,False,84,chr4,46262010,-,False,False,False,
PIGU,NM_080476.5,383,N,K,AAC,3,AAA,exact nucleotide concordance,689724,no assertion criteria provided,0,Glycosylphosphatidylinositol biosynthesis defect 21,False,False,45,chr20,34575149,-,True,False,True,WildType
ALG1,NM_019109.5,367,H,Q,CAC,3,CAA,"same-position, alternate-base convergence",690316,no assertion criteria provided,0,Congenital disorder of glycosylation,False,False,28,chr16,5082587,+,False,False,False,
GRIN2A,NM_001134407.3,554,S,R,AGC,3,AGA,exact nucleotide concordance,691255,"criteria provided, multiple submitters, no conflicts",2,Intellectual disability|Landau-Kleffner syndrome,True,False,10,chr16,9834220,-,True,False,True,WildType
SLC26A4,NM_000441.2,410,T,K,ACG,2,AAG,exact nucleotide concordance,691512,"criteria provided, multiple submitters, no conflicts",2,Autosomal recessive nonsyndromic hearing loss 4|not provided,True,False,34,chr7,107690203,+,False,False,False,
NDUFAF8,NM_001086521.2,55,F,L,TTC,3,TTA,"same-position, alternate-base convergence",691641,"criteria provided, single submitter",1,"Mitochondrial disease|Mitochondrial complex I deficiency, nuclear type 34",False,False,30,chr17,81239648,+,False,False,False,
MYH7,NM_000257.4,428,A,D,GCC,2,GAC,exact nucleotide concordance,691837,"criteria provided, multiple submitters, no conflicts",2,Left ventricular noncompaction cardiomyopathy|not provided,True,False,25,chr14,23429079,-,True,False,True,Vitro;Vivo
GBA1,NM_000157.4,501,N,K,AAC,3,AAA,"same-position, alternate-base convergence",691989,"criteria provided, multiple submitters, no conflicts",2,Gaucher disease type II|not provided|Gaucher disease,False,True,2,chr1,155235197,-,True,False,True,WildType
ACTA1,NM_001100.4,163,H,Q,CAC,3,CAA,exact nucleotide concordance,692085,"criteria provided, single submitter",1,Actin accumulation myopathy,False,False,34,chr1,229432397,-,True,False,True,WildType
TPM2,NM_003289.4,103,Q,K,CAG,1,AAG,exact nucleotide concordance,692080,"criteria provided, single submitter",1,Distal arthrogryposis type 2B1,False,False,66,chr9,35685714,-,True,False,True,Vivo
PCDH19,NM_001184880.2,266,D,E,GAC,3,GAA,"same-position, alternate-base convergence",692247,"criteria provided, multiple submitters, no conflicts",2,"Developmental and epileptic encephalopathy, 9",True,False,797,chrX,100407800,-,True,False,True,Vivo;WildType
RYR1,NM_000540.3,612,A,D,GCT,2,GAT,exact nucleotide concordance,692290,"criteria provided, single submitter",1,Arthrogryposis multiplex congenita;Fetal akinesia deformation sequence 1,False,False,43,chr19,38457540,+,True,False,True,Vitro;Vivo
RYR1,NM_000540.3,2675,T,K,ACA,2,AAA,exact nucleotide concordance,692287,"criteria provided, multiple submitters, no conflicts",2,Arthrogryposis multiplex congenita;Fetal akinesia deformation sequence 1|Centronuclear myopathy,True,False,43,chr19,38504317,+,False,False,False,
ALS2,NM_020919.4,573,A,E,GCA,2,GAA,exact nucleotide concordance,694319,"criteria provided, multiple submitters, no conflicts",2,"Infantile-onset ascending hereditary spastic paralysis|Amyotrophic lateral sclerosis type 2, juvenile",True,False,19,chr2,201753165,-,True,False,True,WildType
TWNK,NM_021830.5,438,N,K,AAC,3,AAA,"same-position, alternate-base convergence",694434,"criteria provided, single submitter",1,Infantile onset spinocerebellar ataxia,False,False,70,chr10,100989714,+,True,False,True,Vivo;WildType
POLG,NM_002693.3,770,F,L,TTC,3,TTA,exact nucleotide concordance,694425,"criteria provided, single submitter",1,Progressive sclerosing poliodystrophy,False,False,44,chr15,89322858,-,True,False,True,Vitro;WildType
HBB,NM_000518.5,64,H,N,CAT,1,AAT,exact nucleotide concordance,694445,"criteria provided, multiple submitters, no conflicts",2,"HEMOGLOBIN HANA|METHEMOGLOBINEMIA, BETA TYPE|beta Thalassemia",True,False,97,chr11,5226702,-,True,False,True,Vitro;WildType
ZMIZ1,NM_020338.4,296,T,K,ACA,2,AAA,exact nucleotide concordance,694591,no assertion criteria provided,0,Neurodevelopmental disorder with dysmorphic facies and distal skeletal anomalies|Syndromic neurodevelopmental disorder,False,False,70,chr10,79292286,+,True,False,True,WildType
SMC3,NM_005445.4,127,S,R,AGC,3,AGA,"same-position, alternate-base convergence",695033,"criteria provided, multiple submitters, no conflicts",2,De Lange syndrome|Inborn genetic diseases,True,False,30,chr10,110578658,+,False,False,False,
LIPA,NM_000235.4,307,A,D,GCC,2,GAC,exact nucleotide concordance,695045,"criteria provided, multiple submitters, no conflicts",2,Lysosomal acid lipase deficiency|Wolman disease|not provided|Cardiovascular phenotype,True,False,25,chr10,89215984,-,False,False,False,
LIPA,NM_000235.4,139,F,L,TTC,3,TTA,exact nucleotide concordance,695054,"criteria provided, single submitter",1,Lysosomal acid lipase deficiency,False,False,11,chr10,89228211,-,False,False,False,
LIPA,NM_000235.4,85,Q,K,CAA,1,AAA,exact nucleotide concordance,695063,"criteria provided, multiple submitters, no conflicts",2,Lysosomal acid lipase deficiency|Wolman disease|Cholesteryl ester storage disease,True,False,23,chr10,89228375,-,False,False,False,
CDKN2C,NM_078626.3,77,A,E,GCG,2,GAG,exact nucleotide concordance,800342,no assertion criteria provided,0,Multiple myeloma,False,False,100,chr1,50973993,+,False,False,False,
NCOR2,NM_006312.6,1970,S,Y,TCC,2,TAC,exact nucleotide concordance,800325,no assertion criteria provided,0,Multiple myeloma,False,False,206,chr12,124336959,-,False,False,False,
NF1,NM_001042492.3,1826,H,N,CAT,1,AAT,exact nucleotide concordance,800351,no assertion criteria provided,0,Multiple myeloma,False,False,133,chr17,31327706,+,True,False,True,WildType
AURKA,NM_198437.3,346,F,L,TTC,3,TTA,exact nucleotide concordance,800338,no assertion criteria provided,0,Multiple myeloma,False,False,8,chr20,56370332,-,True,False,True,Vivo
TUBB2B,NM_178012.5,2,R,S,CGT,1,AGT,exact nucleotide concordance,800842,"criteria provided, multiple submitters, no conflicts",2,Complex cortical dysplasia with other brain malformations 7|not provided|Inborn genetic diseases,False,True,3,chr6,3227540,-,True,False,True,WildType
PTF1A,NM_178161.3,191,P,T,CCC,1,ACC,exact nucleotide concordance,800794,"criteria provided, multiple submitters, no conflicts",2,"Pancreatic agenesis 2|Permanent neonatal diabetes mellitus-pancreatic and cerebellar agenesis syndrome|Kallikrein, decreased urinary activity of|Syndromic Monogenic Diabetes|Permanent neonatal diabetes mellitus",True,False,213,chr10,23193101,+,False,False,False,
EIF2B2,NM_014239.4,197,F,L,TTC,3,TTA,"same-position, alternate-base convergence",800970,no assertion criteria provided,0,Vanishing white matter disease,False,False,6,chr14,75004894,+,True,False,True,Vitro
FOXF1,NM_001451.3,98,H,Q,CAC,3,CAA,exact nucleotide concordance,800373,no assertion criteria provided,0,Alveolar capillary dysplasia with pulmonary venous misalignment,False,False,293,chr16,86510863,+,False,False,False,
FOXF1,NM_001451.3,106,F,L,TTC,3,TTA,different-position convergence,800375,no assertion criteria provided,0,Alveolar capillary dysplasia with pulmonary venous misalignment,False,False,315,chr16,86510885,+,False,False,False,
PAX6,NM_001368894.2,17,N,K,AAC,3,AAA,"same-position, alternate-base convergence",800385,no assertion criteria provided,0,Aniridia 1,False,False,40,chr11,31802794,-,True,False,True,Vivo
HBG2,NM_000184.3,29,L,M,CTG,1,ATG,exact nucleotide concordance,800493,"criteria provided, single submitter",1,"Cyanosis, transient neonatal",False,False,7,chr11,5254644,-,False,False,False,
ARSA,NM_000487.6,276,T,K,ACG,2,AAG,exact nucleotide concordance,800499,"criteria provided, multiple submitters, no conflicts",2,Metachromatic leukodystrophy,True,False,27,chr22,50626618,-,False,False,False,
SAMD9,NM_017654.4,749,H,Q,CAC,3,CAA,exact nucleotide concordance,800552,no assertion criteria provided,0,MIRAGE syndrome,False,False,2246,chr7,93103851,-,True,False,True,Vitro;Vivo;WildType
GAMT,NM_000156.6,156,A,D,GCC,2,GAC,exact nucleotide concordance,801415,reviewed by expert panel,3,not provided|not specified|Cerebral creatine deficiency syndrome|Inborn genetic diseases|Deficiency of guanidinoacetate methyltransferase,True,False,7,chr19,1399019,-,False,False,False,
EMC1,NM_015047.3,585,P,Q,CCA,2,CAA,exact nucleotide concordance,801454,"criteria provided, single submitter",1,"Cerebellar atrophy, visual impairment, and psychomotor retardation;",False,False,28,chr1,19232652,-,True,False,True,Vivo;WildType
SCN2A,NM_001371246.1,1415,L,I,CTA,1,ATA,exact nucleotide concordance,801782,"criteria provided, single submitter",1,"Seizures, benign familial infantile, 3",False,False,11,chr2,165374955,+,False,False,False,
SCN1A,NM_001165963.4,1476,N,K,AAC,3,AAA,exact nucleotide concordance,801794,"criteria provided, multiple submitters, no conflicts",2,Severe myoclonic epilepsy in infancy|Early-infantile DEE,True,False,48,chr2,165998086,-,True,False,True,WildType
ADCY5,NM_183357.3,527,P,T,CCT,1,ACT,exact nucleotide concordance,801998,"criteria provided, single submitter",1,"Dyskinesia with orofacial involvement, autosomal dominant",False,False,60,chr3,123330956,-,True,False,True,Vivo
CYFIP2,NM_001037333.3,87,R,S,CGC,1,AGC,exact nucleotide concordance,802171,"criteria provided, single submitter",1,"Developmental and epileptic encephalopathy, 65|CYFIP2-related disorder",False,False,26,chr5,157294834,+,True,False,True,Vitro;WildType
KCNQ5,NM_019842.4,369,P,Q,CCA,2,CAA,exact nucleotide concordance,802242,"criteria provided, single submitter",1,"Intellectual disability, autosomal dominant 46",False,False,19,chr6,73111384,+,False,False,False,
BCKDHB,NM_183050.4,176,N,K,AAC,3,AAA,"same-position, alternate-base convergence",802246,"criteria provided, single submitter",1,Maple syrup urine disease,False,False,50,chr6,80168925,+,False,False,False,
ATP6V0A4,NM_020632.3,817,F,L,TTC,3,TTA,exact nucleotide concordance,802368,"criteria provided, multiple submitters, no conflicts",2,Autosomal recessive distal renal tubular acidosis|not provided,True,False,21,chr7,138706696,-,True,False,True,Vitro
CLCN1,NM_000083.3,493,A,E,GCA,2,GAA,exact nucleotide concordance,802379,"criteria provided, multiple submitters, no conflicts",2,"Congenital myotonia, autosomal recessive form|Congenital myotonia, autosomal recessive form;Congenital myotonia, autosomal dominant form|not provided",True,False,6,chr7,143339517,+,True,False,True,Vitro;WildType
GDAP1,NM_018972.4,119,P,T,CCA,1,ACA,exact nucleotide concordance,802414,"criteria provided, multiple submitters, no conflicts",2,Charcot-Marie-Tooth disease type 4A,True,False,44,chr8,74360181,+,True,False,True,WildType
GNPTAB,NM_024312.5,1152,D,E,GAC,3,GAA,exact nucleotide concordance,802884,"criteria provided, single submitter",1,Mucolipidosis type II,False,False,21,chr12,101753518,-,False,False,False,
DYNC1H1,NM_001376.5,3264,L,M,CTG,1,ATG,exact nucleotide concordance,803050,"criteria provided, single submitter",1,Charcot-Marie-Tooth disease axonal type 2O,False,False,27,chr14,102030189,+,False,False,False,
GNAO1,NM_020988.3,48,T,N,ACC,2,AAC,exact nucleotide concordance,803255,"criteria provided, multiple submitters, no conflicts",2,"Developmental and epileptic encephalopathy, 17|Early-infantile DEE",True,False,18,chr16,56192598,+,False,False,False,
ATP1A3,NM_152296.5,732,S,Y,TCC,2,TAC,exact nucleotide concordance,803564,"criteria provided, single submitter",1,Dystonia 12,False,False,68,chr19,41975697,-,True,False,True,WildType
PRKCG,NM_002739.5,127,Q,K,CAG,1,AAG,exact nucleotide concordance,804150,"criteria provided, multiple submitters, no conflicts",2,Spinocerebellar ataxia type 14|not provided,True,False,18,chr19,53889731,+,False,False,False,
KCNQ2,NM_172107.4,350,N,K,AAC,3,AAA,exact nucleotide concordance,803621,"criteria provided, multiple submitters, no conflicts",2,"Seizures, benign familial neonatal, 1|Early-infantile DEE",True,False,26,chr20,63433877,-,False,False,False,
PCDH19,NM_001184880.2,646,D,E,GAC,3,GAA,exact nucleotide concordance,804052,"criteria provided, single submitter",1,"Developmental and epileptic encephalopathy, 9",False,False,209,chrX,100406660,-,False,False,False,
SLC3A1,NM_000341.4,442,N,K,AAC,3,AAA,"same-position, alternate-base convergence",804197,no assertion criteria provided,0,Cystine urolithiasis,False,False,6,chr2,44304332,+,True,False,True,Vitro;Vivo
KCNMA1,NM_001161352.2,351,S,Y,TCC,2,TAC,exact nucleotide concordance,804292,no assertion criteria provided,0,Liang-Wang syndrome,False,False,79,chr10,77110252,-,False,False,False,
MORC2,NM_001303256.3,388,S,R,AGC,3,AGA,"same-position, alternate-base convergence",804304,"criteria provided, single submitter",1,not provided,False,False,50,chr22,30938115,-,False,False,False,
SCN11A,NM_001349253.2,808,A,D,GCC,2,GAC,exact nucleotide concordance,804348,"criteria provided, single submitter",1,Congenital sensory neuropathy with selective loss of small myelinated fibers,False,False,19,chr3,38894945,-,True,False,True,Vitro;WildType
GJB2,NM_004004.6,69,F,L,TTC,3,TTA,different-position convergence,804361,"criteria provided, single submitter",1,Noonan syndrome 1,False,False,204,chr13,20189377,-,True,False,True,
PAH,NM_000277.3,165,A,D,GCC,2,GAC,exact nucleotide concordance,805818,reviewed by expert panel,3,Phenylketonuria,True,False,15,chr12,102866611,-,True,False,True,Vitro
KCNH1,NM_172362.3,493,T,N,ACC,2,AAC,exact nucleotide concordance,807914,"criteria provided, multiple submitters, no conflicts",2,not provided,True,False,15,chr1,210804151,-,True,False,True,Vivo
NLRC4,NM_001199138.2,443,H,Q,CAC,3,CAA,"same-position, alternate-base convergence",808727,"criteria provided, single submitter",1,not provided,False,False,928,chr2,32250535,-,True,False,True,WildType
ZIC1,NM_003412.4,101,L,M,CTG,1,ATG,exact nucleotide concordance,809556,"criteria provided, single submitter",1,not provided,False,False,300,chr3,147410413,+,False,False,False,
CSF1R,NM_001288705.3,792,A,D,GCC,2,GAC,exact nucleotide concordance,809825,"criteria provided, single submitter",1,not provided,False,False,55,chr5,150056286,-,True,False,True,WildType
CHD7,NM_017780.4,1812,D,E,GAC,3,GAA,exact nucleotide concordance,810292,"criteria provided, single submitter",1,not provided,False,False,31,chr8,60850524,+,True,False,True,Vitro;Vivo;WildType
ATL1,NM_015915.5,352,A,E,GCA,2,GAA,exact nucleotide concordance,807112,"criteria provided, single submitter",1,not provided,False,False,7,chr14,50623184,+,True,False,True,WildType
GABRB3,NM_000814.6,287,T,K,ACA,2,AAA,exact nucleotide concordance,807196,"criteria provided, single submitter",1,not provided,False,False,24,chr15,26561152,-,True,False,True,Vivo
CREBBP,NM_004380.3,1740,H,N,CAT,1,AAT,exact nucleotide concordance,807979,"criteria provided, single submitter",1,not provided,False,False,45,chr16,3729829,-,False,False,False,
VPS13D,NM_015378.4,4248,A,E,GCG,2,GAG,exact nucleotide concordance,807716,"criteria provided, single submitter",1,Autosomal recessive cerebellar ataxia-saccadic intrusion syndrome,False,False,51,chr1,12497580,+,False,False,False,
ACTG2,NM_001615.4,116,N,K,AAC,3,AAA,exact nucleotide concordance,807365,"criteria provided, single submitter",1,Visceral myopathy 1,False,False,18,chr2,73908765,+,True,False,True,Vitro;Vivo;WildType
CDAN1,NM_138477.4,689,A,E,GCG,2,GAG,exact nucleotide concordance,807554,"criteria provided, single submitter",1,"Congenital dyserythropoietic anemia, type I",False,False,58,chr15,42730706,-,False,False,False,
MAPT,NM_001377265.1,756,P,T,CCT,1,ACT,exact nucleotide concordance,807628,"criteria provided, single submitter",1,Frontotemporal dementia,False,False,20,chr17,46018710,+,False,False,False,
TUBB4A,NM_006087.4,355,D,E,GAC,3,GAA,exact nucleotide concordance,807518,"criteria provided, single submitter",1,"Leukodystrophy, hypomyelinating, 6",False,False,270,chr19,6495434,-,False,False,False,
ARSA,NM_000487.6,226,A,D,GCC,2,GAC,exact nucleotide concordance,807542,"criteria provided, single submitter",1,Metachromatic leukodystrophy,False,False,7,chr22,50626841,-,False,False,False,
SRP54,NM_003136.4,223,A,D,GCC,2,GAC,exact nucleotide concordance,810689,no assertion criteria provided,0,"Neutropenia, severe congenital, 8, autosomal dominant",False,False,31,chr14,35013377,+,False,False,False,
FOXP3,NM_014009.4,231,Q,K,CAA,1,AAA,exact nucleotide concordance,810691,no assertion criteria provided,0,Non-obstructive azoospermia,False,False,43,chrX,49255759,-,True,False,True,Vitro;WildType
CTCF,NM_006565.4,455,H,Q,CAC,3,CAA,"same-position, alternate-base convergence",812003,"criteria provided, single submitter",1,CTCF-related neurodevelopmental disorder,False,False,7,chr16,67626562,+,True,False,True,WildType
F9,NM_000133.4,430,S,R,AGC,3,AGA,exact nucleotide concordance,812043,"criteria provided, single submitter",1,not specified,False,False,96,chrX,139561975,+,True,False,True,Vivo
F8,NM_000132.4,73,F,L,TTC,3,TTA,"same-position, alternate-base convergence",811294,"criteria provided, multiple submitters, no conflicts",2,Hereditary factor VIII deficiency disease|not provided,True,False,46,chrX,154999525,-,True,False,True,WildType
TRAF3IP2,NM_147686.4,429,T,N,ACT,2,AAT,exact nucleotide concordance,812084,"criteria provided, single submitter",1,Discoid lupus erythematosus,False,False,4,chr6,111572899,-,True,False,True,WildType
GFM1,NM_024996.7,641,A,E,GCA,2,GAA,exact nucleotide concordance,873010,"criteria provided, single submitter",1,not provided,False,False,12,chr3,158690175,+,False,False,False,
ABCA4,NM_000350.3,586,D,E,GAC,3,GAA,exact nucleotide concordance,812206,no assertion criteria provided,0,Stargardt disease,False,True,2,chr1,94063114,-,True,False,True,WildType
CNNM4,NM_020184.4,498,D,E,GAC,3,GAA,exact nucleotide concordance,812291,no assertion criteria provided,0,Jalili syndrome,False,False,52,chr2,96797103,+,True,False,True,Vitro;WildType
CLRN1,NM_174878.3,146,S,Y,TCC,2,TAC,exact nucleotide concordance,812271,no assertion criteria provided,0,Usher syndrome type 3,False,True,3,chr3,150928198,-,True,False,True,Vitro;WildType
CNGA1,NM_001379270.1,348,S,R,AGC,3,AGA,exact nucleotide concordance,812274,"criteria provided, multiple submitters, no conflicts",2,Retinitis pigmentosa|not provided|Retinitis pigmentosa 49,True,False,391,chr4,47937438,-,False,False,False,
PRPH2,NM_000322.5,198,S,R,AGC,3,AGA,"same-position, alternate-base convergence",812386,no assertion criteria provided,0,Retinitis pigmentosa|not provided,False,False,12,chr6,42704599,-,True,False,True,Vivo
ASAH1,NM_177924.5,362,P,T,CCT,1,ACT,exact nucleotide concordance,812488,"criteria provided, single submitter",1,Farber lipogranulomatosis|ASAH1-related sphingolipidosis,False,False,14,chr8,18058849,-,False,False,False,
IFIH1,NM_022168.4,449,N,K,AAC,3,AAA,"same-position, alternate-base convergence",812527,no assertion criteria provided,0,Aicardi-Goutieres syndrome 7,False,False,40,chr2,162281505,-,True,False,True,Vivo
SMARCD1,NM_003076.5,330,D,E,GAC,3,GAA,"same-position, alternate-base convergence",812679,no assertion criteria provided,0,Coffin-Siris syndrome 11,False,False,45,chr12,50090357,+,True,False,True,WildType
SMARCD1,NM_003076.5,495,F,L,TTC,3,TTA,different-position convergence,812682,no assertion criteria provided,0,Coffin-Siris syndrome 11,False,False,11,chr12,50098804,+,True,False,True,
NRAS,NM_002524.5,59,A,D,GCT,2,GAT,exact nucleotide concordance,812886,no assertion criteria provided,0,Anemia|Noonan syndrome,False,False,64,chr1,114713914,-,True,False,True,Vitro;Vivo;WildType
ENG,NM_001114753.3,578,D,E,GAC,3,GAA,"same-position, alternate-base convergence",812850,no assertion criteria provided,0,Pulmonary arterial hypertension,False,False,7,chr9,127817156,-,True,False,True,Vitro;Vivo;WildType
EIF2AK4,NM_001013703.4,909,S,R,AGC,3,AGA,"same-position, alternate-base convergence",812863,no assertion criteria provided,0,Familial pulmonary capillary hemangiomatosis,False,False,39,chr15,39992809,+,True,False,True,Vitro;WildType
SEC23B,NM_006363.6,746,T,N,ACT,2,AAT,exact nucleotide concordance,812899,no assertion criteria provided,0,"Congenital dyserythropoietic anemia, type II",False,False,22,chr20,18560673,+,False,False,False,
TUBB1,NM_030773.4,99,N,K,AAC,3,AAA,exact nucleotide concordance,812737,no assertion criteria provided,0,Macrothrombocytopenia,False,False,19,chr20,59023724,+,False,False,False,
CNGA1,NM_001379270.1,365,P,T,CCC,1,ACC,exact nucleotide concordance,813034,"criteria provided, single submitter",1,Retinitis pigmentosa,False,False,440,chr4,47937389,-,True,False,True,WildType
PRCD,NM_001077620.3,25,P,T,CCA,1,ACA,exact nucleotide concordance,813201,"criteria provided, single submitter",1,Retinitis pigmentosa,False,True,1,chr17,76540214,+,False,False,False,
KCNQ2,NM_172107.4,555,F,L,TTC,3,TTA,different-position convergence,813758,"criteria provided, multiple submitters, no conflicts",2,"Seizures, benign familial neonatal, 1|Early-infantile DEE",True,False,31,chr20,63413550,-,True,False,True,
SCN8A,NM_001330260.2,1470,Q,K,CAA,1,AAA,exact nucleotide concordance,813735,"criteria provided, single submitter",1,"Developmental and epileptic encephalopathy, 13",False,False,11,chr12,51789407,+,False,False,False,
RPL13,NM_000977.4,178,A,D,GCC,2,GAC,exact nucleotide concordance,813853,no assertion criteria provided,0,"Spondyloepimetaphyseal dysplasia, Isidor-Toutain type",False,False,55,chr16,89562939,+,True,False,True,WildType
SGCA,NM_000023.4,82,S,R,AGC,3,AGA,exact nucleotide concordance,813953,reviewed by expert panel,3,Autosomal recessive limb-girdle muscular dystrophy type 2D|Abnormality of the musculature|not provided|not specified|Autosomal recessive limb-girdle muscular dystrophy,True,False,66,chr17,50167670,+,True,False,True,Vivo
TERT,NM_198253.3,115,F,L,TTC,3,TTA,"same-position, alternate-base convergence",816669,"criteria provided, single submitter",1,"Pulmonary fibrosis and/or bone marrow failure, Telomere-related, 1",False,False,125,chr5,1294541,-,False,False,False,
NALCN,NM_052867.4,1150,L,I,CTT,1,ATT,exact nucleotide concordance,816891,"criteria provided, multiple submitters, no conflicts",2,"Congenital contractures of the limbs and face, hypotonia, and developmental delay|not provided",True,False,41,chr13,101089704,-,False,False,False,
STK11,NM_000455.5,237,D,E,GAC,3,GAA,exact nucleotide concordance,826850,"criteria provided, single submitter",1,Hereditary cancer-predisposing syndrome,False,False,23,chr19,1220694,+,False,False,False,
NLRP1,NM_033004.4,755,T,N,ACT,2,AAT,exact nucleotide concordance,827581,no assertion criteria provided,0,"Respiratory papillomatosis, juvenile recurrent, congenital",False,False,93,chr17,5558432,-,True,False,True,Vitro
ADA2,NM_001282225.2,370,N,K,AAC,3,AAA,exact nucleotide concordance,827684,"criteria provided, multiple submitters, no conflicts",2,Inherited Immunodeficiency Diseases|Deficiency of adenosine deaminase 2|Deficiency of adenosine deaminase 2;Sneddon syndrome|not provided,True,False,28,chr22,17182733,-,True,False,True,Vitro
RP1L1,NM_178857.6,19,P,H,CCC,2,CAC,exact nucleotide concordance,828063,no assertion criteria provided,0,Retinitis pigmentosa 88,False,False,55,chr8,10623146,-,True,True,True,Vitro
PLAA,NM_001031689.3,40,D,E,GAC,3,GAA,"same-position, alternate-base convergence",828067,"criteria provided, single submitter",1,"Neurodevelopmental disorder with progressive microcephaly, spasticity, and brain anomalies",False,False,29,chr9,26946926,-,False,False,False,
FOXL2,NM_023067.4,89,P,Q,CCG,2,CAG,exact nucleotide concordance,829943,no assertion criteria provided,0,"Blepharophimosis, ptosis, and epicanthus inversus syndrome",False,False,265,chr3,138946457,-,False,False,False,
MMUT,NM_000255.4,93,R,S,CGT,1,AGT,exact nucleotide concordance,829883,"criteria provided, single submitter",1,Methylmalonic aciduria due to methylmalonyl-CoA mutase deficiency|not provided,False,False,108,chr6,49459190,-,True,False,True,WildType
SCN5A,NM_000335.5,1570,F,L,TTC,3,TTA,different-position convergence,830371,no assertion criteria provided,0,Brugada syndrome,False,False,102,chr3,38554381,-,False,False,False,
LRP4,NM_002334.4,1564,Q,K,CAG,1,AAG,exact nucleotide concordance,834011,no assertion criteria provided,0,Isolated hand syndactyly,False,True,2,chr11,46871527,-,True,False,True,Vitro;WildType
COX4I1,NM_001861.6,152,P,T,CCC,1,ACC,exact nucleotide concordance,834063,no assertion criteria provided,0,"Mitochondrial complex IV deficiency, nuclear type 16",False,False,56,chr16,85806818,+,True,False,True,Vitro;Vivo;WildType
LSS,NM_002340.6,705,T,K,ACG,2,AAG,exact nucleotide concordance,834065,no assertion criteria provided,0,Alopecia-intellectual disability syndrome 4,False,False,46,chr21,46191189,-,False,False,False,
IHH,NM_002181.4,160,R,S,CGC,1,AGC,exact nucleotide concordance,834086,"criteria provided, single submitter",1,Brachydactyly type A1,False,False,99,chr2,219057532,-,False,False,False,
NPC1,NM_000271.5,1169,S,R,AGC,3,AGA,"same-position, alternate-base convergence",834089,"criteria provided, single submitter",1,"Niemann-Pick disease, type C1",False,False,29,chr18,23534530,-,False,False,False,
MFN2,NM_014874.4,361,H,Q,CAC,3,CAA,"same-position, alternate-base convergence",864426,"criteria provided, multiple submitters, no conflicts",2,Charcot-Marie-Tooth disease type 2|Charcot-Marie-Tooth disease type 2A2,True,False,44,chr1,12002026,+,True,False,True,WildType
MPZ,NM_000530.8,111,S,Y,TCC,2,TAC,exact nucleotide concordance,858178,"criteria provided, single submitter",1,"Charcot-Marie-Tooth disease, type I",False,False,97,chr1,161306824,-,True,False,True,Vitro;Vivo;WildType
FLVCR1,NM_014053.4,494,N,K,AAC,3,AAA,exact nucleotide concordance,852309,"criteria provided, single submitter",1,not provided,False,False,43,chr1,212889214,+,False,False,False,
RPE65,NM_000329.3,434,A,E,GCG,2,GAG,exact nucleotide concordance,850613,reviewed by expert panel,3,Leber congenital amaurosis 2;Retinitis pigmentosa 20|Leber congenital amaurosis 2|Leber congenital amaurosis|RPE65-related recessive retinopathy|Retinitis pigmentosa 20,True,False,37,chr1,68431319,-,True,False,True,Vivo
DES,NM_001927.4,120,A,D,GCC,2,GAC,exact nucleotide concordance,854289,"criteria provided, single submitter",1,Desmin-related myofibrillar myopathy,False,False,219,chr2,219418821,+,False,False,False,
KIF1A,NM_001244008.2,35,T,N,ACC,2,AAC,exact nucleotide concordance,864523,"criteria provided, single submitter",1,"Hereditary spastic paraplegia 30;Neuropathy, hereditary sensory, type 2C;Intellectual disability, autosomal dominant 9",False,True,2,chr2,240797649,-,False,False,False,
SPAST,NM_014946.4,595,S,R,AGC,3,AGA,"same-position, alternate-base convergence",857953,"criteria provided, single submitter",1,Hereditary spastic paraplegia 4,False,False,56,chr2,32154430,+,True,False,True,WildType
RHO,NM_000539.3,267,P,T,CCC,1,ACC,exact nucleotide concordance,853413,"criteria provided, single submitter",1,not provided,False,False,102,chr3,129532635,+,False,False,False,
IDUA,NM_000203.5,423,S,R,AGC,3,AGA,exact nucleotide concordance,856833,"criteria provided, multiple submitters, no conflicts",2,"Mucopolysaccharidosis type 1|not provided|Mucopolysaccharidosis, MPS-I-S;Hurler syndrome;Mucopolysaccharidosis, MPS-I-H/S",True,False,79,chr4,1002811,+,False,False,False,
SH3BP2,NM_001122681.2,418,P,T,CCC,1,ACC,exact nucleotide concordance,863669,"criteria provided, multiple submitters, no conflicts",2,Fibrous dysplasia of jaw|not provided|SH3BP2-related disorder,True,False,10,chr4,2831581,+,False,False,False,
GABRA1,NM_001127644.2,275,N,K,AAC,3,AAA,exact nucleotide concordance,858746,"criteria provided, single submitter",1,"Idiopathic generalized epilepsy;Epilepsy, idiopathic generalized, susceptibility to, 13;Epilepsy, childhood absence 4",False,False,31,chr5,161891019,+,False,False,False,
ERLIN2,NM_007175.8,63,Q,K,CAG,1,AAG,exact nucleotide concordance,859651,"criteria provided, multiple submitters, no conflicts",2,Spastic paraplegia|Hereditary spastic paraplegia,False,True,2,chr8,37740444,+,True,False,True,WildType
KCNT1,NM_020822.3,346,F,L,TTC,3,TTA,"same-position, alternate-base convergence",853550,"criteria provided, multiple submitters, no conflicts",2,"Autosomal dominant nocturnal frontal lobe epilepsy 5;Developmental and epileptic encephalopathy, 14|not provided|Developmental and epileptic encephalopathy, 14",False,True,2,chr9,135765033,+,True,False,True,Vivo;WildType
PSAP,NM_002778.4,215,N,K,AAC,3,AAA,exact nucleotide concordance,857581,"criteria provided, multiple submitters, no conflicts",2,"Sphingolipid activator protein 1 deficiency|Metachromatic leukodystrophy|Krabbe disease due to saposin A deficiency;Parkinson disease 24, autosomal dominant, susceptibility to;Sphingolipid activator protein 1 deficiency;Gaucher disease due to saposin C deficiency;Combined PSAP deficiency|Parkinson disease 24, autosomal dominant, susceptibility to",True,False,68,chr10,71828089,-,True,False,True,Vitro;Vivo
RAPSN,NM_005055.5,142,A,D,GCC,2,GAC,exact nucleotide concordance,859852,"criteria provided, multiple submitters, no conflicts",2,Congenital myasthenic syndrome 11;Fetal akinesia deformation sequence 1|not provided|Fetal akinesia deformation sequence 2|Congenital myasthenic syndrome|Fetal akinesia deformation sequence 2;Congenital myasthenic syndrome 11,True,False,106,chr11,47447918,-,True,False,True,Vivo;WildType
GRIN2B,NM_000834.5,827,A,E,GCG,2,GAG,exact nucleotide concordance,840512,"criteria provided, single submitter",1,"Intellectual disability, autosomal dominant 6;Developmental and epileptic encephalopathy, 27",False,False,118,chr12,13567143,-,True,False,True,Vivo
ACVRL1,NM_000020.3,314,H,N,CAC,1,AAC,exact nucleotide concordance,858433,"criteria provided, single submitter",1,"Telangiectasia, hereditary hemorrhagic, type 2",False,False,108,chr12,51915392,+,False,False,False,
MYH7,NM_000257.4,712,R,S,CGC,1,AGC,exact nucleotide concordance,841613,"criteria provided, single submitter",1,Hypertrophic cardiomyopathy,False,False,28,chr14,23425992,-,False,False,False,
GABRB3,NM_000814.6,156,T,N,ACC,2,AAC,exact nucleotide concordance,856080,"criteria provided, single submitter",1,"Epilepsy, childhood absence, susceptibility to, 5;Epilepsy, childhood absence, susceptibility to, 1",False,False,5,chr15,26583409,-,False,False,False,
NF1,NM_001042492.3,323,A,D,GCC,2,GAC,exact nucleotide concordance,839743,"criteria provided, multiple submitters, no conflicts",2,"Neurofibromatosis, type 1",True,False,79,chr17,31200501,+,False,False,False,
ACADVL,NM_000018.4,306,N,K,AAC,3,AAA,exact nucleotide concordance,857573,"criteria provided, single submitter",1,Very long chain acyl-CoA dehydrogenase deficiency,False,False,39,chr17,7222706,+,True,False,True,WildType
PNPLA6,NM_001166114.2,300,P,T,CCG,1,ACG,exact nucleotide concordance,854646,"criteria provided, single submitter",1,Hereditary spastic paraplegia 39,False,False,26,chr19,7541025,+,False,False,False,
ADA,NM_000022.4,126,P,Q,CCA,2,CAA,exact nucleotide concordance,842419,"criteria provided, multiple submitters, no conflicts",2,"Severe combined immunodeficiency, autosomal recessive, T cell-negative, B cell-negative, NK cell-negative, due to adenosine deaminase deficiency|Severe combined immunodeficiency disease",True,False,14,chr20,44625670,-,True,False,True,Vivo
SOD1,NM_000454.5,21,F,L,TTC,3,TTA,"same-position, alternate-base convergence",859765,"criteria provided, multiple submitters, no conflicts",2,"Amyotrophic lateral sclerosis type 1|Spastic tetraplegia and axial hypotonia, progressive;Amyotrophic lateral sclerosis type 1",True,False,9,chr21,31659832,+,False,False,False,
RUNX1,NM_001754.5,107,R,S,CGC,1,AGC,exact nucleotide concordance,856798,reviewed by expert panel,3,Hereditary thrombocytopenia and hematological cancer predisposition syndrome associated with RUNX1|Hereditary thrombocytopenia and hematologic cancer predisposition syndrome,True,False,32,chr21,34886875,-,False,False,False,
ABCD1,NM_000033.4,560,P,T,CCG,1,ACG,exact nucleotide concordance,855099,"criteria provided, single submitter",1,Adrenoleukodystrophy,False,False,43,chrX,153740617,+,False,False,False,
MECP2,NM_001110792.2,140,Q,K,CAG,1,AAG,exact nucleotide concordance,857143,"criteria provided, multiple submitters, no conflicts",2,Severe neonatal-onset encephalopathy with microcephaly|not provided,True,False,4,chrX,154031446,-,False,False,False,
RS1,NM_000330.4,203,P,T,CCG,1,ACG,exact nucleotide concordance,850316,"criteria provided, single submitter",1,not provided,False,False,68,chrX,18642072,-,True,False,True,Vivo
WAS,NM_000377.3,58,P,T,CCC,1,ACC,exact nucleotide concordance,844399,"criteria provided, single submitter",1,X-linked severe congenital neutropenia;Thrombocytopenia 1;Wiskott-Aldrich syndrome,False,False,39,chrX,48684322,+,True,False,True,WildType
WDR45,NM_001029896.2,61,N,K,AAC,3,AAA,exact nucleotide concordance,848898,"criteria provided, multiple submitters, no conflicts",2,Neurodegeneration with brain iron accumulation 5|not provided|Inborn genetic diseases,True,False,52,chrX,49077695,-,False,False,False,
EDA,NM_001399.5,372,N,K,AAC,3,AAA,"same-position, alternate-base convergence",839246,"criteria provided, multiple submitters, no conflicts",2,Hypohidrotic X-linked ectodermal dysplasia,True,False,60,chrX,70035549,+,True,False,True,WildType
GJB1,NM_000166.6,14,N,K,AAC,3,AAA,"same-position, alternate-base convergence",853830,"criteria provided, multiple submitters, no conflicts",2,Charcot-Marie-Tooth Neuropathy X|Charcot-Marie-Tooth disease X-linked dominant 1,True,False,41,chrX,71223749,+,False,True,True,
ASPA,NM_000049.4,54,N,K,AAC,3,AAA,exact nucleotide concordance,839442,"criteria provided, multiple submitters, no conflicts",2,Spongy degeneration of central nervous system|not provided,True,False,74,chr17,3476321,+,True,False,True,WildType
SCN1A,NM_001165963.4,945,F,L,TTC,3,TTA,"same-position, alternate-base convergence",838246,"criteria provided, multiple submitters, no conflicts",2,"Generalized epilepsy with febrile seizures plus, type 2|Early-infantile DEE",True,False,111,chr2,166037887,-,True,False,True,Vitro;Vivo
SCN1A,NM_001165963.4,1504,Q,K,CAG,1,AAG,exact nucleotide concordance,852105,"criteria provided, single submitter",1,Early-infantile DEE,False,False,33,chr2,165996084,-,True,False,True,WildType
SCN1A,NM_001165963.4,1658,T,K,ACG,2,AAG,exact nucleotide concordance,841364,"criteria provided, single submitter",1,Early-infantile DEE,False,False,120,chr2,165992302,-,True,False,True,Vitro;WildType
HECW2,NM_001348768.2,1504,S,Y,TCC,2,TAC,exact nucleotide concordance,848063,"criteria provided, multiple submitters, no conflicts",2,"not provided|Neurodevelopmental disorder with hypotonia, seizures, and absent language",True,False,16,chr2,196215961,-,False,False,False,
BRCA1,NM_007294.4,1789,A,D,GCT,2,GAT,exact nucleotide concordance,868380,"criteria provided, single submitter",1,"Breast-ovarian cancer, familial, susceptibility to, 1|Hereditary breast ovarian cancer syndrome",False,False,33,chr17,43049161,-,True,False,True,Vivo;WildType
BRCA1,NM_007294.4,1752,A,E,GCA,2,GAA,exact nucleotide concordance,868230,"criteria provided, single submitter",1,"Breast-ovarian cancer, familial, susceptibility to, 1|Hereditary cancer-predisposing syndrome",False,False,22,chr17,43057074,-,True,False,True,Vitro;Vivo
USH2A,NM_206933.4,4423,A,D,GCC,2,GAC,exact nucleotide concordance,866731,"criteria provided, single submitter",1,Retinal dystrophy,False,False,543,chr1,215674643,-,True,False,True,WildType
USH2A,NM_206933.4,1836,P,T,CCA,1,ACA,exact nucleotide concordance,866608,"criteria provided, multiple submitters, no conflicts",2,Retinal dystrophy|not provided|Retinitis pigmentosa 39|Usher syndrome,True,False,66,chr1,216078155,-,False,False,False,
RPE65,NM_000329.3,111,P,T,CCC,1,ACC,exact nucleotide concordance,866507,reviewed by expert panel,3,Retinal dystrophy|RPE65-related recessive retinopathy,True,False,22,chr1,68444798,-,False,False,False,
ABCA4,NM_000350.3,1093,D,E,GAC,3,GAA,exact nucleotide concordance,866345,"criteria provided, multiple submitters, no conflicts",2,Retinal dystrophy|not provided,True,False,49,chr1,94042810,-,True,False,True,Vitro;Vivo
CNGA3,NM_001298.3,562,N,K,AAC,3,AAA,exact nucleotide concordance,865797,"criteria provided, single submitter",1,Retinal dystrophy,False,False,399,chr2,98396856,+,True,False,True,WildType
CNGA3,NM_001298.3,661,R,S,CGT,1,AGT,exact nucleotide concordance,867037,"criteria provided, multiple submitters, no conflicts",2,Retinal dystrophy|not provided|Achromatopsia 2,True,False,104,chr2,98397151,+,False,False,False,
RHO,NM_000539.3,171,P,Q,CCA,2,CAA,exact nucleotide concordance,866418,"criteria provided, multiple submitters, no conflicts",2,Retinal dystrophy|not provided|Retinitis pigmentosa 4|Retinitis pigmentosa,True,False,18,chr3,129531026,+,True,False,True,Vivo;WildType
PDE6B,NM_000283.4,258,H,Q,CAC,3,CAA,"same-position, alternate-base convergence",865778,"criteria provided, single submitter",1,Retinal dystrophy,False,False,62,chr4,653914,+,False,False,False,
KCNQ1,NM_000218.3,370,A,E,GCG,2,GAG,exact nucleotide concordance,869435,"criteria provided, multiple submitters, no conflicts",2,Long QT syndrome 1,True,False,19,chr11,2585288,+,True,False,True,WildType
FOXH1,NM_003923.3,69,F,L,TTC,3,TTA,different-position convergence,869454,"criteria provided, single submitter",1,Conotruncal defect,False,False,30,chr8,144475231,-,False,False,False,
MYO15A,NM_016239.4,2721,T,K,ACG,2,AAG,exact nucleotide concordance,869473,"criteria provided, single submitter",1,Autosomal recessive nonsyndromic hearing loss 3,False,False,13,chr17,18154693,+,False,False,False,
B3GALT6,NM_080605.4,159,S,Y,TCC,2,TAC,exact nucleotide concordance,869983,no assertion criteria provided,0,Al-Gazali syndrome,False,False,475,chr1,1232754,+,False,False,False,
SLC6A6,NM_003043.6,78,A,E,GCG,2,GAG,exact nucleotide concordance,870335,"criteria provided, single submitter",1,Retinal degeneration|Hypotaurinemic retinal degeneration and cardiomyopathy,False,True,3,chr3,14445720,+,False,False,False,
GABRA1,NM_001127644.2,215,L,I,CTA,1,ATA,exact nucleotide concordance,870352,"criteria provided, single submitter",1,"Developmental and epileptic encephalopathy, 19",False,False,60,chr5,161882641,+,True,False,True,WildType
GRIK2,NM_021956.5,660,T,K,ACA,2,AAA,exact nucleotide concordance,870382,"criteria provided, single submitter",1,GRIK2-related neurodevelopmental disorder|6 conditions|Neurodevelopmental disorder with impaired language and ataxia and with or without seizures,False,False,106,chr6,101928526,+,False,False,False,
MAGEL2,NM_019066.5,538,A,E,GCG,2,GAG,exact nucleotide concordance,870506,no assertion criteria provided,0,Schaaf-Yang syndrome,False,False,1612,chr15,23646130,-,False,False,False,
RAB3GAP2,NM_012414.4,428,A,E,GCA,2,GAA,exact nucleotide concordance,870511,"criteria provided, single submitter",1,Martsolf syndrome,False,False,12,chr1,220191272,-,True,False,True,Vivo
SCN4A,NM_000334.4,1135,R,S,CGT,1,AGT,exact nucleotide concordance,870587,"criteria provided, multiple submitters, no conflicts",2,"Hypokalemic periodic paralysis, type 2",True,False,38,chr17,63947083,-,True,False,True,Vivo
SIX6,NM_007374.3,183,D,E,GAC,3,GAA,"same-position, alternate-base convergence",870595,"criteria provided, single submitter",1,Colobomatous optic disc-macular atrophy-chorioretinopathy syndrome,False,False,23,chr14,60509947,+,False,False,False,
ATP1A2,NM_000702.4,717,N,K,AAC,3,AAA,exact nucleotide concordance,872510,"criteria provided, single submitter",1,not provided,False,False,35,chr1,160135469,+,True,False,True,Vitro;Vivo;WildType
CACNA1E,NM_001205293.3,698,F,L,TTC,3,TTA,exact nucleotide concordance,870847,"criteria provided, multiple submitters, no conflicts",2,"not provided|Developmental and epileptic encephalopathy, 69",True,False,19,chr1,181724489,+,True,False,True,Vivo;WildType
SATB2,NM_001172509.2,531,N,K,AAC,3,AAA,exact nucleotide concordance,870946,"criteria provided, single submitter",1,not provided,False,False,50,chr2,199308907,-,False,False,False,
SPAST,NM_014946.4,368,F,L,TTC,3,TTA,"same-position, alternate-base convergence",871090,"criteria provided, single submitter",1,not provided,False,False,5,chr2,32126953,+,True,False,True,Vivo
CPA1,NM_001868.4,256,N,K,AAC,3,AAA,"same-position, alternate-base convergence",871495,"criteria provided, multiple submitters, no conflicts",2,not provided,True,False,19,chr7,130384607,+,False,False,False,
PHYH,NM_006214.4,277,A,E,GCA,2,GAA,exact nucleotide concordance,872163,"criteria provided, multiple submitters, no conflicts",2,not provided|Phytanic acid storage disease,False,True,1,chr10,13281109,-,False,False,False,
FAS,NM_000043.6,257,A,D,GCC,2,GAC,exact nucleotide concordance,872243,"criteria provided, single submitter",1,not provided,False,False,93,chr10,89014212,+,False,False,False,
IGHMBP2,NM_002180.3,216,P,H,CCT,2,CAT,exact nucleotide concordance,870789,"criteria provided, single submitter",1,not provided,False,False,64,chr11,68911539,+,False,False,False,
GRIN2A,NM_001134407.3,552,P,Q,CCA,2,CAA,exact nucleotide concordance,871812,"criteria provided, multiple submitters, no conflicts",2,not provided|Landau-Kleffner syndrome,False,True,3,chr16,9834227,-,True,True,True,WildType
PLEKHG5,NM_020631.6,630,P,H,CCC,2,CAC,exact nucleotide concordance,873315,"criteria provided, single submitter",1,Juvenile amyotrophic lateral sclerosis,False,False,44,chr1,6469588,-,True,False,True,WildType
GNAI1,NM_002069.6,48,T,K,ACA,2,AAA,exact nucleotide concordance,873455,"criteria provided, multiple submitters, no conflicts",2,"Neurodevelopmental disorder|Neurodevelopmental disorder with hypotonia, impaired speech, and behavioral abnormalities",True,False,18,chr7,80188975,+,False,False,False,
GHRHR,NM_000823.4,169,F,L,TTC,3,TTA,"same-position, alternate-base convergence",910806,"criteria provided, multiple submitters, no conflicts",2,"not provided|Isolated growth hormone deficiency, type 4",True,False,42,chr7,30972005,+,True,False,True,Vivo;WildType
ACTA2,NM_001613.4,179,R,S,CGT,1,AGT,exact nucleotide concordance,911956,no assertion criteria provided,0,Multisystemic smooth muscle dysfunction syndrome,False,False,80,chr10,88941310,-,True,False,True,WildType
PRSS56,NM_001195129.2,401,A,E,GCG,2,GAG,exact nucleotide concordance,915448,no assertion criteria provided,0,Isolated microphthalmia 6,False,False,15,chr2,232524054,+,False,False,False,
PTPN23,NM_015466.4,634,N,K,AAC,3,AAA,"same-position, alternate-base convergence",915886,no assertion criteria provided,0,Neurodevelopmental disorder and structural brain anomalies with or without seizures and spasticity,False,False,47,chr3,47409521,+,True,False,True,WildType
FOXG1,NM_005249.5,253,N,K,AAC,3,AAA,exact nucleotide concordance,916032,"criteria provided, single submitter",1,FOXG1 disorder,False,False,711,chr14,28768038,+,False,False,False,
SC5D,NM_006918.5,210,D,E,GAC,3,GAA,exact nucleotide concordance,916041,no assertion criteria provided,0,Lathosterolosis,False,False,185,chr11,121307242,+,True,False,True,WildType
FOXF1,NM_001451.3,85,F,L,TTC,3,TTA,different-position convergence,916531,no assertion criteria provided,0,Alveolar capillary dysplasia with pulmonary venous misalignment,False,False,252,chr16,86510822,+,False,False,False,
KLHL17,NM_198317.3,561,A,E,GCG,2,GAG,exact nucleotide concordance,916564,no assertion criteria provided,0,Esophageal atresia/tracheoesophageal fistula,False,False,18,chr1,964512,+,False,False,False,
GTF3C1,NM_001520.4,2014,P,T,CCT,1,ACT,exact nucleotide concordance,916561,no assertion criteria provided,0,Esophageal atresia/tracheoesophageal fistula,False,False,77,chr16,27462371,-,True,False,True,Vivo
GRIN2B,NM_000834.5,616,N,K,AAC,3,AAA,"same-position, alternate-base convergence",916608,"criteria provided, single submitter",1,"Intellectual disability, autosomal dominant 6",False,False,67,chr12,13608765,-,False,False,False,
GRIN2B,NM_000834.5,615,N,K,AAC,3,AAA,"same-position, alternate-base convergence",916607,"criteria provided, single submitter",1,"Intellectual disability, autosomal dominant 6",False,False,64,chr12,13608768,-,True,False,True,Vivo
GRIN2B,NM_000834.5,541,S,R,AGC,3,AGA,"same-position, alternate-base convergence",916601,"criteria provided, single submitter",1,"Intellectual disability, autosomal dominant 6",False,False,31,chr12,13615145,-,True,False,True,Vitro;WildType
CFTR,NM_000492.4,1045,S,Y,TCT,2,TAT,exact nucleotide concordance,917606,"criteria provided, multiple submitters, no conflicts",2,Cystic fibrosis|Bronchiectasis with or without elevated sweat chloride 1|CFTR-related disorder,True,False,5,chr7,117610664,+,False,False,False,
CBS,NM_000071.3,228,N,K,AAC,3,AAA,exact nucleotide concordance,917816,"criteria provided, multiple submitters, no conflicts",2,"Homocystinuria|Classic homocystinuria|HYPERHOMOCYSTEINEMIA, THROMBOTIC, CBS-RELATED",True,False,17,chr21,43065255,-,True,False,True,Vivo;WildType
FBXW11,NM_001378974.1,385,A,D,GCT,2,GAT,exact nucleotide concordance,917897,"criteria provided, single submitter",1,"Neurodevelopmental, jaw, eye, and digital syndrome",False,False,67,chr5,171876352,-,True,False,True,WildType
MMP20,NM_004771.4,237,S,Y,TCC,2,TAC,exact nucleotide concordance,917991,no assertion criteria provided,0,Amelogenesis imperfecta hypomaturation type 2A2,False,False,60,chr11,102609038,-,False,False,False,
GAA,NM_000152.5,572,H,Q,CAC,3,CAA,"same-position, alternate-base convergence",929167,reviewed by expert panel,3,"Glycogen storage disease, type II|not provided",True,False,38,chr17,80112062,+,False,False,False,
SCN1A,NM_001165963.4,1444,S,Y,TCC,2,TAC,exact nucleotide concordance,929415,no assertion criteria provided,0,"Generalized epilepsy with febrile seizures plus, type 2",False,False,7,chr2,165999730,-,True,False,True,Vivo
FOXG1,NM_005249.5,188,A,E,GCG,2,GAG,exact nucleotide concordance,929466,"criteria provided, multiple submitters, no conflicts",2,FOXG1 disorder|Rett syndrome,True,False,562,chr14,28767842,+,False,False,False,
HGD,NM_000187.4,222,A,D,GCC,2,GAC,exact nucleotide concordance,929482,"criteria provided, single submitter",1,Alkaptonuria,False,False,15,chr3,120644428,-,True,False,True,Vitro;Vivo
BMP6,NM_001718.6,137,L,M,CTG,1,ATG,exact nucleotide concordance,929751,"criteria provided, single submitter",1,Premature ovarian failure,False,False,255,chr6,7727364,+,False,False,False,
ADAMTS1,NM_006988.5,435,S,Y,TCC,2,TAC,exact nucleotide concordance,929783,"criteria provided, single submitter",1,Premature ovarian failure,False,False,74,chr21,26841072,-,True,False,True,WildType
GRIA2,NM_001083619.3,528,P,T,CCT,1,ACT,exact nucleotide concordance,929840,"criteria provided, single submitter",1,Neurodevelopmental disorder with language impairment and behavioral abnormalities,False,False,108,chr4,157336485,+,False,False,False,
MYH7,NM_000257.4,663,R,S,CGC,1,AGC,exact nucleotide concordance,930519,"criteria provided, multiple submitters, no conflicts",2,Congenital myopathy with fiber type disproportion|Hypertrophic cardiomyopathy|Cardiovascular phenotype|not provided|Hypertrophic cardiomyopathy 1,True,False,30,chr14,23426834,-,True,False,True,Vitro;Vivo;WildType
RDH12,NM_152443.3,126,A,E,GCG,2,GAG,exact nucleotide concordance,931585,"criteria provided, multiple submitters, no conflicts",2,Leber congenital amaurosis 13,True,False,33,chr14,67726084,+,True,False,True,WildType
FKRP,NM_024301.5,321,A,E,GCG,2,GAG,exact nucleotide concordance,930906,"criteria provided, multiple submitters, no conflicts",2,"Muscular dystrophy-dystroglycanopathy type B5|Walker-Warburg congenital muscular dystrophy|Muscular dystrophy-dystroglycanopathy (congenital with brain and eye anomalies), type A5|Myopathy caused by variation in FKRP",True,False,526,chr19,46756412,+,False,False,False,
TUBB4A,NM_006087.4,341,F,L,TTC,3,TTA,different-position convergence,930298,"criteria provided, single submitter",1,"Leukodystrophy, hypomyelinating, 6",False,False,314,chr19,6495478,-,False,False,False,
PLP1,NM_000533.5,248,A,E,GCA,2,GAA,exact nucleotide concordance,931338,"criteria provided, single submitter",1,Pelizaeus-Merzbacher disease,False,False,19,chrX,103789379,+,False,False,False,
GBA1,NM_000157.4,298,F,L,TTC,3,TTA,exact nucleotide concordance,932200,"criteria provided, multiple submitters, no conflicts",2,Gaucher disease|Gaucher disease type II|not provided,True,False,105,chr1,155237446,-,True,False,True,Vivo;WildType
GBA1,NM_000157.4,221,P,T,CCC,1,ACC,exact nucleotide concordance,932181,"criteria provided, multiple submitters, no conflicts",2,Gaucher disease|7 conditions|not provided,True,False,72,chr1,155238234,-,True,False,True,Vitro;WildType
PAH,NM_000277.3,373,A,D,GCC,2,GAC,exact nucleotide concordance,932260,reviewed by expert panel,3,Phenylketonuria,True,False,52,chr12,102843727,-,True,False,True,Vitro
PAH,NM_000277.3,226,Q,K,CAG,1,AAG,exact nucleotide concordance,932251,reviewed by expert panel,3,Phenylketonuria,True,False,30,chr12,102855166,-,True,False,True,Vitro;Vivo
PAH,NM_000277.3,169,R,S,CGC,1,AGC,exact nucleotide concordance,932262,reviewed by expert panel,3,Phenylketonuria,True,False,4,chr12,102866600,-,True,False,True,Vitro
POLR1B,NM_019014.6,1003,R,S,CGC,1,AGC,exact nucleotide concordance,932313,no assertion criteria provided,0,Treacher Collins syndrome 4|Treacher Collins syndrome,False,False,401,chr2,112575328,+,False,False,False,
EYA1,NM_000503.6,513,L,M,CTG,1,ATG,exact nucleotide concordance,932479,"criteria provided, single submitter",1,not provided,False,False,60,chr8,71215447,-,False,False,False,
ACADVL,NM_000018.4,349,A,E,GCA,2,GAA,exact nucleotide concordance,932871,"criteria provided, single submitter",1,Very long chain acyl-CoA dehydrogenase deficiency,False,False,31,chr17,7222834,+,True,False,True,Vitro;WildType
SDHC,NM_003001.5,127,H,N,CAT,1,AAT,exact nucleotide concordance,946938,"criteria provided, multiple submitters, no conflicts",2,Gastrointestinal stromal tumor;Pheochromocytoma/paraganglioma syndrome 3|not provided,True,False,26,chr1,161356814,+,True,False,True,Vitro;Vivo;WildType
ACTA1,NM_001100.4,94,N,K,AAC,3,AAA,exact nucleotide concordance,948238,"criteria provided, multiple submitters, no conflicts",2,Actin accumulation myopathy|not provided,True,False,152,chr1,229432728,-,False,False,False,
FH,NM_000143.4,373,N,K,AAC,3,AAA,exact nucleotide concordance,952917,"criteria provided, single submitter",1,not provided,False,False,10,chr1,241502560,-,True,False,True,WildType
SCN1A,NM_001165963.4,374,S,Y,TCC,2,TAC,exact nucleotide concordance,952448,"criteria provided, single submitter",1,Early-infantile DEE,False,False,49,chr2,166047676,-,False,False,False,
EZH2,NM_004456.5,683,T,N,ACC,2,AAC,exact nucleotide concordance,950845,"criteria provided, single submitter",1,Weaver syndrome,False,False,18,chr7,148809372,-,True,False,True,WildType
PTEN,NM_000314.8,26,T,N,ACC,2,AAC,exact nucleotide concordance,949068,"criteria provided, multiple submitters, no conflicts",2,PTEN hamartoma tumor syndrome|Hereditary cancer-predisposing syndrome|Cowden syndrome 1,False,True,2,chr10,87864546,+,False,False,False,
MEN1,NM_001370259.2,164,A,D,GCC,2,GAC,exact nucleotide concordance,948764,"criteria provided, multiple submitters, no conflicts",2,"Multiple endocrine neoplasia, type 1|Hereditary cancer-predisposing syndrome",True,False,45,chr11,64808054,-,True,False,True,WildType
GABRB3,NM_000814.6,253,P,T,CCC,1,ACC,exact nucleotide concordance,948660,"criteria provided, multiple submitters, no conflicts",2,"Epilepsy, childhood absence, susceptibility to, 1;Epilepsy, childhood absence, susceptibility to, 5|Inborn genetic diseases",True,False,74,chr15,26567659,-,True,False,True,Vivo
G6PC1,NM_000151.4,336,A,E,GCA,2,GAA,exact nucleotide concordance,945237,"criteria provided, single submitter",1,Glycogen storage disease due to glucose-6-phosphatase deficiency type IA,False,False,67,chr17,42911359,+,True,False,True,WildType
GCDH,NM_000159.4,368,S,Y,TCT,2,TAT,exact nucleotide concordance,952464,"criteria provided, single submitter",1,"Glutaric aciduria, type 1",False,False,20,chr19,12897723,+,True,False,True,Vitro;Vivo;WildType
PHEX,NM_000444.6,653,A,D,GCT,2,GAT,exact nucleotide concordance,950521,"criteria provided, multiple submitters, no conflicts",2,not provided|Familial X-linked hypophosphatemic vitamin D refractory rickets,True,False,7,chrX,22226501,+,True,False,True,Vivo;WildType
AR,NM_000044.6,856,R,S,CGC,1,AGC,exact nucleotide concordance,951460,"criteria provided, multiple submitters, no conflicts",2,Androgen resistance syndrome;Kennedy disease|not provided,True,False,41,chrX,67722943,+,True,False,True,Vitro;Vivo
TARDBP,NM_007375.4,321,A,D,GCC,2,GAC,exact nucleotide concordance,938527,"criteria provided, single submitter",1,"Amyotrophic lateral sclerosis type 10;FRONTOTEMPORAL LOBAR DEGENERATION WITH TDP43 INCLUSIONS, TARDBP-RELATED",False,False,247,chr1,11022371,+,True,False,True,Vitro
ABCA4,NM_000350.3,1773,A,E,GCG,2,GAG,exact nucleotide concordance,940353,"criteria provided, single submitter",1,not provided,False,False,5,chr1,94014685,-,False,False,False,
SCN1A,NM_001165963.4,1472,F,L,TTC,3,TTA,different-position convergence,936781,"criteria provided, single submitter",1,Early-infantile DEE,False,False,62,chr2,165998100,-,False,False,False,
CLCN1,NM_000083.3,480,P,H,CCC,2,CAC,exact nucleotide concordance,942360,"criteria provided, single submitter",1,"Congenital myotonia, autosomal dominant form;Congenital myotonia, autosomal recessive form",False,False,32,chr7,143339290,+,True,False,True,Vivo
STXBP1,NM_003165.6,139,P,Q,CCG,2,CAG,exact nucleotide concordance,933386,"criteria provided, single submitter",1,Early-infantile DEE,False,False,13,chr9,127661192,+,True,False,True,Vitro;WildType
ACVRL1,NM_000020.3,277,T,K,ACG,2,AAG,exact nucleotide concordance,941644,"criteria provided, multiple submitters, no conflicts",2,"Telangiectasia, hereditary hemorrhagic, type 2|not provided|Cardiovascular phenotype|ACVRL1-related disorder",True,False,57,chr12,51915282,+,True,False,True,Vivo
NRL,NM_001354768.3,51,P,T,CCC,1,ACC,exact nucleotide concordance,938373,"criteria provided, single submitter",1,not provided,False,False,150,chr14,24082698,-,False,False,False,
SLC12A3,NM_001126108.2,359,N,K,AAC,3,AAA,"same-position, alternate-base convergence",943091,"criteria provided, multiple submitters, no conflicts",2,not provided|Familial hypokalemia-hypomagnesemia,True,False,18,chr16,56872768,+,True,False,True,Vitro;Vivo;WildType
GRIN2A,NM_001134407.3,635,A,D,GCC,2,GAC,exact nucleotide concordance,934152,"criteria provided, multiple submitters, no conflicts",2,Landau-Kleffner syndrome,True,False,103,chr16,9829526,-,True,False,True,WildType
KCNB1,NM_004975.4,209,N,K,AAC,3,AAA,exact nucleotide concordance,943082,"criteria provided, single submitter",1,"Developmental and epileptic encephalopathy, 26",False,False,59,chr20,49374933,-,True,False,True,WildType
KCNQ2,NM_172107.4,276,T,N,ACC,2,AAC,exact nucleotide concordance,941582,"criteria provided, single submitter",1,Early-infantile DEE,False,False,10,chr20,63439698,-,False,False,False,
ABCA4,NM_000350.3,1881,A,D,GCC,2,GAC,exact nucleotide concordance,957618,"criteria provided, single submitter",1,not provided,False,False,57,chr1,94010872,-,True,False,True,WildType
RHO,NM_000539.3,190,D,E,GAC,3,GAA,"same-position, alternate-base convergence",961508,"criteria provided, single submitter",1,not provided,False,False,39,chr3,129532290,+,True,False,True,Vitro;Vivo
CLCN1,NM_000083.3,306,F,L,TTC,3,TTA,different-position convergence,957128,"criteria provided, multiple submitters, no conflicts",2,"Congenital myotonia, autosomal dominant form;Congenital myotonia, autosomal recessive form|not provided|Skeletal muscle channelopathy|Congenital myotonia, autosomal recessive form",True,False,62,chr7,143330834,+,True,False,True,
EGR2,NM_000399.5,355,D,E,GAC,3,GAA,"same-position, alternate-base convergence",962248,"criteria provided, multiple submitters, no conflicts",2,"Charcot-Marie-Tooth disease, type I|not provided",True,False,366,chr10,62813573,-,False,False,False,
BEST1,NM_004183.4,130,R,S,CGC,1,AGC,exact nucleotide concordance,962776,"criteria provided, multiple submitters, no conflicts",2,not provided|Autosomal recessive bestrophinopathy|BEST1-related disorder,True,False,93,chr11,61955858,+,False,False,False,
GALC,NM_000153.4,225,A,E,GCA,2,GAA,exact nucleotide concordance,963553,"criteria provided, multiple submitters, no conflicts",2,Galactosylceramide beta-galactosidase deficiency,True,False,52,chr14,87976436,-,True,False,True,Vivo
NF1,NM_001042492.3,82,S,Y,TCT,2,TAT,exact nucleotide concordance,963679,"criteria provided, single submitter",1,"Neurofibromatosis, type 1",False,False,40,chr17,31159050,+,False,False,False,
GAA,NM_000152.5,295,H,N,CAC,1,AAC,exact nucleotide concordance,953728,reviewed by expert panel,3,"Glycogen storage disease, type II|not provided",True,False,24,chr17,80107824,+,False,False,False,
KCNQ2,NM_172107.4,355,D,E,GAC,3,GAA,exact nucleotide concordance,963965,"criteria provided, single submitter",1,Early-infantile DEE,False,False,41,chr20,63433862,-,False,False,False,
ABCD1,NM_000033.4,633,S,R,AGC,3,AGA,"same-position, alternate-base convergence",957802,"criteria provided, multiple submitters, no conflicts",2,Adrenoleukodystrophy|not provided,True,False,33,chrX,153743254,+,False,False,False,
OTC,NM_000531.6,209,A,E,GCG,2,GAG,exact nucleotide concordance,955152,"criteria provided, single submitter",1,Ornithine carbamoyltransferase deficiency,False,False,37,chrX,38403703,+,True,False,True,Vitro;WildType
CPT2,NM_000098.3,555,H,Q,CAC,3,CAA,"same-position, alternate-base convergence",972398,"criteria provided, single submitter",1,Carnitine palmitoyltransferase II deficiency,False,False,19,chr1,53213283,+,True,False,True,Vitro;Vivo
ABCA4,NM_000350.3,2102,D,E,GAC,3,GAA,exact nucleotide concordance,965953,"criteria provided, multiple submitters, no conflicts",2,not provided|Severe early-childhood-onset retinal dystrophy|Stargardt disease,True,False,23,chr1,94001082,-,True,False,True,Vitro;Vivo
LRP5,NM_002335.4,400,A,E,GCG,2,GAG,exact nucleotide concordance,967240,"criteria provided, single submitter",1,not provided,False,False,183,chr11,68386499,+,False,False,False,
TTR,NM_000371.4,56,A,D,GCT,2,GAT,exact nucleotide concordance,965016,"criteria provided, single submitter",1,"Amyloidosis, hereditary systemic 1",False,False,33,chr18,31592993,+,False,False,False,
ITGA2B,NM_000419.5,984,T,K,ACA,2,AAA,exact nucleotide concordance,952998,reviewed by expert panel,3,Glanzmann thrombasthenia,True,False,7,chr17,44374463,-,True,False,True,Vivo;WildType
ITGA2B,NM_000419.5,176,P,H,CCC,2,CAC,exact nucleotide concordance,953014,reviewed by expert panel,3,Glanzmann thrombasthenia,True,False,47,chr17,44385598,-,False,False,False,
ITGA2B,NM_000419.5,160,S,R,AGC,3,AGA,"same-position, alternate-base convergence",953024,reviewed by expert panel,3,Glanzmann thrombasthenia|Glanzmann thrombasthenia 1,True,False,71,chr17,44385645,-,False,False,False,
CLCC1,NM_001377458.1,25,D,E,GAC,3,GAA,exact nucleotide concordance,972741,"criteria provided, multiple submitters, no conflicts",2,Retinitis pigmentosa 32|not provided|Retinal dystrophy,True,False,54,chr1,108950363,-,True,False,True,Vitro;Vivo;WildType
GAA,NM_000152.5,612,H,Q,CAC,3,CAA,"same-position, alternate-base convergence",972801,"criteria provided, multiple submitters, no conflicts",2,"Glycogen storage disease, type II",True,False,52,chr17,80112659,+,False,False,False,
GAA,NM_000152.5,653,T,N,ACC,2,AAC,exact nucleotide concordance,972798,reviewed by expert panel,3,"Glycogen storage disease, type II",True,False,69,chr17,80112945,+,True,False,True,WildType
GABRB2,NM_001371727.1,252,P,T,CCT,1,ACT,exact nucleotide concordance,973184,"criteria provided, single submitter",1,Developmental and epileptic encephalopathy 92,False,False,74,chr5,161334830,-,True,False,True,WildType
AFG3L2,NM_006796.3,620,Q,K,CAG,1,AAG,exact nucleotide concordance,973202,no assertion criteria provided,0,Spastic ataxia 5,False,False,78,chr18,12340323,-,True,False,True,WildType
ATP1A3,NM_152296.5,359,S,Y,TCC,2,TAC,exact nucleotide concordance,973294,"criteria provided, single submitter",1,ATP1A3-associated neurological disorder,False,False,82,chr19,41982024,-,False,False,False,
ACTB,NM_001101.5,164,P,H,CCC,2,CAC,exact nucleotide concordance,973260,"criteria provided, single submitter",1,Developmental malformations-deafness-dystonia syndrome;Baraitser-Winter syndrome 1,False,False,127,chr7,5528592,-,False,True,True,
MSH6,NM_000179.3,458,H,N,CAT,1,AAT,exact nucleotide concordance,973404,no assertion criteria provided,0,Lynch-like syndrome,False,False,744,chr2,47799355,+,True,False,True,Vitro;WildType
CHD7,NM_017780.4,1406,S,R,AGC,3,AGA,exact nucleotide concordance,973632,no assertion criteria provided,0,CHARGE syndrome,False,False,32,chr8,60837700,+,True,False,True,WildType
ABCA4,NM_000350.3,795,S,R,AGC,3,AGA,"same-position, alternate-base convergence",973687,"criteria provided, multiple submitters, no conflicts",2,not provided|Generalized choriocapillaris dystrophy,False,True,2,chr1,94055313,-,True,False,True,WildType
CDK19,NM_015076.5,31,T,N,ACC,2,AAC,exact nucleotide concordance,973853,"criteria provided, multiple submitters, no conflicts",2,"Developmental and epileptic encephalopathy, 87",True,False,36,chr6,110815045,-,False,False,False,
CRB1,NM_201253.3,745,T,K,ACG,2,AAG,exact nucleotide concordance,973930,"criteria provided, multiple submitters, no conflicts",2,Leber congenital amaurosis 8|Retinitis pigmentosa 12;Leber congenital amaurosis 8|Leber congenital amaurosis,True,False,105,chr1,197427559,+,True,False,True,Vitro;WildType
CRB1,NM_201253.3,1362,A,D,GCC,2,GAC,exact nucleotide concordance,973916,no assertion criteria provided,0,Leber congenital amaurosis 8,False,False,79,chr1,197477743,+,True,False,True,WildType
FANCA,NM_000135.4,1262,F,L,TTC,3,TTA,"same-position, alternate-base convergence",974268,no assertion criteria provided,0,Fanconi anemia complementation group A,False,False,20,chr16,89740846,-,True,False,True,WildType
FANCA,NM_000135.4,742,Q,K,CAG,1,AAG,exact nucleotide concordance,974332,no assertion criteria provided,0,Fanconi anemia complementation group A,False,True,1,chr16,89770258,-,False,False,False,
WDR19,NM_025132.4,914,A,D,GCT,2,GAT,exact nucleotide concordance,974371,"criteria provided, single submitter",1,Senior-Loken syndrome 8|Saldino-Mainzer syndrome|Asphyxiating thoracic dystrophy 5,False,False,11,chr4,39253157,+,False,False,False,
OSGEP,NM_017807.4,27,N,K,AAC,3,AAA,"same-position, alternate-base convergence",974488,"criteria provided, single submitter",1,Galloway-Mowat syndrome 3,False,False,34,chr14,20454603,-,False,False,False,
WDR1,NM_017491.5,145,H,Q,CAC,3,CAA,"same-position, alternate-base convergence",974604,no assertion criteria provided,0,Lazy leukocyte syndrome,False,False,57,chr4,10097834,-,True,False,True,Vivo
TMPRSS3,NM_001256317.3,257,H,Q,CAC,3,CAA,exact nucleotide concordance,974621,"criteria provided, single submitter",1,Autosomal recessive nonsyndromic hearing loss 8,False,False,11,chr21,42383044,-,False,False,False,
FGFR1,NM_023110.3,608,A,D,GCC,2,GAC,exact nucleotide concordance,974811,no assertion criteria provided,0,Hypogonadotropic hypogonadism 2 with or without anosmia,False,False,31,chr8,38415901,-,True,False,True,Vivo
KIF1A,NM_001244008.2,14,P,T,CCC,1,ACC,exact nucleotide concordance,974871,"criteria provided, single submitter",1,"Intellectual disability, autosomal dominant 9",False,False,39,chr2,240797713,-,False,False,False,
KIF1A,NM_001244008.2,106,T,N,ACC,2,AAC,exact nucleotide concordance,974923,"criteria provided, single submitter",1,Hereditary spastic paraplegia 30,False,False,46,chr2,240788097,-,False,False,False,
AVPR2,NM_000054.7,171,S,R,AGC,3,AGA,"same-position, alternate-base convergence",975078,"criteria provided, multiple submitters, no conflicts",2,"Diabetes insipidus, nephrogenic, X-linked|not provided",True,False,397,chrX,153906019,+,False,False,False,
MYCN,NM_005378.6,391,R,S,CGC,1,AGC,exact nucleotide concordance,975607,no assertion criteria provided,0,Feingold syndrome type 1,False,False,224,chr2,15945873,+,True,False,True,Vivo;WildType
ZBTB20,NM_001348800.3,596,H,Q,CAC,3,CAA,"same-position, alternate-base convergence",975782,no assertion criteria provided,0,Primrose syndrome,False,False,16,chr3,114350290,-,False,False,False,
KCNQ2,NM_172107.4,96,H,N,CAC,1,AAC,exact nucleotide concordance,975416,no assertion criteria provided,0,"Developmental and epileptic encephalopathy, 1",False,False,10,chr20,63472178,-,False,False,False,
ACSL4,NM_001318510.2,158,S,Y,TCC,2,TAC,exact nucleotide concordance,975171,no assertion criteria provided,0,"Intellectual disability, X-linked 63",False,False,43,chrX,109681309,-,False,False,False,
DDX3X,NM_001356.5,483,A,D,GCC,2,GAC,exact nucleotide concordance,975672,no assertion criteria provided,0,"Intellectual disability, X-linked 102",False,False,49,chrX,41346361,+,False,False,False,
ALPL,NM_000478.6,167,T,K,ACG,2,AAG,exact nucleotide concordance,975889,"criteria provided, multiple submitters, no conflicts",2,Adult hypophosphatasia|not provided,True,False,27,chr1,21564068,+,False,False,False,
MEF2C,NM_002397.5,59,S,R,AGC,3,AGA,"same-position, alternate-base convergence",976044,"criteria provided, single submitter",1,"Neurodevelopmental disorder with hypotonia, stereotypic hand movements, and impaired language",False,False,81,chr5,88804679,-,True,False,True,Vitro;WildType
MC4R,NM_005912.3,260,P,Q,CCA,2,CAA,exact nucleotide concordance,976250,"criteria provided, single submitter",1,BODY MASS INDEX QUANTITATIVE TRAIT LOCUS 20|not provided,False,False,220,chr18,60371571,-,True,False,True,Vivo;WildType
ATP5MC3,NM_001689.5,106,N,K,AAC,3,AAA,"same-position, alternate-base convergence",976731,"criteria provided, single submitter",1,"ATP5G3-associated disorder|Dystonia, early-onset, and/or spastic paraplegia",False,True,3,chr2,175178399,-,False,False,False,
CPLANE1,NM_001384732.1,256,A,D,GCT,2,GAT,exact nucleotide concordance,976735,"criteria provided, single submitter",1,Joubert syndrome 17,False,False,67,chr5,37239780,-,True,False,True,Vitro;Vivo;WildType
NR2F1,NM_005654.6,109,F,L,TTC,3,TTA,exact nucleotide concordance,976672,"criteria provided, multiple submitters, no conflicts",2,Bosch-Boonstra-Schaaf optic atrophy syndrome,True,False,136,chr5,93585350,+,False,False,False,
KDM6A,NM_001291415.2,303,A,D,GCC,2,GAC,exact nucleotide concordance,976705,"criteria provided, single submitter",1,Kabuki syndrome 2,False,False,32,chrX,45059038,+,True,False,True,Vitro;Vivo;WildType
RAC2,NM_002872.5,34,P,H,CCC,2,CAC,exact nucleotide concordance,977224,"criteria provided, single submitter",1,Immunodeficiency 73b with defective neutrophil chemotaxis and lymphopenia|Neutrophil immunodeficiency syndrome,False,False,6,chr22,37241593,-,False,False,False,
ASPRV1,NM_152792.4,230,P,T,CCT,1,ACT,exact nucleotide concordance,977278,no assertion criteria provided,0,Autosomal dominant lamellar ichthyosis,False,False,92,chr2,69960749,-,True,False,True,WildType
SETD1B,NM_001353345.2,1945,F,L,TTC,3,TTA,different-position convergence,977482,"criteria provided, single submitter",1,Intellectual developmental disorder with seizures and language delay,False,False,68,chr12,121830171,+,False,False,False,
HDAC4,NM_001378414.1,244,T,K,ACA,2,AAA,exact nucleotide concordance,977487,"criteria provided, multiple submitters, no conflicts",2,Severe intellectual disability|Neurodevelopmental disorder with central hypotonia and dysmorphic facies|HDAC4-related disorder,False,True,2,chr2,239156654,-,True,False,True,Vitro
DYNC1H1,NM_001376.5,882,Q,K,CAG,1,AAG,exact nucleotide concordance,977612,"criteria provided, single submitter",1,"Intellectual disability|Intellectual disability, autosomal dominant 13",False,False,74,chr14,101987558,+,False,False,False,
FARSA,NM_004461.3,256,F,L,TTC,3,TTA,different-position convergence,977639,"criteria provided, single submitter",1,Rajab interstitial lung disease with brain calcifications 2,False,False,40,chr19,12928417,-,True,False,True,
FARSA,NM_004461.3,410,N,K,AAC,3,AAA,exact nucleotide concordance,977640,no assertion criteria provided,0,Rajab interstitial lung disease with brain calcifications 2,False,False,34,chr19,12924492,-,True,False,True,WildType
TUBB8,NM_177987.3,414,N,K,AAC,3,AAA,"same-position, alternate-base convergence",977660,no assertion criteria provided,0,Oocyte maturation defect 2,False,False,93,chr10,47150,-,False,False,False,
TUBB8,NM_177987.3,393,A,D,GCC,2,GAC,exact nucleotide concordance,977662,no assertion criteria provided,0,Oocyte maturation defect 2,False,False,157,chr10,47214,-,False,False,False,
RARS1,NM_002887.4,439,A,D,GCT,2,GAT,exact nucleotide concordance,977922,"criteria provided, multiple submitters, no conflicts",2,"Leukodystrophy, hypomyelinating, 9|Leukodystrophy",True,False,30,chr5,168506801,+,True,False,True,Vivo
NBEA,NM_001385012.1,1298,D,E,GAC,3,GAA,exact nucleotide concordance,978134,"criteria provided, single submitter",1,Neurodevelopmental disorder with or without early-onset generalized epilepsy,False,False,32,chr13,35161782,+,False,False,False,
SLC3A1,NM_000341.4,410,N,K,AAC,3,AAA,exact nucleotide concordance,978421,"criteria provided, single submitter",1,Cystinuria,False,False,93,chr2,44304236,+,False,False,False,
MMUT,NM_000255.4,141,A,E,GCG,2,GAG,exact nucleotide concordance,978683,"criteria provided, multiple submitters, no conflicts",2,Methylmalonic aciduria due to methylmalonyl-CoA mutase deficiency|not provided|Methylmalonic acidemia|Methylmalonic aciduria due to complete methylmalonyl-CoA mutase deficiency,True,False,36,chr6,49458022,-,True,False,True,Vitro;Vivo;WildType
LIAS,NM_006859.4,196,T,N,ACC,2,AAC,exact nucleotide concordance,978713,"criteria provided, single submitter",1,Lipoic acid synthetase deficiency,False,False,21,chr4,39465321,+,False,False,False,
KCNQ2,NM_172107.4,188,Q,K,CAG,1,AAG,exact nucleotide concordance,978712,no assertion criteria provided,0,"Developmental and epileptic encephalopathy, 7;Seizures, benign familial neonatal, 1",False,False,47,chr20,63444787,-,False,False,False,
MYT1L,NM_001303052.2,524,H,N,CAC,1,AAC,exact nucleotide concordance,978961,"criteria provided, single submitter",1,Intellectual disability,False,False,48,chr2,1917253,-,True,False,True,WildType
KCNQ3,NM_004519.4,230,R,S,CGC,1,AGC,exact nucleotide concordance,978934,"criteria provided, single submitter",1,Intellectual disability,False,False,83,chr8,132180246,-,False,False,False,
USH2A,NM_206933.4,281,T,K,ACA,2,AAA,exact nucleotide concordance,979017,"criteria provided, multiple submitters, no conflicts",2,Autosomal recessive retinitis pigmentosa|not provided|Usher syndrome|Usher syndrome type 2A|Retinitis pigmentosa 39|Retinal dystrophy,True,False,6,chr1,216327597,-,True,False,True,WildType
RP1,NM_006269.2,202,D,E,GAC,3,GAA,exact nucleotide concordance,979011,"criteria provided, multiple submitters, no conflicts",2,Autosomal recessive retinitis pigmentosa|not provided|Retinitis pigmentosa 1|Retinal dystrophy,True,False,9,chr8,54621572,+,False,False,False,
RYR2,NM_001035.3,415,T,K,ACA,2,AAA,exact nucleotide concordance,979205,"criteria provided, single submitter",1,Catecholaminergic polymorphic ventricular tachycardia 1,False,False,48,chr1,237445474,+,True,False,True,Vitro
GABRG2,NM_198904.4,300,A,D,GCT,2,GAT,exact nucleotide concordance,981261,"criteria provided, single submitter",1,Intellectual disability,False,False,23,chr5,162142293,+,True,False,True,Vitro;WildType
GRIN1,NM_007327.4,582,R,S,CGC,1,AGC,exact nucleotide concordance,981278,"criteria provided, single submitter",1,Intellectual disability,False,False,7,chr9,137162283,+,False,False,False,
GRIN1,NM_007327.4,688,S,Y,TCC,2,TAC,exact nucleotide concordance,981272,"criteria provided, multiple submitters, no conflicts",2,"Intellectual disability|not provided|Neurodevelopmental disorder with or without hyperkinetic movements and seizures, autosomal dominant",True,False,49,chr9,137162895,+,False,False,False,
GRIN2A,NM_001134407.3,690,T,K,ACG,2,AAG,exact nucleotide concordance,981282,"criteria provided, multiple submitters, no conflicts",2,Intellectual disability|Landau-Kleffner syndrome,True,False,61,chr16,9822363,-,True,False,True,WildType
VWF,NM_000552.5,2527,P,H,CCC,2,CAC,exact nucleotide concordance,981480,no assertion criteria provided,0,von Willebrand disease type 1,False,False,31,chr12,5969360,-,True,False,True,Vitro;WildType
CTSK,NM_000396.4,186,F,L,TTC,3,TTA,different-position convergence,981507,"criteria provided, single submitter",1,Pyknodysostosis,False,False,62,chr1,150804083,-,True,False,True,
BCL11A,NM_022893.4,326,T,K,ACG,2,AAG,exact nucleotide concordance,981906,"criteria provided, single submitter",1,Intellectual disability,False,False,489,chr2,60461935,-,False,False,False,
RNF213,NM_001256071.3,4120,F,L,TTC,3,TTA,"same-position, alternate-base convergence",982215,no assertion criteria provided,0,Moyamoya angiopathy,False,False,34,chr17,80369802,+,False,False,False,
CNOT3,NM_014516.4,522,L,I,CTC,1,ATC,exact nucleotide concordance,982185,no assertion criteria provided,0,Moyamoya angiopathy with developmental delay,False,False,41,chr19,54149717,+,True,False,True,Vivo
LCT,NM_002299.4,1650,S,R,AGC,3,AGA,exact nucleotide concordance,982557,"criteria provided, single submitter",1,Congenital lactase deficiency,False,False,26,chr2,135798055,-,False,False,False,
SMO,NM_005631.5,252,F,L,TTC,3,TTA,different-position convergence,982409,"criteria provided, single submitter",1,Congenital hypothalamic hamartoma syndrome,False,False,6,chr7,129205616,+,False,False,False,
ENG,NM_001114753.3,308,A,D,GCC,2,GAC,exact nucleotide concordance,983206,"criteria provided, multiple submitters, no conflicts",2,"Telangiectasia, hereditary hemorrhagic, type 1|Cardiovascular phenotype|Hereditary hemorrhagic telangiectasia|ENG-related disorder",True,False,68,chr9,127824868,-,True,False,True,Vitro;Vivo
ACVRL1,NM_000020.3,433,P,H,CCC,2,CAC,exact nucleotide concordance,982449,"criteria provided, single submitter",1,"Telangiectasia, hereditary hemorrhagic, type 2",False,False,51,chr12,51919036,+,True,False,True,Vitro;Vivo
GABRB1,NM_000812.4,285,T,K,ACA,2,AAA,exact nucleotide concordance,982940,"criteria provided, single submitter",1,"Developmental and epileptic encephalopathy, 45",False,False,18,chr4,47406700,+,True,False,True,Vivo
KCNK9,NM_001282534.2,237,A,D,GCC,2,GAC,exact nucleotide concordance,982629,"criteria provided, single submitter",1,Birk-Barel syndrome,False,False,415,chr8,139618673,-,False,False,False,
ROR2,NM_004560.4,739,F,L,TTC,3,TTA,different-position convergence,983469,no assertion criteria provided,0,Autosomal recessive Robinow syndrome,False,False,617,chr9,91724279,-,False,False,False,
ROR2,NM_004560.4,692,P,T,CCC,1,ACC,exact nucleotide concordance,983467,no assertion criteria provided,0,Autosomal recessive Robinow syndrome,False,False,687,chr9,91724420,-,False,False,False,
ROR2,NM_004560.4,619,R,S,CGC,1,AGC,exact nucleotide concordance,983466,no assertion criteria provided,0,Autosomal recessive Robinow syndrome,False,False,468,chr9,91724639,-,True,False,True,Vivo
TGFBI,NM_000358.3,591,S,Y,TCT,2,TAT,exact nucleotide concordance,984425,"criteria provided, single submitter",1,Thiel-Behnke corneal dystrophy,False,False,31,chr5,136059183,+,True,False,True,Vitro;WildType
NAA30,NM_001011713.3,151,P,H,CCC,2,CAC,exact nucleotide concordance,984533,no assertion criteria provided,0,Lethal multiystemic syndrome,False,False,319,chr14,57391409,+,False,True,True,
DNAH2,NM_020877.5,2320,S,R,AGC,3,AGA,exact nucleotide concordance,984735,no assertion criteria provided,0,Spermatogenic failure 45,False,False,59,chr17,7791976,+,False,False,False,
CHD2,NM_001271.4,645,T,K,ACG,2,AAG,exact nucleotide concordance,984745,"criteria provided, single submitter",1,Developmental and epileptic encephalopathy 94,False,False,66,chr15,92956583,+,True,False,True,Vivo;WildType
RHO,NM_000539.3,17,T,K,ACG,2,AAG,exact nucleotide concordance,984772,"criteria provided, multiple submitters, no conflicts",2,Retinitis pigmentosa 4|not provided,True,False,49,chr3,129528783,+,True,False,True,Vitro;Vivo
RHO,NM_000539.3,55,N,K,AAC,3,AAA,exact nucleotide concordance,984775,"criteria provided, multiple submitters, no conflicts",2,Retinitis pigmentosa 4|not provided,True,False,164,chr3,129528898,+,True,False,True,Vitro;WildType
SCN2A,NM_001371246.1,978,F,L,TTC,3,TTA,different-position convergence,984864,no assertion criteria provided,0,Complex neurodevelopmental disorder,False,False,12,chr2,165354204,+,False,False,False,
SCN2A,NM_001371246.1,1773,A,E,GCG,2,GAG,exact nucleotide concordance,984900,"criteria provided, single submitter",1,"Complex neurodevelopmental disorder|Developmental and epileptic encephalopathy, 11",False,False,495,chr2,165389124,+,False,False,False,
STXBP1,NM_003165.6,42,S,Y,TCC,2,TAC,exact nucleotide concordance,984825,no assertion criteria provided,0,Infantile epilepsy syndrome,False,False,37,chr9,127653752,+,True,False,True,Vitro
GARS1,NM_002047.4,265,S,Y,TCT,2,TAT,exact nucleotide concordance,984908,no assertion criteria provided,0,Charcot-Marie-Tooth disease type 2D,False,False,58,chr7,30609643,+,True,False,True,Vitro
EEF1A2,NM_001958.5,95,H,Q,CAC,3,CAA,exact nucleotide concordance,984947,"criteria provided, single submitter",1,EEF1A2-related disorder,False,False,39,chr20,63495895,-,False,False,False,
PIGV,NM_017837.4,418,A,D,GCT,2,GAT,exact nucleotide concordance,985880,"criteria provided, multiple submitters, no conflicts",2,Inborn genetic diseases|not provided,True,False,52,chr1,26797615,+,True,False,True,WildType
ARSB,NM_000046.5,244,P,T,CCC,1,ACC,exact nucleotide concordance,985675,"criteria provided, single submitter",1,Inborn genetic diseases,False,False,39,chr5,78955463,-,True,False,True,Vivo;WildType
ACTB,NM_001101.5,260,A,E,GCA,2,GAA,exact nucleotide concordance,985268,"criteria provided, single submitter",1,Inborn genetic diseases,False,False,23,chr7,5528304,-,False,False,False,
SORD,NM_003104.6,153,A,D,GCC,2,GAC,exact nucleotide concordance,1012846,"criteria provided, multiple submitters, no conflicts",2,"not provided|Neuronopathy, distal hereditary motor, autosomal recessive 8|Inborn genetic diseases",True,False,32,chr15,45065303,+,True,False,True,Vitro;WildType
G6PD,NM_001360016.2,363,N,K,AAC,3,AAA,"same-position, alternate-base convergence",986140,"criteria provided, multiple submitters, no conflicts",2,"Inborn genetic diseases|Anemia, nonspherocytic hemolytic, due to G6PD deficiency",True,False,37,chrX,154532765,-,False,False,False,
MYRF,NM_001127392.3,681,A,D,GCC,2,GAC,exact nucleotide concordance,986362,"criteria provided, single submitter",1,Cardiac-urogenital syndrome,False,False,28,chr11,61779291,+,False,False,False,
NPC1,NM_000271.5,691,P,Q,CCG,2,CAG,exact nucleotide concordance,986365,"criteria provided, multiple submitters, no conflicts",2,"Sphingomyelin/cholesterol lipidosis|Niemann-Pick disease, type C|Niemann-Pick disease, type C1",True,False,58,chr18,23544402,-,True,False,True,Vitro;WildType
PYGM,NM_005609.4,694,D,E,GAC,3,GAA,exact nucleotide concordance,986743,"criteria provided, multiple submitters, no conflicts",2,"Glycogen storage disease, type V",True,False,95,chr11,64750471,-,True,False,True,Vitro;Vivo;WildType
HPDL,NM_032756.4,251,H,Q,CAC,3,CAA,exact nucleotide concordance,986813,"criteria provided, single submitter",1,not provided,False,False,363,chr1,45327901,+,True,False,True,Vitro;WildType
CDKN1C,NM_001122630.2,268,R,S,CGC,1,AGC,exact nucleotide concordance,986832,"criteria provided, multiple submitters, no conflicts",2,not provided|Monogenic short statue|IMAGe syndrome,True,False,14,chr11,2884120,-,False,False,False,
EEF1A2,NM_001958.5,296,H,Q,CAC,3,CAA,exact nucleotide concordance,987402,"criteria provided, single submitter",1,not provided,False,False,115,chr20,63490620,-,False,False,False,
PAH,NM_000277.3,416,P,T,CCA,1,ACA,exact nucleotide concordance,987913,reviewed by expert panel,3,Phenylketonuria,True,False,46,chr12,102840469,-,False,False,False,
APRT,NM_000485.3,28,D,E,GAC,3,GAA,exact nucleotide concordance,988036,no assertion criteria provided,0,Adenine phosphoribosyltransferase deficiency,False,True,3,chr16,88811653,-,False,False,False,
HAAO,NM_012205.3,47,H,Q,CAC,3,CAA,exact nucleotide concordance,988085,no assertion criteria provided,0,"Congenital NAD deficiency disorder|Vertebral, cardiac, renal, and limb defects syndrome 1",False,False,18,chr2,42788547,-,True,False,True,Vivo
UMOD,NM_003361.4,285,A,E,GCG,2,GAG,exact nucleotide concordance,988177,"criteria provided, multiple submitters, no conflicts",2,Autosomal dominant medullary cystic kidney disease with or without hyperuricemia|not provided|Familial juvenile hyperuricemic nephropathy type 1,True,False,11,chr16,20348447,-,False,False,False,
NPHS1,NM_004646.4,711,R,S,CGC,1,AGC,exact nucleotide concordance,988266,"criteria provided, multiple submitters, no conflicts",2,Nephrotic syndrome|not provided|Finnish congenital nephrotic syndrome,True,False,59,chr19,35844184,-,False,True,True,
COL4A5,NM_033380.3,1590,P,H,CCC,2,CAC,exact nucleotide concordance,988255,no assertion criteria provided,0,Alport syndrome,False,False,52,chrX,108694869,+,True,False,True,Vivo
GNAI3,NM_006496.4,48,T,N,ACC,2,AAC,exact nucleotide concordance,988478,"criteria provided, single submitter",1,not provided,False,False,18,chr1,109573761,+,True,False,True,Vitro;WildType
CYP21A2,NM_000500.9,31,P,Q,CCG,2,CAG,exact nucleotide concordance,988330,"criteria provided, single submitter",1,not provided,False,False,91,chr6,32038514,+,False,False,False,
ACTA2,NM_001613.4,256,R,S,CGT,1,AGT,exact nucleotide concordance,988545,"criteria provided, single submitter",1,not provided,False,False,42,chr10,88939549,-,True,False,True,Vitro;WildType
SACS,NM_014363.6,4026,A,D,GCT,2,GAT,exact nucleotide concordance,988460,"criteria provided, single submitter",1,not provided,False,False,1663,chr13,23331799,-,False,False,False,
GALC,NM_000153.4,369,S,R,AGC,3,AGA,"same-position, alternate-base convergence",988509,"criteria provided, single submitter",1,not provided,False,False,54,chr14,87963438,-,False,False,False,
KIF22,NM_007317.3,148,P,Q,CCG,2,CAG,exact nucleotide concordance,988564,"criteria provided, single submitter",1,not provided,False,False,48,chr16,29798641,+,True,False,True,Vitro;Vivo;WildType
GLA,NM_000169.3,225,H,Q,CAC,3,CAA,exact nucleotide concordance,988315,"criteria provided, single submitter",1,not provided,False,False,35,chrX,101398911,-,True,False,True,WildType
SHOX,NM_000451.4,165,F,L,TTC,3,TTA,exact nucleotide concordance,988356,"criteria provided, single submitter",1,not provided,False,False,8,chrX,640829,+,False,False,False,
TG,NM_003235.5,2234,A,D,GCT,2,GAT,exact nucleotide concordance,988639,"criteria provided, multiple submitters, no conflicts",2,Congenital hypothyroidism|not provided,True,False,81,chr8,133017916,+,True,False,True,Vivo;WildType
SMARCA2,NM_003070.5,1147,D,E,GAC,3,GAA,exact nucleotide concordance,988739,no assertion criteria provided,0,Nicolaides-Baraitser syndrome,False,False,15,chr9,2110402,+,True,False,True,Vitro;Vivo
CNGA3,NM_001298.3,527,L,M,CTG,1,ATG,exact nucleotide concordance,988792,no assertion criteria provided,0,Achromatopsia 2,False,False,506,chr2,98396749,+,True,False,True,Vivo;WildType
SPAST,NM_014946.4,394,A,E,GCA,2,GAA,exact nucleotide concordance,989108,"criteria provided, single submitter",1,Hereditary spastic paraplegia 4,False,False,7,chr2,32128415,+,False,False,False,
SPAST,NM_014946.4,436,S,Y,TCT,2,TAT,exact nucleotide concordance,989118,"criteria provided, single submitter",1,Hereditary spastic paraplegia 4,False,False,14,chr2,32136624,+,True,False,True,WildType
SACS,NM_014363.6,4090,H,N,CAT,1,AAT,exact nucleotide concordance,989008,"criteria provided, single submitter",1,Charlevoix-Saguenay spastic ataxia,False,False,1472,chr13,23331608,-,False,False,False,
SACS,NM_014363.6,2217,P,Q,CCA,2,CAA,exact nucleotide concordance,989211,"criteria provided, multiple submitters, no conflicts",2,Charlevoix-Saguenay spastic ataxia|Spastic paraplegia,True,False,4464,chr13,23337226,-,False,False,False,
PNPLA6,NM_001166114.2,486,P,T,CCC,1,ACC,exact nucleotide concordance,989140,"criteria provided, single submitter",1,Hereditary spastic paraplegia 39,False,False,74,chr19,7542854,+,False,False,False,
SYK,NM_003177.7,342,P,T,CCC,1,ACC,exact nucleotide concordance,989387,"criteria provided, single submitter",1,Skin rash;Arthritis;Immunodeficiency;Colitis;Decreased circulating immunoglobulin concentration|Immunodeficiency 82 with systemic inflammation,False,False,20,chr9,90874692,+,True,False,True,WildType
SYK,NM_003177.7,550,S,Y,TCC,2,TAC,exact nucleotide concordance,989389,"criteria provided, single submitter",1,Skin rash;Arthritis;Immunodeficiency;Colitis;Decreased circulating immunoglobulin concentration|Immunodeficiency 82 with systemic inflammation,False,False,67,chr9,90887816,+,True,False,True,WildType
VCP,NM_007126.5,159,R,S,CGT,1,AGT,exact nucleotide concordance,989439,"criteria provided, single submitter",1,Amyotrophic lateral sclerosis type 6|not provided,False,False,29,chr9,35065352,-,True,False,True,Vitro;Vivo
SFRP4,NM_003014.4,54,A,D,GCC,2,GAC,exact nucleotide concordance,989454,"criteria provided, single submitter",1,Pyle metaphyseal dysplasia,False,False,160,chr7,37916377,-,False,False,False,
PRKACB,NM_182948.4,135,H,N,CAT,1,AAT,exact nucleotide concordance,989459,no assertion criteria provided,0,Cardioacrofacial dysplasia 2,False,False,24,chr1,84184061,+,True,False,True,WildType
PSEN1,NM_000021.4,267,P,T,CCA,1,ACA,exact nucleotide concordance,992565,"criteria provided, multiple submitters, no conflicts",2,"Alzheimer disease 3|Alzheimer disease 3;Acne inversa, familial, 3;Frontotemporal dementia;Pick disease",True,False,29,chr14,73198060,+,False,False,False,
SMPD1,NM_000543.5,207,T,N,ACT,2,AAT,exact nucleotide concordance,992683,"criteria provided, single submitter",1,"Niemann-Pick disease, type A;Niemann-Pick disease, type B",False,False,301,chr11,6391685,+,True,False,True,Vitro;Vivo
SMPD1,NM_000543.5,454,A,D,GCT,2,GAT,exact nucleotide concordance,992704,"criteria provided, single submitter",1,"Niemann-Pick disease, type A;Niemann-Pick disease, type B",False,False,20,chr11,6393916,+,True,False,True,Vitro
SUCLG1,NM_003849.4,209,A,E,GCA,2,GAA,exact nucleotide concordance,992828,"criteria provided, multiple submitters, no conflicts",2,not provided|Mitochondrial DNA depletion syndrome 9,True,False,36,chr2,84433399,-,False,False,False,
PKLR,NM_000298.6,531,R,S,CGC,1,AGC,exact nucleotide concordance,992941,"criteria provided, single submitter",1,Pyruvate kinase deficiency of red cells,False,False,27,chr1,155291783,-,True,False,True,Vitro
DHCR7,NM_001360.3,407,N,K,AAC,3,AAA,exact nucleotide concordance,993946,"criteria provided, multiple submitters, no conflicts",2,Smith-Lemli-Opitz syndrome,True,False,207,chr11,71435582,-,False,False,False,
ACVRL1,NM_000020.3,333,S,R,AGC,3,AGA,"same-position, alternate-base convergence",994057,"criteria provided, single submitter",1,"Telangiectasia, hereditary hemorrhagic, type 2",False,False,49,chr12,51915451,+,True,False,True,Vivo
GCK,NM_000162.5,274,D,E,GAC,3,GAA,exact nucleotide concordance,994611,reviewed by expert panel,3,not provided|Monogenic diabetes|Maturity-onset diabetes of the young type 2,True,False,41,chr7,44147691,-,False,False,False,
PIK3CA,NM_006218.4,909,F,L,TTC,3,TTA,exact nucleotide concordance,995381,no assertion criteria provided,0,PIK3CA related overgrowth syndrome,False,False,57,chr3,179230064,+,True,False,True,Vitro;WildType
ALOX12B,NM_001139.3,679,R,S,CGC,1,AGC,exact nucleotide concordance,995720,no assertion criteria provided,0,Autosomal recessive congenital ichthyosis 2,False,False,71,chr17,8072842,-,False,False,False,
ALOX12B,NM_001139.3,353,P,T,CCC,1,ACC,exact nucleotide concordance,995734,no assertion criteria provided,0,Autosomal recessive congenital ichthyosis 2,False,False,14,chr17,8079410,-,True,False,True,WildType
ALOX12B,NM_001139.3,99,F,L,TTC,3,TTA,exact nucleotide concordance,995500,no assertion criteria provided,0,Autosomal recessive congenital ichthyosis 2,False,False,55,chr17,8086071,-,True,False,True,Vivo;WildType
PAX3,NM_181458.4,236,R,S,CGT,1,AGT,exact nucleotide concordance,995914,"criteria provided, single submitter",1,Waardenburg syndrome type 1,False,False,86,chr2,222232164,-,True,False,True,WildType
TYR,NM_000372.5,367,H,Q,CAC,3,CAA,exact nucleotide concordance,996002,"criteria provided, multiple submitters, no conflicts",2,"Oculocutaneous albinism type 1A|not provided|SKIN/HAIR/EYE PIGMENTATION 3, LIGHT/DARK SKIN",True,False,64,chr11,89227887,+,False,False,False,
CLRN2,NM_001079827.2,165,T,K,ACG,2,AAG,exact nucleotide concordance,996040,no assertion criteria provided,0,"Hearing loss, autosomal recessive 117",False,False,60,chr4,17526877,+,True,False,True,WildType
ABCD1,NM_000033.4,152,R,S,CGT,1,AGT,exact nucleotide concordance,996091,"criteria provided, single submitter",1,Adrenoleukodystrophy,False,False,446,chrX,153725720,+,False,False,False,
ARSA,NM_000487.6,194,P,H,CCC,2,CAC,exact nucleotide concordance,996130,"criteria provided, multiple submitters, no conflicts",2,Metachromatic leukodystrophy,True,False,103,chr22,50626937,-,False,False,False,
ITGB3,NM_000212.3,254,Q,K,CAG,1,AAG,exact nucleotide concordance,996175,reviewed by expert panel,3,Glanzmann thrombasthenia,True,False,17,chr17,47286405,+,True,False,True,Vivo
GLA,NM_000169.3,297,S,Y,TCT,2,TAT,exact nucleotide concordance,996293,"criteria provided, multiple submitters, no conflicts",2,Fabry disease|not provided,True,False,88,chrX,101398479,-,True,False,True,Vitro
NF1,NM_001042492.3,246,A,E,GCA,2,GAA,exact nucleotide concordance,996418,"criteria provided, multiple submitters, no conflicts",2,"Neurofibromatosis, type 1",True,False,6,chr17,31182514,+,False,False,False,
NF1,NM_001042492.3,1599,S,Y,TCC,2,TAC,exact nucleotide concordance,996490,"criteria provided, multiple submitters, no conflicts",2,"Neurofibromatosis, type 1|not provided",True,False,39,chr17,31265300,+,True,False,True,WildType
FBXO11,NM_001190274.2,892,A,D,GCT,2,GAT,exact nucleotide concordance,996666,no assertion criteria provided,0,Neurodevelopmental disorder,False,False,20,chr2,47808227,-,True,False,True,WildType
TMC1,NM_138691.3,596,S,R,AGC,3,AGA,exact nucleotide concordance,996719,no assertion criteria provided,0,"Hearing loss, autosomal recessive",False,False,24,chr9,72820866,+,True,False,True,Vitro
EDARADD,NM_145861.4,190,D,E,GAC,3,GAA,exact nucleotide concordance,996825,"criteria provided, single submitter",1,"Ectodermal dysplasia 11B, hypohidrotic/hair/tooth type, autosomal recessive",False,False,78,chr1,236482571,+,True,False,True,Vitro
IDS,NM_000202.8,349,S,R,AGC,3,AGA,exact nucleotide concordance,996921,"criteria provided, multiple submitters, no conflicts",2,"Mucopolysaccharidosis, MPS-II",True,False,40,chrX,149487058,-,False,False,False,
SMPD1,NM_000543.5,253,D,E,GAC,3,GAA,exact nucleotide concordance,997803,"criteria provided, multiple submitters, no conflicts",2,"Intellectual disability|Sphingomyelin/cholesterol lipidosis|Niemann-Pick disease, type A;Niemann-Pick disease, type B",True,False,332,chr11,6391824,+,True,False,True,Vivo
NPR2,NM_003995.4,417,Q,K,CAG,1,AAG,exact nucleotide concordance,997998,no assertion criteria provided,0,Short stature with nonspecific skeletal abnormalities,False,False,30,chr9,35800739,+,True,False,True,Vitro
MMP13,NM_002427.4,75,F,L,TTC,3,TTA,different-position convergence,998000,no assertion criteria provided,0,"Spondyloepimetaphyseal dysplasia, Missouri type",False,False,102,chr11,102955391,-,False,False,False,
PLA2G6,NM_003560.4,223,P,Q,CCG,2,CAG,exact nucleotide concordance,1012263,no assertion criteria provided,0,Neurodegeneration with brain iron accumulation 2B,False,False,58,chr22,38140111,-,False,False,False,
PYGL,NM_002863.5,24,N,K,AAC,3,AAA,exact nucleotide concordance,998111,"criteria provided, single submitter",1,"Glycogen storage disease, type VI",False,False,71,chr14,50944332,-,True,False,True,WildType
AMT,NM_000481.4,353,S,Y,TCC,2,TAC,exact nucleotide concordance,1008464,"criteria provided, single submitter",1,Glycine encephalopathy,False,False,24,chr3,49417694,-,True,False,True,Vivo
PRPH2,NM_000322.5,232,A,E,GCA,2,GAA,exact nucleotide concordance,1006733,"criteria provided, single submitter",1,PRPH2-related disorder,False,False,113,chr6,42704498,-,False,False,False,
PTEN,NM_000314.8,38,P,H,CCT,2,CAT,exact nucleotide concordance,1012092,reviewed by expert panel,3,PTEN hamartoma tumor syndrome|not provided,True,False,33,chr10,87894058,+,False,False,False,
BEST1,NM_004183.4,16,S,Y,TCC,2,TAC,exact nucleotide concordance,1000927,"criteria provided, single submitter",1,not provided,False,False,46,chr11,61951853,+,True,False,True,Vitro;WildType
SPRED1,NM_152594.3,102,T,K,ACG,2,AAG,exact nucleotide concordance,1004532,"criteria provided, single submitter",1,Legius syndrome,False,False,71,chr15,38322338,+,True,False,True,Vivo
COMP,NM_000095.3,515,D,E,GAC,3,GAA,"same-position, alternate-base convergence",1010194,"criteria provided, single submitter",1,not provided,False,False,55,chr19,18785796,-,False,False,False,
GNAO1,NM_020988.3,229,S,R,AGC,3,AGA,"same-position, alternate-base convergence",1012171,"criteria provided, single submitter",1,"Developmental and epileptic encephalopathy, 17;Neurodevelopmental disorder with involuntary movements|Developmental and epileptic encephalopathy, 17",False,False,36,chr16,56336824,+,True,False,True,Vivo
GNAO1,NM_020988.3,270,N,K,AAC,3,AAA,exact nucleotide concordance,1012173,"criteria provided, single submitter",1,"Developmental and epileptic encephalopathy, 17;Neurodevelopmental disorder with involuntary movements|not provided",False,False,67,chr16,56351470,+,True,False,True,Vivo
CLCN7,NM_001287.6,318,F,L,TTC,3,TTA,different-position convergence,1012215,"criteria provided, single submitter",1,Autosomal dominant osteopetrosis 2|CLCN7-related disorder,False,False,29,chr16,1455760,-,True,False,True,
PRF1,NM_001083116.3,49,D,E,GAC,3,GAA,exact nucleotide concordance,1012308,"criteria provided, multiple submitters, no conflicts",2,"Familial hemophagocytic lymphohistiocytosis 2|Aplastic anemia;Familial hemophagocytic lymphohistiocytosis 2;Lymphoma, non-Hodgkin, familial|Familial hemophagocytic lymphohistiocytosis",True,False,146,chr10,70600756,-,False,False,False,
ABCA4,NM_000350.3,1642,S,R,AGC,3,AGA,exact nucleotide concordance,1013244,"criteria provided, multiple submitters, no conflicts",2,not provided,True,False,77,chr1,94021332,-,True,False,True,Vivo;WildType
GRIN2D,NM_000836.4,837,S,R,AGC,3,AGA,exact nucleotide concordance,1013175,"criteria provided, single submitter",1,not provided,False,False,70,chr19,48442220,+,False,False,False,
ALPL,NM_000478.6,410,F,L,TTC,3,TTA,different-position convergence,1020192,"criteria provided, multiple submitters, no conflicts",2,not provided|Hypophosphatasia,True,False,38,chr1,21576560,+,True,False,True,
USH2A,NM_206933.4,1490,P,H,CCT,2,CAT,exact nucleotide concordance,1018520,"criteria provided, single submitter",1,not provided,False,False,72,chr1,216175410,-,False,False,False,
ABCA4,NM_000350.3,1695,A,D,GCC,2,GAC,exact nucleotide concordance,1019575,"criteria provided, single submitter",1,not provided,False,False,65,chr1,94019694,-,True,False,True,Vivo
VHL,NM_000551.4,64,R,S,CGC,1,AGC,exact nucleotide concordance,1023005,"criteria provided, single submitter",1,Von Hippel-Lindau syndrome;Chuvash polycythemia,False,False,150,chr3,10142037,+,False,False,False,
FLNC,NM_001458.5,2520,T,N,ACC,2,AAC,exact nucleotide concordance,1025130,"criteria provided, single submitter",1,not provided;Distal myopathy with posterior leg and anterior hand involvement;Hypertrophic cardiomyopathy 26;Myofibrillar myopathy 5,False,True,2,chr7,128856919,+,True,False,True,WildType
TP53,NM_000546.6,337,R,S,CGC,1,AGC,exact nucleotide concordance,1019612,reviewed by expert panel,3,Li-Fraumeni syndrome,True,False,15,chr17,7670700,-,False,False,False,
TP53,NM_000546.6,159,A,D,GCC,2,GAC,exact nucleotide concordance,1026335,"criteria provided, multiple submitters, no conflicts",2,"Li-Fraumeni syndrome|Prostate cancer, hereditary, 1|Li-Fraumeni syndrome 1|Diffuse midline glioma, H3 K27M-mutant",True,False,83,chr17,7675136,-,True,False,True,WildType
OPA1,NM_130837.3,295,N,K,AAC,3,AAA,"same-position, alternate-base convergence",1027447,"criteria provided, single submitter",1,Autosomal dominant optic atrophy classic form,False,False,41,chr3,193635459,+,False,False,False,
TMEM67,NM_153704.6,694,T,N,ACT,2,AAT,exact nucleotide concordance,1027528,"criteria provided, single submitter",1,Spastic ataxia,False,False,19,chr8,93797451,+,False,False,False,
SPG7,NM_003119.4,647,A,E,GCA,2,GAA,exact nucleotide concordance,1027419,"criteria provided, multiple submitters, no conflicts",2,Hereditary spastic paraplegia 7,False,True,3,chr16,89553797,+,False,False,False,
HECW2,NM_001348768.2,1199,N,K,AAC,3,AAA,exact nucleotide concordance,1027612,"criteria provided, multiple submitters, no conflicts",2,"Neurodevelopmental disorder with hypotonia, seizures, and absent language|not provided",True,False,53,chr2,196242137,-,True,False,True,Vitro;WildType
PPP2CA,NM_002715.4,125,Q,K,CAA,1,AAA,exact nucleotide concordance,1028042,"criteria provided, single submitter",1,Houge-Janssens syndrome 3,False,False,60,chr5,134201961,-,True,False,True,WildType
CHD7,NM_017780.4,2,A,E,GCA,2,GAA,exact nucleotide concordance,1028059,"criteria provided, single submitter",1,Hypogonadotropic hypogonadism 5 with or without anosmia,False,False,4,chr8,60741437,+,True,False,True,WildType
PLP1,NM_000533.5,224,L,I,CTT,1,ATT,exact nucleotide concordance,1029901,"criteria provided, single submitter",1,Hereditary spastic paraplegia 2,False,False,26,chrX,103788484,+,True,False,True,Vivo
NEXMIF,NM_001008537.3,1146,S,Y,TCT,2,TAT,exact nucleotide concordance,1030946,"criteria provided, single submitter",1,"X-linked intellectual disability, Cantagrel type",False,False,1020,chrX,74741120,-,False,False,False,
TUBB4A,NM_006087.4,285,T,K,ACG,2,AAG,exact nucleotide concordance,1033070,"criteria provided, single submitter",1,Torsion dystonia 4,False,False,481,chr19,6495645,-,False,False,False,
ABCA4,NM_000350.3,510,L,I,CTC,1,ATC,exact nucleotide concordance,1035783,"criteria provided, multiple submitters, no conflicts",2,not provided|Retinitis pigmentosa,True,False,26,chr1,94077716,-,True,False,True,WildType
SLC22A5,NM_003060.4,38,S,Y,TCC,2,TAC,exact nucleotide concordance,1042938,"criteria provided, single submitter",1,Renal carnitine transport defect|Decreased circulating carnitine concentration,False,False,112,chr5,132370085,+,True,False,True,Vitro
PTEN,NM_000314.8,92,D,E,GAC,3,GAA,"same-position, alternate-base convergence",1043062,reviewed by expert panel,3,PTEN hamartoma tumor syndrome|Cowden syndrome 1|Hereditary cancer-predisposing syndrome,True,False,22,chr10,87933035,+,False,True,True,
KCNQ1,NM_000218.3,371,A,E,GCA,2,GAA,exact nucleotide concordance,1038475,"criteria provided, single submitter",1,Long QT syndrome,False,False,16,chr11,2585291,+,True,False,True,WildType
RDH12,NM_152443.3,49,T,K,ACG,2,AAG,exact nucleotide concordance,1037561,"criteria provided, multiple submitters, no conflicts",2,Leber congenital amaurosis 13|Cone-rod dystrophy|Leber congenital amaurosis,True,False,41,chr14,67724550,+,True,False,True,Vitro;WildType
PSEN1,NM_000021.4,223,Q,K,CAG,1,AAG,exact nucleotide concordance,1045636,"criteria provided, single submitter",1,"Pick disease;Frontotemporal dementia;Acne inversa, familial, 3;Alzheimer disease 3",False,False,102,chr14,73192762,+,True,False,True,WildType
NF1,NM_001042492.3,2737,A,D,GCC,2,GAC,exact nucleotide concordance,1042910,"criteria provided, single submitter",1,"Neurofibromatosis, type 1",False,False,49,chr17,31360536,+,False,False,False,
CRX,NM_000554.6,43,R,S,CGC,1,AGC,exact nucleotide concordance,1047499,"criteria provided, single submitter",1,Cone-rod dystrophy 2;Leber congenital amaurosis 7,False,False,26,chr19,47836269,+,True,False,True,Vivo
BTK,NM_000061.3,644,F,L,TTC,3,TTA,"same-position, alternate-base convergence",1047473,"criteria provided, single submitter",1,X-linked agammaglobulinemia with growth hormone deficiency,False,False,23,chrX,101349933,-,True,False,True,WildType
IL2RG,NM_000206.3,172,L,M,CTG,1,ATG,exact nucleotide concordance,1044346,"criteria provided, single submitter",1,X-linked severe combined immunodeficiency,False,False,59,chrX,71110236,-,False,False,False,
ABCA4,NM_000350.3,581,T,N,ACC,2,AAC,exact nucleotide concordance,1048122,"criteria provided, single submitter",1,Severe early-childhood-onset retinal dystrophy,False,False,18,chr1,94063130,-,True,False,True,WildType
GUCY2D,NM_000180.4,310,T,N,ACC,2,AAC,exact nucleotide concordance,1048129,"criteria provided, single submitter",1,Leber congenital amaurosis 1,False,False,97,chr17,8004059,+,True,False,True,WildType
GALNS,NM_000512.5,341,S,R,AGC,3,AGA,"same-position, alternate-base convergence",1048436,"criteria provided, single submitter",1,"Mucopolysaccharidosis, MPS-IV-A",False,False,20,chr16,88826818,-,False,False,False,
BAAT,NM_001701.4,84,P,T,CCT,1,ACT,exact nucleotide concordance,1048535,no assertion criteria provided,0,Bile acid conjugation defect 1,False,False,216,chr9,101371155,-,False,False,False,
RYR2,NM_001035.3,2168,H,Q,CAC,3,CAA,exact nucleotide concordance,1051501,"criteria provided, single submitter",1,Catecholaminergic polymorphic ventricular tachycardia 1,False,False,51,chr1,237631490,+,True,False,True,Vitro;Vivo
ABCA4,NM_000350.3,62,P,T,CCC,1,ACC,exact nucleotide concordance,1053738,"criteria provided, single submitter",1,not provided,False,False,23,chr1,94111556,-,True,False,True,Vitro;WildType
SCN1A,NM_001165963.4,383,F,L,TTC,3,TTA,exact nucleotide concordance,1061224,"criteria provided, single submitter",1,Early-infantile DEE,False,False,21,chr2,166047648,-,False,False,False,
DNAH11,NM_001277115.2,1880,T,N,ACT,2,AAT,exact nucleotide concordance,1063863,"criteria provided, single submitter",1,Primary ciliary dyskinesia,False,False,17,chr7,21687116,+,False,False,False,
SCN8A,NM_001330260.2,1846,D,E,GAC,3,GAA,exact nucleotide concordance,1056257,"criteria provided, single submitter",1,Early-infantile DEE,False,False,405,chr12,51807024,+,False,False,False,
FBN1,NM_000138.5,1131,N,K,AAC,3,AAA,exact nucleotide concordance,1053613,"criteria provided, single submitter",1,Marfan syndrome;Familial thoracic aortic aneurysm and aortic dissection,False,False,55,chr15,48487382,-,True,False,True,WildType
PCDH19,NM_001184880.2,433,L,M,CTG,1,ATG,exact nucleotide concordance,1059075,"criteria provided, single submitter",1,"Developmental and epileptic encephalopathy, 9",False,False,850,chrX,100407301,-,False,False,False,
PHEX,NM_000444.6,727,F,L,TTC,3,TTA,different-position convergence,1052063,"criteria provided, single submitter",1,not provided,False,False,31,chrX,22247882,+,True,False,True,
GRIA2,NM_001083619.3,644,F,L,TTC,3,TTA,exact nucleotide concordance,1064415,"criteria provided, single submitter",1,Neurodevelopmental disorder with language impairment and behavioral abnormalities,False,False,87,chr4,157341351,+,False,False,False,
GRIA2,NM_001083619.3,646,T,N,ACT,2,AAT,exact nucleotide concordance,1064414,"criteria provided, multiple submitters, no conflicts",2,Neurodevelopmental disorder with language impairment and behavioral abnormalities,True,False,92,chr4,157341356,+,False,False,False,
CNGA3,NM_001298.3,271,P,T,CCA,1,ACA,exact nucleotide concordance,1064495,no assertion criteria provided,0,Achromatopsia 2,False,False,137,chr2,98395981,+,True,False,True,WildType
SCN1A,NM_001165963.4,1326,A,D,GCC,2,GAC,exact nucleotide concordance,1064821,"criteria provided, multiple submitters, no conflicts",2,Neurodevelopmental disorder|Early-infantile DEE,True,False,25,chr2,166009744,-,False,False,False,
BAP1,NM_004656.4,12,P,T,CCA,1,ACA,exact nucleotide concordance,1064792,no assertion criteria provided,0,Neurodevelopmental disorder|Kury-Isidor syndrome,False,True,3,chr3,52409845,-,False,False,False,
ASL,NM_000048.4,168,R,S,CGC,1,AGC,exact nucleotide concordance,1064860,"criteria provided, single submitter",1,Neurodevelopmental disorder,False,False,22,chr7,66086640,+,True,False,True,WildType
SLC6A8,NM_005629.4,418,Q,K,CAG,1,AAG,exact nucleotide concordance,1064861,"criteria provided, single submitter",1,Neurodevelopmental disorder,False,True,2,chrX,153694015,+,False,False,False,
SLC26A4,NM_000441.2,427,S,Y,TCT,2,TAT,exact nucleotide concordance,1065046,"criteria provided, single submitter",1,Pendred syndrome,False,False,16,chr7,107694419,+,False,False,False,
CDH23,NM_022124.6,1072,A,D,GCC,2,GAC,exact nucleotide concordance,1064874,"criteria provided, multiple submitters, no conflicts",2,Hearing impairment|Autosomal recessive nonsyndromic hearing loss 12|Retinal dystrophy,True,False,5,chr10,71709206,+,True,False,True,Vivo
TMPRSS3,NM_001256317.3,322,P,H,CCT,2,CAT,exact nucleotide concordance,1065053,"criteria provided, single submitter",1,Hearing impairment,False,False,12,chr21,42380200,-,True,False,True,WildType
SLC26A4,NM_000441.2,106,A,D,GCC,2,GAC,exact nucleotide concordance,1065204,"criteria provided, multiple submitters, no conflicts",2,Autosomal recessive nonsyndromic hearing loss 4|not provided,True,False,12,chr7,107672150,+,False,False,False,
SLC26A4,NM_000441.2,721,T,K,ACG,2,AAG,exact nucleotide concordance,1065206,"criteria provided, single submitter",1,Autosomal recessive nonsyndromic hearing loss 4,False,False,72,chr7,107710126,+,True,False,True,WildType
CFAP298,NM_021254.4,103,A,D,GCT,2,GAT,exact nucleotide concordance,1065354,no assertion criteria provided,0,Heterotaxy,False,True,0,chr21,32607716,-,True,False,True,Vitro;WildType
VPS16,NM_022575.4,52,N,K,AAC,3,AAA,exact nucleotide concordance,1065418,no assertion criteria provided,0,Dystonia 30,False,False,13,chr20,2860067,+,True,False,True,WildType
TUBB2A,NM_001069.3,358,P,T,CCC,1,ACC,exact nucleotide concordance,1065443,"criteria provided, single submitter",1,Complex cortical dysplasia with other brain malformations 5,False,False,266,chr6,3154129,-,False,False,False,
POLD1,NM_002691.4,1073,S,R,AGC,3,AGA,"same-position, alternate-base convergence",1065532,no assertion criteria provided,0,Intellectual disability|not provided,False,True,0,chr19,50417842,+,True,False,True,Vivo
ALDOB,NM_000035.4,280,A,D,GCC,2,GAC,exact nucleotide concordance,1065856,no assertion criteria provided,0,Hereditary fructosuria,False,False,39,chr9,101425003,-,False,False,False,
POMGNT1,NM_017739.4,605,R,S,CGT,1,AGT,exact nucleotide concordance,1067007,"criteria provided, multiple submitters, no conflicts",2,"Muscular dystrophy-dystroglycanopathy (congenital with intellectual disability), type B3;Autosomal recessive limb-girdle muscular dystrophy type 2O|Autosomal recessive limb-girdle muscular dystrophy|Muscular dystrophy-dystroglycanopathy (congenital with intellectual disability), type B3;Muscular dystrophy-dystroglycanopathy (congenital with brain and eye anomalies), type A3;Retinitis pigmentosa 76;Autosomal recessive limb-girdle muscular dystrophy type 2O",True,False,27,chr1,46189540,-,True,False,True,Vitro;WildType
SCN3A,NM_006922.4,1463,F,L,TTC,3,TTA,different-position convergence,1066525,"criteria provided, single submitter",1,not provided,False,False,44,chr2,165095555,-,False,False,False,
SOX11,NM_003108.4,56,F,L,TTC,3,TTA,"same-position, alternate-base convergence",1067424,"criteria provided, multiple submitters, no conflicts",2,not provided|Intellectual developmental disorder with microcephaly and with or without ocular malformations or hypogonadotropic hypogonadism,True,False,167,chr2,5692889,+,False,False,False,
ZBTB20,NM_001348800.3,628,H,N,CAC,1,AAC,exact nucleotide concordance,1067339,"criteria provided, multiple submitters, no conflicts",2,not provided|Primrose syndrome,True,False,77,chr3,114339349,-,False,False,False,
GABRA1,NM_001127644.2,42,F,L,TTC,3,TTA,different-position convergence,1066045,"criteria provided, single submitter",1,"Idiopathic generalized epilepsy;Epilepsy, idiopathic generalized, susceptibility to, 13;Epilepsy, childhood absence 4",False,False,49,chr5,161854207,+,True,False,True,
ARSB,NM_000046.5,147,H,Q,CAC,3,CAA,"same-position, alternate-base convergence",1067555,"criteria provided, single submitter",1,Mucopolysaccharidosis type 6,False,False,58,chr5,78969064,-,True,False,True,Vitro
EPM2A,NM_005670.4,84,F,L,TTC,3,TTA,"same-position, alternate-base convergence",1068373,"criteria provided, single submitter",1,Progressive myoclonic epilepsy,False,False,49,chr6,145735247,-,False,False,False,
MMUT,NM_000255.4,514,Q,K,CAG,1,AAG,exact nucleotide concordance,1068338,"criteria provided, single submitter",1,not provided,False,False,20,chr6,49447690,-,False,False,False,
ACTB,NM_001101.5,108,A,D,GCC,2,GAC,exact nucleotide concordance,1066727,"criteria provided, single submitter",1,Baraitser-Winter syndrome 1,False,False,40,chr7,5529201,-,True,False,True,Vitro;Vivo
ACTA2,NM_001613.4,39,R,S,CGT,1,AGT,exact nucleotide concordance,1066384,"criteria provided, single submitter",1,"Aortic aneurysm, familial thoracic 6",False,False,14,chr10,88948816,-,True,False,True,Vitro;WildType
PAH,NM_000277.3,287,L,M,CTG,1,ATG,exact nucleotide concordance,1068222,"criteria provided, single submitter",1,Phenylketonuria,False,False,16,chr12,102851740,-,True,False,True,WildType
PAH,NM_000277.3,263,F,L,TTC,3,TTA,exact nucleotide concordance,1066686,"criteria provided, single submitter",1,Phenylketonuria,False,False,53,chr12,102852868,-,True,False,True,Vivo
CHD4,NM_001273.5,1147,D,E,GAC,3,GAA,"same-position, alternate-base convergence",1067691,"criteria provided, single submitter",1,not provided,False,False,24,chr12,6588322,-,True,False,True,Vitro
GJB2,NM_004004.6,80,Q,K,CAG,1,AAG,exact nucleotide concordance,1067767,"criteria provided, multiple submitters, no conflicts",2,not provided|Autosomal recessive nonsyndromic hearing loss 1A,True,False,237,chr13,20189344,-,False,False,False,
GJB2,NM_004004.6,78,A,D,GCC,2,GAC,exact nucleotide concordance,1066933,"criteria provided, single submitter",1,not provided,False,False,232,chr13,20189349,-,False,False,False,
GABRB3,NM_000814.6,254,S,Y,TCT,2,TAT,exact nucleotide concordance,1068162,"criteria provided, single submitter",1,"Epilepsy, childhood absence, susceptibility to, 1;Epilepsy, childhood absence, susceptibility to, 5",False,False,74,chr15,26567655,-,True,False,True,Vivo
SLC12A3,NM_001126108.2,145,R,S,CGT,1,AGT,exact nucleotide concordance,1065972,"criteria provided, single submitter",1,not provided,False,True,3,chr16,56868300,+,False,False,False,
PRPF8,NM_006445.4,2314,F,L,TTC,3,TTA,"same-position, alternate-base convergence",1066428,"criteria provided, single submitter",1,not provided,False,False,66,chr17,1650868,-,True,False,True,Vitro
TP53,NM_000546.6,158,R,S,CGC,1,AGC,exact nucleotide concordance,1067910,"criteria provided, single submitter",1,"Li-Fraumeni syndrome|Diffuse pediatric-type high-grade glioma, H3-wildtype and IDH-wildtype",False,False,87,chr17,7675140,-,True,True,True,WildType
TTR,NM_000371.4,60,T,N,ACC,2,AAC,exact nucleotide concordance,1066429,"criteria provided, multiple submitters, no conflicts",2,"Amyloidosis, hereditary systemic 1|Cardiovascular phenotype|not provided",True,False,21,chr18,31593005,+,False,False,False,
COMP,NM_000095.3,489,N,K,AAC,3,AAA,exact nucleotide concordance,1067222,"criteria provided, multiple submitters, no conflicts",2,not provided|Multiple epiphyseal dysplasia type 1,True,False,22,chr19,18785987,-,False,False,False,
COMP,NM_000095.3,453,N,K,AAC,3,AAA,"same-position, alternate-base convergence",1066799,"criteria provided, single submitter",1,not provided,False,False,51,chr19,18786095,-,False,False,False,
COMP,NM_000095.3,439,D,E,GAC,3,GAA,"same-position, alternate-base convergence",1066197,"criteria provided, multiple submitters, no conflicts",2,not provided|Multiple epiphyseal dysplasia type 1,True,False,9,chr19,18786137,-,False,False,False,
NPHS1,NM_004646.4,350,S,Y,TCC,2,TAC,exact nucleotide concordance,1066437,"criteria provided, single submitter",1,not provided,False,False,36,chr19,35848758,-,False,False,False,
BCKDHA,NM_000709.4,409,F,L,TTC,3,TTA,"same-position, alternate-base convergence",1066997,"criteria provided, single submitter",1,Maple syrup urine disease,False,False,59,chr19,41424497,+,True,False,True,WildType
KCNB1,NM_004975.4,319,S,Y,TCT,2,TAT,exact nucleotide concordance,1067365,"criteria provided, single submitter",1,"Developmental and epileptic encephalopathy, 26",False,False,388,chr20,49374604,-,True,False,True,Vivo
KCNQ2,NM_172107.4,306,A,E,GCG,2,GAG,exact nucleotide concordance,1066055,"criteria provided, multiple submitters, no conflicts",2,not provided|Early-infantile DEE,True,False,10,chr20,63439608,-,False,False,False,
F9,NM_000133.4,101,P,Q,CCA,2,CAA,exact nucleotide concordance,1067340,"criteria provided, single submitter",1,"Hereditary factor IX deficiency disease;Thrombophilia, X-linked, due to factor 9 defect",False,False,24,chrX,139541100,+,False,False,False,
G6PD,NM_001360016.2,335,A,D,GCC,2,GAC,exact nucleotide concordance,1068217,"criteria provided, multiple submitters, no conflicts",2,"Anemia, nonspherocytic hemolytic, due to G6PD deficiency|Malaria, susceptibility to|Anemia, nonspherocytic hemolytic, due to G6PD deficiency;Malaria, susceptibility to",True,False,47,chrX,154532989,-,False,False,False,
RS1,NM_000330.4,192,P,H,CCC,2,CAC,exact nucleotide concordance,1066639,"criteria provided, single submitter",1,not provided,False,False,52,chrX,18642104,-,True,False,True,WildType
RS1,NM_000330.4,185,T,K,ACG,2,AAG,exact nucleotide concordance,1066909,"criteria provided, multiple submitters, no conflicts",2,not provided|Juvenile retinoschisis,True,False,31,chrX,18642125,-,True,False,True,WildType
PHEX,NM_000444.6,445,A,D,GCC,2,GAC,exact nucleotide concordance,1068119,"criteria provided, single submitter",1,not provided,False,False,31,chrX,22133554,+,True,False,True,Vitro;Vivo;WildType
PHEX,NM_000444.6,534,P,T,CCG,1,ACG,exact nucleotide concordance,1067659,"criteria provided, single submitter",1,not provided,False,False,13,chrX,22190457,+,True,False,True,Vitro;WildType
OTC,NM_000531.6,225,P,Q,CCG,2,CAG,exact nucleotide concordance,1067355,"criteria provided, single submitter",1,Ornithine carbamoyltransferase deficiency,False,False,10,chrX,38408752,+,True,False,True,WildType
WAS,NM_000377.3,84,F,L,TTC,3,TTA,different-position convergence,1067694,"criteria provided, single submitter",1,X-linked severe congenital neutropenia;Thrombocytopenia 1;Wiskott-Aldrich syndrome,False,False,23,chrX,48684400,+,True,False,True,
ALPL,NM_000478.6,414,L,M,CTG,1,ATG,exact nucleotide concordance,1072423,"criteria provided, multiple submitters, no conflicts",2,not provided|Hypophosphatasia|Adult hypophosphatasia|ALPL-related disorder,True,False,50,chr1,21576572,+,True,False,True,Vitro;Vivo;WildType
FH,NM_000143.4,486,A,D,GCT,2,GAT,exact nucleotide concordance,1074128,"criteria provided, single submitter",1,not provided,False,False,66,chr1,241497904,-,True,False,True,Vitro
STAT1,NM_007315.4,466,S,R,AGC,3,AGA,exact nucleotide concordance,1074337,"criteria provided, single submitter",1,Immunodeficiency 31B;Autoimmune enteropathy and endocrinopathy - susceptibility to chronic infections syndrome;Mendelian susceptibility to mycobacterial diseases due to partial STAT1 deficiency,False,False,48,chr2,190983690,-,True,False,True,Vivo;WildType
RHO,NM_000539.3,347,P,T,CCG,1,ACG,exact nucleotide concordance,1070044,"criteria provided, single submitter",1,not provided,False,False,8,chr3,129533710,+,True,False,True,WildType
ETFDH,NM_004453.4,508,P,T,CCA,1,ACA,exact nucleotide concordance,1069044,"criteria provided, single submitter",1,Multiple acyl-CoA dehydrogenase deficiency,False,False,53,chr4,158706682,+,False,False,False,
GUCA1A,NM_001384910.1,104,N,K,AAC,3,AAA,"same-position, alternate-base convergence",1070956,"criteria provided, multiple submitters, no conflicts",2,not provided|Cone dystrophy 3,True,False,39,chr6,42178390,+,False,False,False,
CLCN1,NM_000083.3,484,F,L,TTC,3,TTA,different-position convergence,1070311,"criteria provided, multiple submitters, no conflicts",2,"Congenital myotonia, autosomal dominant form;Congenital myotonia, autosomal recessive form|not provided|Congenital myotonia, autosomal dominant form",True,False,21,chr7,143339301,+,True,False,True,
MEN1,NM_001370259.2,337,A,D,GCC,2,GAC,exact nucleotide concordance,1070417,"criteria provided, multiple submitters, no conflicts",2,"Multiple endocrine neoplasia, type 1|Hereditary cancer-predisposing syndrome",True,False,39,chr11,64806271,-,True,False,True,Vitro;Vivo;WildType
CLN6,NM_017882.3,256,D,E,GAC,3,GAA,"same-position, alternate-base convergence",1072427,"criteria provided, multiple submitters, no conflicts",2,"Neuronal ceroid lipofuscinosis|not provided|Ceroid lipofuscinosis, neuronal, 6A;Ceroid lipofuscinosis, neuronal, 6B (Kufs type)|Ceroid lipofuscinosis, neuronal, 6A",True,False,102,chr15,68208308,-,True,False,True,WildType
EDA,NM_001399.5,356,A,D,GCC,2,GAC,exact nucleotide concordance,1072864,"criteria provided, multiple submitters, no conflicts",2,Hypohidrotic X-linked ectodermal dysplasia|not provided,True,False,109,chrX,70035500,+,True,False,True,WildType
PAX2,NM_000278.5,80,P,Q,CCG,2,CAG,exact nucleotide concordance,1077008,"criteria provided, single submitter",1,Focal segmental glomerulosclerosis 7,False,False,26,chr10,100750720,+,True,False,True,WildType
NPHS1,NM_004646.4,838,P,T,CCC,1,ACC,exact nucleotide concordance,1077027,"criteria provided, single submitter",1,Finnish congenital nephrotic syndrome,False,False,5,chr19,35842275,-,True,False,True,Vitro;Vivo;WildType
CREBBP,NM_004380.3,1789,N,K,AAC,3,AAA,"same-position, alternate-base convergence",1098414,"criteria provided, single submitter",1,See cases,False,False,194,chr16,3729680,-,False,False,False,
AK1,NM_000476.3,101,Q,K,CAA,1,AAA,exact nucleotide concordance,1162194,"criteria provided, single submitter",1,Hemolytic anemia due to adenylate kinase deficiency|Adenylate kinase deficiency,False,False,23,chr9,127871846,-,True,False,True,Vitro;Vivo;WildType
ATP7B,NM_000053.4,553,A,E,GCA,2,GAA,exact nucleotide concordance,1162211,"criteria provided, single submitter",1,Wilson disease,False,False,49,chr13,51968493,-,True,False,True,WildType
PKLR,NM_000298.6,331,D,E,GAC,3,GAA,exact nucleotide concordance,1163643,"criteria provided, multiple submitters, no conflicts",2,not provided|Pyruvate kinase deficiency of red cells,True,False,27,chr1,155294358,-,False,False,False,
ABCB1,NM_001348946.2,893,S,Y,TCT,2,TAT,exact nucleotide concordance,1164001,no assertion criteria provided,0,Idiopathic generalized epilepsy,False,False,7,chr7,87531301,-,True,False,True,WildType
AUTS2,NM_015570.4,537,H,Q,CAC,3,CAA,exact nucleotide concordance,1164019,no assertion criteria provided,0,Autism spectrum disorder due to AUTS2 deficiency,False,False,78,chr7,70766256,+,True,False,True,WildType
GABRB3,NM_000814.6,225,F,L,TTC,3,TTA,"same-position, alternate-base convergence",1164045,no assertion criteria provided,0,"Developmental and epileptic encephalopathy, 43",False,False,7,chr15,26580326,-,False,False,False,
EIF5A,NM_001970.5,48,T,N,ACT,2,AAT,exact nucleotide concordance,1164078,no assertion criteria provided,0,Faundes-Banka syndrome,False,False,22,chr17,7309778,+,False,False,False,
SLC25A38,NM_017875.4,56,Q,K,CAA,1,AAA,exact nucleotide concordance,1172506,"criteria provided, single submitter",1,Sideroblastic anemia 2,False,False,25,chr3,39389591,+,True,False,True,Vivo
TNNT3,NM_006757.4,63,R,S,CGT,1,AGT,exact nucleotide concordance,1172549,"criteria provided, single submitter",1,"Arthrogryposis, distal, type 2B2",False,False,15,chr11,1933736,+,False,False,False,
TLR8,NM_138636.5,494,F,L,TTC,3,TTA,exact nucleotide concordance,1172679,no assertion criteria provided,0,"INFLTR8|Immunodeficiency 98 with autoinflammation, X-linked",False,False,1478,chrX,12920522,+,True,False,True,WildType
ATP7B,NM_000053.4,604,A,D,GCC,2,GAC,exact nucleotide concordance,1172919,"criteria provided, single submitter",1,Wilson disease,False,False,58,chr13,51964930,-,True,False,True,WildType
MAP3K7,NM_145331.3,272,S,Y,TCC,2,TAC,exact nucleotide concordance,1173089,"criteria provided, single submitter",1,Frontometaphyseal dysplasia 2;Cardiospondylocarpofacial syndrome,False,False,52,chr6,90552101,-,True,False,True,Vivo;WildType
SMPD1,NM_000543.5,477,P,T,CCG,1,ACG,exact nucleotide concordance,1173976,"criteria provided, multiple submitters, no conflicts",2,"Niemann-Pick disease, type A",True,False,57,chr11,6393984,+,True,False,True,Vitro;WildType
SMPD1,NM_000543.5,533,P,Q,CCG,2,CAG,exact nucleotide concordance,1173978,"criteria provided, multiple submitters, no conflicts",2,"Niemann-Pick disease, type A|Niemann-Pick disease, type A;Niemann-Pick disease, type B",True,False,111,chr11,6394309,+,True,False,True,WildType
MMAB,NM_052845.4,127,A,D,GCC,2,GAC,exact nucleotide concordance,1173994,"criteria provided, single submitter",1,"Methylmalonic aciduria, cblB type",False,False,31,chr12,109561821,-,True,False,True,WildType
NIPBL,NM_133433.4,2056,P,T,CCA,1,ACA,exact nucleotide concordance,1174502,no assertion criteria provided,0,Cornelia de Lange syndrome 1,False,False,57,chr5,37044404,+,False,False,False,
SLC17A8,NM_139319.3,212,P,T,CCA,1,ACA,exact nucleotide concordance,1174525,"criteria provided, single submitter",1,Autosomal dominant nonsyndromic hearing loss 25,False,False,42,chr12,100396375,+,True,False,True,Vitro;Vivo
SMAD6,NM_005585.5,197,S,Y,TCC,2,TAC,exact nucleotide concordance,1174555,no assertion criteria provided,0,Radioulnar synostosis,False,False,227,chr15,66703848,+,False,True,True,
SCN1A,NM_001165963.4,931,R,S,CGC,1,AGC,exact nucleotide concordance,1175195,"criteria provided, multiple submitters, no conflicts",2,Severe myoclonic epilepsy in infancy|Early-infantile DEE,True,False,155,chr2,166037931,-,True,False,True,WildType
RUNX2,NM_001024630.4,180,A,E,GCA,2,GAA,exact nucleotide concordance,1175725,"criteria provided, single submitter",1,Cleidocranial dysostosis,False,False,41,chr6,45431978,+,True,False,True,WildType
GRIN2B,NM_000834.5,667,S,R,AGC,3,AGA,exact nucleotide concordance,1175819,"criteria provided, single submitter",1,not provided,False,False,9,chr12,13608612,-,True,False,True,Vitro
SCN8A,NM_001330260.2,218,A,E,GCG,2,GAG,exact nucleotide concordance,1176941,"criteria provided, single submitter",1,not provided,False,False,38,chr12,51689043,+,True,False,True,Vitro;WildType
USP9X,NM_001039591.3,180,P,T,CCT,1,ACT,exact nucleotide concordance,1176301,"criteria provided, single submitter",1,not provided,False,False,102,chrX,41136906,+,True,False,True,WildType
SLC12A3,NM_001126108.2,495,F,L,TTC,3,TTA,exact nucleotide concordance,1179062,"criteria provided, single submitter",1,Familial hypokalemia-hypomagnesemia,False,False,41,chr16,56880171,+,True,False,True,WildType
ASAH1,NM_177924.5,37,P,T,CCT,1,ACT,exact nucleotide concordance,1180796,"criteria provided, single submitter",1,Abnormality of the nervous system,False,False,16,chr8,18075557,-,True,False,True,WildType
CERS3,NM_001378789.1,305,N,K,AAC,3,AAA,exact nucleotide concordance,1180734,"criteria provided, single submitter",1,Abnormality of the skin,False,False,69,chr15,100455977,-,True,False,True,Vitro;WildType
NPC1,NM_000271.5,995,F,L,TTC,3,TTA,"same-position, alternate-base convergence",1180791,"criteria provided, single submitter",1,Abnormality of metabolism/homeostasis,False,False,56,chr18,23538598,-,True,False,True,Vitro;Vivo
ARID1A,NM_006015.6,1077,A,E,GCA,2,GAA,exact nucleotide concordance,1182296,"criteria provided, multiple submitters, no conflicts",2,"not provided|Intellectual disability, autosomal dominant 14|Inborn genetic diseases",True,False,31,chr1,26771150,+,True,False,True,Vitro
H3-3A,NM_002107.7,56,Q,K,CAG,1,AAG,exact nucleotide concordance,1183978,no assertion criteria provided,0,Global developmental delay;Short stature;Delayed speech and language development;Intellectual disability;Brain imaging abnormality,False,False,37,chr1,226065693,+,True,False,True,WildType
H3-3B,NM_005324.5,23,T,K,ACG,2,AAG,exact nucleotide concordance,1183983,no assertion criteria provided,0,Global developmental delay;Short stature;Delayed speech and language development;Intellectual disability;Brain imaging abnormality,False,False,60,chr17,75779107,-,False,False,False,
GATA2,NM_001145661.2,447,S,R,AGC,3,AGA,exact nucleotide concordance,1184017,"criteria provided, single submitter",1,Deafness-lymphedema-leukemia syndrome;GATA2 deficiency with susceptibility to MDS/AML,False,False,102,chr3,128481121,-,False,False,False,
GATA2,NM_001145661.2,358,T,N,ACC,2,AAC,exact nucleotide concordance,1184008,"criteria provided, single submitter",1,Deafness-lymphedema-leukemia syndrome;GATA2 deficiency with susceptibility to MDS/AML,False,False,55,chr3,128481889,-,False,False,False,
POLR3A,NM_007055.4,941,S,R,AGC,3,AGA,different-position convergence,1184051,"criteria provided, single submitter",1,"Leukodystrophy, hypomyelinating, 7, with or without oligodontia and/or hypogonadotropic hypogonadism",False,False,33,chr10,77991134,-,False,False,False,
GATA2,NM_001145661.2,385,P,Q,CCA,2,CAA,exact nucleotide concordance,1184200,"criteria provided, single submitter",1,Deafness-lymphedema-leukemia syndrome;GATA2 deficiency with susceptibility to MDS/AML,False,False,10,chr3,128481308,-,False,False,False,
DYSF,NM_001130987.2,1906,F,L,TTC,3,TTA,"same-position, alternate-base convergence",1184483,"criteria provided, multiple submitters, no conflicts",2,Autosomal recessive limb-girdle muscular dystrophy type 2B|Neuromuscular disease caused by qualitative or quantitative defects of dysferlin|Autosomal recessive limb-girdle muscular dystrophy,True,False,66,chr2,71669680,+,False,False,False,
GJA1,NM_000165.5,201,S,Y,TCT,2,TAT,exact nucleotide concordance,1184546,no assertion criteria provided,0,Oculodentodigital dysplasia,False,False,547,chr6,121447449,+,False,False,False,
TULP1,NM_003322.6,356,P,T,CCT,1,ACT,exact nucleotide concordance,1184552,no assertion criteria provided,0,Retinitis pigmentosa 14,False,False,46,chr6,35505787,-,True,False,True,Vitro;WildType
IFT140,NM_014714.4,876,N,K,AAC,3,AAA,exact nucleotide concordance,1184566,no assertion criteria provided,0,Retinitis pigmentosa 80,False,False,50,chr16,1526027,-,True,False,True,WildType
FA2H,NM_024306.5,266,D,E,GAC,3,GAA,"same-position, alternate-base convergence",1184459,no assertion criteria provided,0,Hereditary spastic paraplegia 35,False,False,11,chr16,74716588,-,True,False,True,WildType
CACNA1A,NM_001127221.2,173,D,E,GAC,3,GAA,exact nucleotide concordance,1184465,no assertion criteria provided,0,Spinocerebellar ataxia type 6,False,False,20,chr19,13452896,-,False,False,False,
STXBP1,NM_003165.6,241,S,Y,TCC,2,TAC,exact nucleotide concordance,1184882,"criteria provided, single submitter",1,not provided,False,False,58,chr9,127666224,+,True,False,True,Vitro;WildType
CBS,NM_000071.3,290,P,Q,CCG,2,CAG,exact nucleotide concordance,1184958,"criteria provided, single submitter",1,not provided,False,False,40,chr21,43063038,-,False,False,False,
COG7,NM_153603.4,606,A,D,GCT,2,GAT,exact nucleotide concordance,1184979,"criteria provided, multiple submitters, no conflicts",2,COG7 congenital disorder of glycosylation,True,False,13,chr16,23398116,-,True,False,True,Vivo
PAH,NM_000277.3,304,Q,K,CAG,1,AAG,exact nucleotide concordance,1185009,reviewed by expert panel,3,Phenylketonuria,False,True,2,chr12,102851689,-,False,False,False,
SCN1A,NM_001165963.4,1832,A,E,GCA,2,GAA,exact nucleotide concordance,1188748,"criteria provided, single submitter",1,not provided,False,False,535,chr2,165991780,-,False,False,False,
ZIC2,NM_007129.5,325,R,S,CGC,1,AGC,exact nucleotide concordance,1187086,"criteria provided, single submitter",1,not provided,False,False,102,chr13,99983037,+,True,False,True,Vitro;WildType
TSPEAR,NM_144991.3,497,N,K,AAC,3,AAA,exact nucleotide concordance,1187498,"criteria provided, single submitter",1,not provided,False,False,75,chr21,44521958,-,False,False,False,
SMS,NM_004595.5,349,P,T,CCT,1,ACT,exact nucleotide concordance,1191854,"criteria provided, single submitter",1,not provided,False,False,16,chrX,21992696,+,True,False,True,Vivo
EDA,NM_001399.5,203,P,T,CCA,1,ACA,exact nucleotide concordance,1190348,"criteria provided, single submitter",1,not provided,False,False,80,chrX,70027937,+,True,False,True,Vitro;WildType
YARS2,NM_001040436.3,185,F,L,TTC,3,TTA,different-position convergence,1193664,"criteria provided, single submitter",1,not provided,False,False,226,chr12,32755322,-,False,False,False,
DNM1L,NM_001278464.2,59,T,N,ACC,2,AAC,exact nucleotide concordance,1195874,"criteria provided, multiple submitters, no conflicts",2,"Encephalopathy, lethal, due to defective mitochondrial peroxisomal fission 1",True,False,73,chr12,32701488,+,False,False,False,
PTEN,NM_000314.8,171,Q,K,CAG,1,AAG,exact nucleotide concordance,1198486,"criteria provided, single submitter",1,not provided,False,False,18,chr10,87952136,+,True,False,True,WildType
CLN6,NM_017882.3,299,P,H,CCC,2,CAC,exact nucleotide concordance,1199253,"criteria provided, single submitter",1,"Ceroid lipofuscinosis, neuronal, 6A",False,False,40,chr15,68208180,-,True,False,True,Vivo
NPC1,NM_000271.5,1022,A,E,GCA,2,GAA,exact nucleotide concordance,1199746,"criteria provided, single submitter",1,not provided,False,False,23,chr18,23536853,-,True,False,True,Vitro;WildType
SMARCA2,NM_003070.5,1201,A,E,GCG,2,GAG,exact nucleotide concordance,1206691,"criteria provided, multiple submitters, no conflicts",2,not provided|Neurodevelopmental disorder,True,False,82,chr9,2115967,+,False,False,False,
EDA,NM_001399.5,318,A,D,GCC,2,GAC,exact nucleotide concordance,1206951,"criteria provided, single submitter",1,not provided,False,False,28,chrX,70035386,+,True,False,True,WildType
GBA1,NM_000157.4,173,T,N,ACC,2,AAC,exact nucleotide concordance,1214070,"criteria provided, single submitter",1,not provided,False,False,63,chr1,155238587,-,False,False,False,
NTRK1,NM_002529.4,698,S,R,AGC,3,AGA,different-position convergence,1216987,"criteria provided, single submitter",1,not provided,False,False,45,chr1,156880044,+,True,False,True,
ALPL,NM_000478.6,389,T,N,ACC,2,AAC,exact nucleotide concordance,1224321,"criteria provided, multiple submitters, no conflicts",2,not provided|Hypophosphatasia|Adult hypophosphatasia,True,False,23,chr1,21575901,+,False,False,False,
COL2A1,NM_001844.5,1410,A,D,GCC,2,GAC,exact nucleotide concordance,1224332,"criteria provided, single submitter",1,not provided,False,False,88,chr12,47974177,-,True,False,True,Vivo
FLNB,NM_001457.4,1547,A,D,GCC,2,GAC,exact nucleotide concordance,1224373,"criteria provided, single submitter",1,not provided,False,False,31,chr3,58134741,+,True,False,True,Vitro;WildType
SOX9,NM_000346.4,176,P,T,CCG,1,ACG,exact nucleotide concordance,1224435,"criteria provided, single submitter",1,not provided,False,False,94,chr17,72122813,+,False,False,False,
OSGEP,NM_017807.4,232,S,Y,TCC,2,TAC,exact nucleotide concordance,1236169,"criteria provided, single submitter",1,Galloway-Mowat syndrome 3,False,False,7,chr14,20448113,-,True,False,True,Vitro;Vivo;WildType
NSUN2,NM_017755.6,414,P,T,CCC,1,ACC,exact nucleotide concordance,1254727,"criteria provided, single submitter",1,not provided,False,False,13,chr5,6609909,-,True,False,True,WildType
PKHD1,NM_138694.4,2510,S,Y,TCT,2,TAT,exact nucleotide concordance,1255544,no assertion criteria provided,0,Autosomal dominant polycystic liver disease,False,False,42,chr6,51868067,-,False,False,False,
PRKCSH,NM_001289104.2,76,H,Q,CAC,3,CAA,"same-position, alternate-base convergence",1255638,no assertion criteria provided,0,Autosomal dominant polycystic liver disease,False,False,31,chr19,11437907,+,False,False,False,
PKD1,NM_001009944.3,2131,S,R,AGC,3,AGA,different-position convergence,1255649,no assertion criteria provided,0,Autosomal dominant polycystic kidney disease,False,False,524,chr16,2108776,-,False,False,False,
PRKCG,NM_002739.5,642,N,K,AAC,3,AAA,"same-position, alternate-base convergence",1283911,"criteria provided, multiple submitters, no conflicts",2,Hereditary ataxia|not provided,True,False,20,chr19,53906727,+,False,False,False,
FOXL2,NM_023067.4,263,S,R,AGC,3,AGA,exact nucleotide concordance,1255995,no assertion criteria provided,0,Genetic non-acquired premature ovarian failure,False,False,342,chr3,138945934,-,False,False,False,
NR5A1,NM_004959.5,189,P,T,CCT,1,ACT,exact nucleotide concordance,1256015,no assertion criteria provided,0,Genetic non-acquired premature ovarian failure,False,False,305,chr9,124500395,-,False,False,False,
NR5A1,NM_004959.5,303,S,R,AGC,3,AGA,exact nucleotide concordance,1256024,no assertion criteria provided,0,Genetic non-acquired premature ovarian failure,False,False,38,chr9,124493111,-,True,False,True,WildType
SCN2A,NM_001371246.1,863,S,Y,TCT,2,TAT,exact nucleotide concordance,1256055,"criteria provided, single submitter",1,"Developmental and epileptic encephalopathy, 11",False,False,25,chr2,165344580,+,True,False,True,WildType
TTPA,NM_000370.3,58,A,D,GCC,2,GAC,exact nucleotide concordance,1256475,"criteria provided, multiple submitters, no conflicts",2,not provided|Familial isolated deficiency of vitamin E,True,False,31,chr8,63085849,-,False,False,False,
STAT1,NM_007315.4,295,T,K,ACA,2,AAA,exact nucleotide concordance,1264351,no assertion criteria provided,0,Chronic mucocutaneous candidiasis,False,False,60,chr2,190995121,-,True,False,True,WildType
AVP,NM_000490.5,87,S,Y,TCC,2,TAC,exact nucleotide concordance,1285212,no assertion criteria provided,0,not provided,False,False,62,chr20,3083039,-,False,False,False,
TEK,NM_000459.5,1037,T,K,ACA,2,AAA,exact nucleotide concordance,1285387,"criteria provided, single submitter",1,Segmental undergrowth associated with venous malformation without capillary component,False,False,6,chr9,27220055,+,True,False,True,Vitro;Vivo;WildType
DOHH,NM_001145165.2,184,N,K,AAC,3,AAA,exact nucleotide concordance,1285605,no assertion criteria provided,0,"DOHH related neurodevelopmental disorder|Neurodevelopmental disorder with microcephaly, cerebral atrophy, and visual impairment",False,False,37,chr19,3492299,-,False,False,False,
PRORP,NM_014672.4,434,A,D,GCC,2,GAC,exact nucleotide concordance,1292048,"criteria provided, single submitter",1,Combined oxidative phosphorylation deficiency 54|Childhood onset sensorineural hearing impairment|PRORP-related disorder,False,False,25,chr14,35266752,+,True,False,True,WildType
STXBP1,NM_003165.6,245,H,N,CAT,1,AAT,exact nucleotide concordance,1298373,no assertion criteria provided,0,"Developmental and epileptic encephalopathy, 4",False,False,61,chr9,127666235,+,True,False,True,Vitro;WildType
SLC2A1,NM_006516.4,295,T,K,ACG,2,AAG,exact nucleotide concordance,1298419,"criteria provided, single submitter",1,not provided,False,False,16,chr1,42929298,-,True,False,True,WildType
HCN1,NM_021072.4,286,H,Q,CAC,3,CAA,exact nucleotide concordance,1298994,"criteria provided, single submitter",1,not provided,False,False,8,chr5,45461999,-,False,False,False,
SLC6A1,NM_003042.4,357,A,E,GCG,2,GAG,exact nucleotide concordance,1299344,"criteria provided, single submitter",1,Epilepsy with myoclonic atonic seizures,False,False,8,chr3,11026351,+,True,False,True,Vitro;Vivo;WildType
AP1G1,NM_001128.6,243,P,H,CCC,2,CAC,exact nucleotide concordance,1299370,no assertion criteria provided,0,"Usmani-Riazuddin syndrome, autosomal recessive",False,False,10,chr16,71765499,-,False,False,False,
MYH3,NM_002470.4,682,P,Q,CCA,2,CAA,exact nucleotide concordance,1299400,no assertion criteria provided,0,"Contractures, pterygia, and variable skeletal fusions syndrome 1B",False,True,2,chr17,10641287,-,True,False,True,Vivo
TGFBR2,NM_003242.6,528,R,S,CGT,1,AGT,exact nucleotide concordance,1299545,"criteria provided, single submitter",1,Loeys-Dietz syndrome 2,False,False,57,chr3,30691477,+,True,False,True,Vitro;Vivo
MAP2K1,NM_002755.4,89,P,T,CCT,1,ACT,exact nucleotide concordance,1299563,"criteria provided, single submitter",1,Cardiofaciocutaneous syndrome 3,False,False,26,chr15,66435211,+,True,False,True,Vitro;Vivo;WildType
KCNJ10,NM_002241.5,134,R,S,CGC,1,AGC,exact nucleotide concordance,1299582,"criteria provided, single submitter",1,EAST syndrome,False,False,399,chr1,160042133,-,True,True,True,Vivo
DARS2,NM_018122.5,151,A,D,GCC,2,GAC,exact nucleotide concordance,1300136,no assertion criteria provided,0,Leukoencephalopathy with brain stem and spinal cord involvement-high lactate syndrome,False,False,40,chr1,173831590,+,True,False,True,WildType
TGFB2,NM_003238.6,338,P,T,CCC,1,ACC,exact nucleotide concordance,1300138,no assertion criteria provided,0,Atrial septal defect 1,False,False,74,chr1,218437422,+,True,False,True,Vivo
JAG1,NM_000214.3,577,S,R,AGC,3,AGA,"same-position, alternate-base convergence",1300241,"criteria provided, single submitter",1,"Charcot-Marie-Tooth disease, axonal, Type 2HH",False,False,10,chr20,10647093,-,False,False,False,
EXOSC5,NM_020158.4,101,T,K,ACG,2,AAG,exact nucleotide concordance,1300248,"criteria provided, multiple submitters, no conflicts",2,"Cerebellar ataxia, brain abnormalities, and cardiac conduction defects",True,False,39,chr19,41391923,-,False,False,False,
OPHN1,NM_002547.3,459,P,T,CCT,1,ACT,exact nucleotide concordance,1300421,"criteria provided, single submitter",1,not provided,False,False,13,chrX,68113226,-,True,False,True,Vitro
TRPV1,NM_080704.4,331,N,K,AAC,3,AAA,"same-position, alternate-base convergence",1301850,"criteria provided, single submitter",1,See cases,False,False,51,chr17,3589858,-,True,False,True,Vivo
ACTA1,NM_001100.4,354,F,L,TTC,3,TTA,different-position convergence,1301883,"criteria provided, single submitter",1,ACTA1-related myopathies,False,False,69,chr1,229431573,-,False,False,False,
PTH1R,NM_000316.3,241,D,E,GAC,3,GAA,"same-position, alternate-base convergence",1301904,"criteria provided, single submitter",1,Pseudohypoparathyroidism,False,False,84,chr3,46898746,+,False,False,False,
POU3F3,NM_006236.3,362,R,S,CGC,1,AGC,exact nucleotide concordance,1301907,no assertion criteria provided,0,Snijders blok-fisher syndrome,False,False,419,chr2,104856594,+,False,False,False,
MYO15A,NM_016239.4,2820,S,R,AGC,3,AGA,different-position convergence,1301965,"criteria provided, single submitter",1,Autosomal recessive nonsyndromic hearing loss 3,False,True,1,chr17,18155431,+,True,False,True,
P4HTM,NM_177939.3,410,R,S,CGT,1,AGT,exact nucleotide concordance,1303426,"criteria provided, single submitter",1,not provided,False,False,60,chr3,49006127,+,True,False,True,Vivo;WildType
CACNA1C,NM_000719.7,1168,T,N,ACC,2,AAC,exact nucleotide concordance,1303511,"criteria provided, single submitter",1,not provided,False,False,55,chr12,2608657,+,False,False,False,
PADI6,NM_207421.4,220,A,E,GCG,2,GAG,exact nucleotide concordance,1308676,"criteria provided, single submitter",1,Oocyte/zygote/embryo maturation arrest 16,False,False,20,chr1,17382072,+,False,False,False,
PADI6,NM_207421.4,632,P,T,CCT,1,ACT,exact nucleotide concordance,1308681,"criteria provided, single submitter",1,Oocyte/zygote/embryo maturation arrest 16,False,False,42,chr1,17401247,+,False,False,False,
SLC26A4,NM_000441.2,657,S,R,AGC,3,AGA,exact nucleotide concordance,1311263,"criteria provided, single submitter",1,not provided,False,False,63,chr7,107701994,+,False,False,False,
PC,NM_001040716.2,812,A,D,GCC,2,GAC,exact nucleotide concordance,1315511,"criteria provided, multiple submitters, no conflicts",2,Pyruvate carboxylase deficiency,True,False,38,chr11,66850712,-,True,False,True,Vivo
DYNC1H1,NM_001376.5,251,R,S,CGC,1,AGC,exact nucleotide concordance,1315552,"criteria provided, multiple submitters, no conflicts",2,not provided|Charcot-Marie-Tooth disease axonal type 2O,True,False,23,chr14,101979951,+,True,False,True,WildType
WFS1,NM_006005.3,443,S,R,AGC,3,AGA,"same-position, alternate-base convergence",1315675,"criteria provided, multiple submitters, no conflicts",2,not provided,True,False,467,chr4,6301124,+,False,False,False,
SPTBN1,NM_003128.3,2244,A,D,GCT,2,GAT,exact nucleotide concordance,1318838,"criteria provided, single submitter",1,not provided,False,False,71,chr2,54665986,+,True,False,True,Vitro;WildType
NTRK2,NM_006180.6,101,S,Y,TCT,2,TAT,exact nucleotide concordance,1319369,"criteria provided, single submitter",1,not provided,False,False,14,chr9,84702362,+,True,False,True,WildType
IFT27,NM_001177701.3,66,A,D,GCT,2,GAT,exact nucleotide concordance,1319939,no assertion criteria provided,0,Bardet-Biedl syndrome 19,False,False,22,chr22,36766175,-,False,False,False,
SCN8A,NM_001330260.2,1650,A,D,GCC,2,GAC,exact nucleotide concordance,1320078,"criteria provided, single submitter",1,"Developmental and epileptic encephalopathy, 13",False,False,153,chr12,51806435,+,False,False,False,
DCX,NM_001195553.2,102,R,S,CGT,1,AGT,exact nucleotide concordance,1320092,"criteria provided, single submitter",1,Lissencephaly type 1 due to doublecortin gene mutation,False,False,60,chrX,111410095,-,False,False,False,
BRAF,NM_004333.6,236,N,K,AAC,3,AAA,"same-position, alternate-base convergence",1320917,"criteria provided, multiple submitters, no conflicts",2,not provided|Cardiovascular phenotype,False,True,3,chr7,140807963,-,True,False,True,WildType
SGSH,NM_000199.5,209,D,E,GAC,3,GAA,"same-position, alternate-base convergence",1321020,"criteria provided, single submitter",1,not provided,False,False,36,chr17,80214208,-,True,False,True,Vivo
GALE,NM_001008216.2,69,D,E,GAC,3,GAA,exact nucleotide concordance,1321343,"criteria provided, single submitter",1,UDPglucose-4-epimerase deficiency,False,False,30,chr1,23798645,-,True,False,True,Vitro;Vivo
CAPN3,NM_000070.3,116,A,D,GCC,2,GAC,exact nucleotide concordance,1321461,"criteria provided, single submitter",1,Autosomal recessive limb-girdle muscular dystrophy type 2A,False,False,32,chr15,42384520,+,False,False,False,
AARS2,NM_020745.4,60,P,H,CCC,2,CAC,exact nucleotide concordance,3765547,"criteria provided, single submitter",1,Combined oxidative phosphorylation defect type 8,False,False,64,chr6,44313145,-,True,False,True,Vivo
ALPL,NM_000478.6,292,P,T,CCA,1,ACA,exact nucleotide concordance,1323883,"criteria provided, multiple submitters, no conflicts",2,not provided|Adult hypophosphatasia|Hypophosphatasia|Adult hypophosphatasia;Childhood hypophosphatasia;Infantile hypophosphatasia,True,False,11,chr1,21573676,+,True,False,True,Vitro;Vivo;WildType
ASPA,NM_000049.4,114,D,E,GAC,3,GAA,exact nucleotide concordance,1323943,"criteria provided, single submitter",1,Spongy degeneration of central nervous system,False,False,90,chr17,3481708,+,False,False,False,
CAPN3,NM_000070.3,334,H,Q,CAC,3,CAA,"same-position, alternate-base convergence",4816056,"criteria provided, single submitter",1,Autosomal recessive limb-girdle muscular dystrophy type 2A,False,False,27,chr15,42392695,+,True,False,True,WildType
CLDN16,NM_006580.4,165,S,Y,TCC,2,TAC,exact nucleotide concordance,1324089,"criteria provided, single submitter",1,Primary hypomagnesemia,False,False,80,chr3,190408425,+,True,False,True,Vitro;Vivo
GALC,NM_000153.4,579,A,E,GCA,2,GAA,exact nucleotide concordance,1324448,"criteria provided, multiple submitters, no conflicts",2,not provided|Galactosylceramide beta-galactosidase deficiency,True,False,65,chr14,87941493,-,True,False,True,Vitro;WildType
MECP2,NM_001110792.2,113,P,T,CCT,1,ACT,exact nucleotide concordance,1324711,"criteria provided, single submitter",1,not provided,False,False,76,chrX,154032283,-,False,False,False,
GRIN2A,NM_001134407.3,812,L,M,CTG,1,ATG,exact nucleotide concordance,1325703,"criteria provided, multiple submitters, no conflicts",2,Landau-Kleffner syndrome|not provided,True,False,77,chr16,9769012,-,False,False,False,
GRIN2D,NM_000836.4,678,A,D,GCC,2,GAC,exact nucleotide concordance,1325737,"criteria provided, single submitter",1,"Developmental and epileptic encephalopathy, 46",False,False,58,chr19,48419756,+,True,False,True,Vitro
FOXG1,NM_005249.5,182,P,Q,CCG,2,CAG,exact nucleotide concordance,1325752,"criteria provided, single submitter",1,FOXG1 disorder,False,False,544,chr14,28767824,+,False,False,False,
SCN8A,NM_001330260.2,1360,T,N,ACT,2,AAT,exact nucleotide concordance,1325767,"criteria provided, single submitter",1,Autosomal recessive inheritance;Global developmental delay;Seizure|Complex neurodevelopmental disorder,False,False,136,chr12,51786678,+,False,False,False,
MINPP1,NM_004897.5,284,A,D,GCC,2,GAC,exact nucleotide concordance,1325784,"criteria provided, single submitter",1,"Pontocerebellar hypoplasia, type 16",False,False,15,chr10,87513139,+,True,False,True,WildType
CHKA,NM_001277.3,341,F,L,TTC,3,TTA,different-position convergence,1325848,"criteria provided, single submitter",1,"Microcephaly;Severe intellectual disability;Seizure|Neurodevelopmental disorder with microcephaly, movement abnormalities, and seizures",False,False,4,chr11,68065890,-,False,False,False,
AFG3L2,NM_006796.3,688,P,T,CCT,1,ACT,exact nucleotide concordance,1327420,"criteria provided, single submitter",1,Spinocerebellar ataxia type 28,False,False,81,chr18,12337454,-,True,False,True,WildType
ADCY5,NM_183357.3,1015,D,E,GAC,3,GAA,exact nucleotide concordance,1327477,"criteria provided, single submitter",1,"Dyskinesia with orofacial involvement, autosomal dominant",False,False,18,chr3,123296102,-,True,False,True,Vitro;Vivo;WildType
ALPL,NM_000478.6,493,N,K,AAC,3,AAA,exact nucleotide concordance,1327508,"criteria provided, multiple submitters, no conflicts",2,Childhood hypophosphatasia|Hypophosphatasia,True,False,96,chr1,21577552,+,False,False,False,
HNF1A,NM_000545.8,107,L,I,CTT,1,ATT,exact nucleotide concordance,1327593,reviewed by expert panel,3,Monogenic diabetes,True,False,7,chr12,120979087,+,True,False,True,WildType
HNF1A,NM_000545.8,143,H,Q,CAC,3,CAA,"same-position, alternate-base convergence",1327604,reviewed by expert panel,3,Monogenic diabetes|HNF1A-related disorder|not provided,True,False,97,chr12,120988935,+,True,False,True,WildType
HNF1A,NM_000545.8,142,S,Y,TCC,2,TAC,exact nucleotide concordance,1327616,reviewed by expert panel,3,Monogenic diabetes,True,False,98,chr12,120988931,+,True,False,True,WildType
ELP4,NM_019040.5,296,L,I,CTT,1,ATT,exact nucleotide concordance,1328941,no assertion criteria provided,0,Global developmental delay;Seizure;Cognitive impairment,False,False,41,chr11,31632364,+,True,False,True,WildType
DMC1,NM_007068.4,287,P,H,CCC,2,CAC,exact nucleotide concordance,1328945,no assertion criteria provided,0,Azoospermia,False,False,23,chr22,38521701,-,False,True,True,
QRICH1,NM_198880.3,628,F,L,TTC,3,TTA,"same-position, alternate-base convergence",1329929,"criteria provided, single submitter",1,Ververi-Brady syndrome,False,False,11,chr3,49033131,-,True,False,True,WildType
MYH3,NM_002470.4,542,P,T,CCC,1,ACC,exact nucleotide concordance,1330222,"criteria provided, single submitter",1,"Arthrogryposis, distal, type 2B3",False,False,42,chr17,10642681,-,False,False,False,
TUBA1A,NM_006009.4,422,R,S,CGT,1,AGT,exact nucleotide concordance,1330377,"criteria provided, single submitter",1,Tubulinopathy-associated dysgyria,False,False,92,chr12,49185102,-,True,True,True,Vivo;WildType
TGFBR2,NM_003242.6,460,R,S,CGC,1,AGC,exact nucleotide concordance,1332770,"criteria provided, single submitter",1,Loeys-Dietz syndrome 2,False,False,18,chr3,30674228,+,True,False,True,Vitro
ASS1,NM_054012.4,96,P,T,CCC,1,ACC,exact nucleotide concordance,1332899,"criteria provided, multiple submitters, no conflicts",2,Citrullinemia|Citrullinemia type I|See cases,True,False,77,chr9,130458512,+,False,False,False,
PIK3CA,NM_006218.4,449,P,T,CCT,1,ACT,exact nucleotide concordance,1333250,"criteria provided, multiple submitters, no conflicts",2,Megalencephaly-capillary malformation-polymicrogyria syndrome,True,False,59,chr3,179210279,+,True,False,True,WildType
ACTA1,NM_001100.4,140,A,D,GCC,2,GAC,exact nucleotide concordance,1333773,"criteria provided, multiple submitters, no conflicts",2,Actin accumulation myopathy,True,False,35,chr1,229432591,-,False,False,False,
PCDH15,NM_001384140.1,139,D,E,GAC,3,GAA,"same-position, alternate-base convergence",1334113,"criteria provided, single submitter",1,Autosomal recessive nonsyndromic hearing loss 23,False,False,57,chr10,54369177,-,False,False,False,
CLCN7,NM_001287.6,359,N,K,AAC,3,AAA,exact nucleotide concordance,1334479,"criteria provided, single submitter",1,"Autosomal dominant osteopetrosis 2;Autosomal recessive osteopetrosis 4;Hypopigmentation, organomegaly, and delayed myelination and development",False,False,21,chr16,1455155,-,False,False,False,
PAH,NM_000277.3,281,P,H,CCT,2,CAT,exact nucleotide concordance,1334639,"criteria provided, multiple submitters, no conflicts",2,Phenylketonuria,False,True,0,chr12,102852815,-,True,False,True,Vitro;Vivo;WildType
ATL1,NM_015915.5,414,S,R,AGC,3,AGA,"same-position, alternate-base convergence",1335145,"criteria provided, single submitter",1,not provided,False,False,122,chr14,50628153,+,False,False,False,
NR2F1,NM_005654.6,110,F,L,TTC,3,TTA,different-position convergence,1335584,"criteria provided, single submitter",1,not provided,False,False,135,chr5,93585351,+,False,False,False,
ABCB4,NM_000443.4,953,A,D,GCC,2,GAC,exact nucleotide concordance,1335676,"criteria provided, multiple submitters, no conflicts",2,not provided|Familial intrahepatic cholestasis,True,False,66,chr7,87411959,-,True,False,True,WildType
DDX3X,NM_001356.5,417,Q,K,CAG,1,AAG,exact nucleotide concordance,1335763,"criteria provided, single submitter",1,not provided,False,False,66,chrX,41345482,+,True,False,True,Vivo
PLA2G6,NM_003560.4,593,P,Q,CCG,2,CAG,exact nucleotide concordance,1335933,"criteria provided, single submitter",1,not provided,False,False,35,chr22,38116176,-,True,False,True,WildType
MNX1,NM_005515.4,260,F,L,TTC,3,TTA,exact nucleotide concordance,1336505,"criteria provided, single submitter",1,not provided,False,False,72,chr7,157006551,-,False,False,False,
TUBB,NM_178014.4,228,L,I,CTT,1,ATT,exact nucleotide concordance,1337305,"criteria provided, single submitter",1,not provided,False,False,404,chr6,30723744,+,False,False,False,
HNF1A,NM_000545.8,49,S,Y,TCC,2,TAC,exact nucleotide concordance,1337740,"criteria provided, single submitter",1,not provided,False,False,145,chr12,120978914,+,False,False,False,
GCK,NM_000162.5,119,A,D,GCT,2,GAT,exact nucleotide concordance,1338287,"criteria provided, single submitter",1,not provided,False,False,7,chr7,44152278,-,True,False,True,WildType
ATCAY,NM_033064.5,301,S,R,AGC,3,AGA,"same-position, alternate-base convergence",1338347,"criteria provided, single submitter",1,not provided,False,False,36,chr19,3913794,+,False,False,False,
ABCC8,NM_000352.6,1505,D,E,GAC,3,GAA,"same-position, alternate-base convergence",1338474,"criteria provided, single submitter",1,not provided,False,False,30,chr11,17394296,-,False,False,False,
CYP1B1,NM_000104.4,237,A,E,GCG,2,GAG,exact nucleotide concordance,1338800,reviewed by expert panel,3,Glaucoma 3A|Primary congenital glaucoma|CYP1B1-related glaucoma with or without anterior segment dysgenesis,True,False,333,chr2,38074679,-,False,False,False,
NPC1,NM_000271.5,840,A,E,GCA,2,GAA,exact nucleotide concordance,1339060,"criteria provided, single submitter",1,"Niemann-Pick disease, type C1",False,False,4,chr18,23540533,-,True,False,True,WildType
GBA1,NM_000157.4,164,S,R,AGC,3,AGA,"same-position, alternate-base convergence",1339116,"criteria provided, multiple submitters, no conflicts",2,Gaucher disease type I|Gaucher disease|not provided,True,False,37,chr1,155238613,-,False,False,False,
PEX26,NM_001127649.3,117,P,T,CCC,1,ACC,exact nucleotide concordance,1339230,"criteria provided, single submitter",1,Peroxisome biogenesis disorder 7A (Zellweger),False,False,22,chr22,18079992,+,True,False,True,WildType
TUBA1A,NM_006009.4,273,A,D,GCC,2,GAC,exact nucleotide concordance,1339565,no assertion criteria provided,0,Lissencephaly due to TUBA1A mutation,False,False,442,chr12,49185548,-,True,False,True,Vivo;WildType
GABRG2,NM_198904.4,317,T,N,ACC,2,AAC,exact nucleotide concordance,1339652,no assertion criteria provided,0,Familial sleep-related hypermotor epilepsy,False,False,27,chr5,162149135,+,True,False,True,Vivo;WildType
GALC,NM_000153.4,467,T,N,ACC,2,AAC,exact nucleotide concordance,1339935,"criteria provided, single submitter",1,Galactosylceramide beta-galactosidase deficiency,False,False,61,chr14,87947817,-,False,False,False,
LMNA,NM_005572.4,56,N,K,AAC,3,AAA,"same-position, alternate-base convergence",1341358,"criteria provided, single submitter",1,7 conditions,False,False,167,chr1,156115086,+,False,False,False,
POLRMT,NM_005035.4,641,F,L,TTC,3,TTA,"same-position, alternate-base convergence",1341475,no assertion criteria provided,0,Combined oxidative phosphorylation deficiency 55,False,False,71,chr19,621775,-,False,False,False,
CDH23,NM_022124.6,1845,N,K,AAC,3,AAA,exact nucleotide concordance,1341497,no assertion criteria provided,0,Usher syndrome,False,False,32,chr10,71784923,+,True,False,True,Vivo;WildType
PIGL,NM_004278.4,146,F,L,TTC,3,TTA,exact nucleotide concordance,1341513,"criteria provided, single submitter",1,CHIME syndrome;Hyperphosphatasia with intellectual disability syndrome 1|PIGL-related disorder|not provided,False,False,11,chr17,16313558,+,True,False,True,Vitro;WildType
GARS1,NM_002047.4,336,P,H,CCT,2,CAT,exact nucleotide concordance,1342184,no assertion criteria provided,0,Charcot-Marie-Tooth disease type 2D,False,False,24,chr7,30612221,+,False,False,False,
ZIC1,NM_003412.4,373,H,N,CAT,1,AAT,exact nucleotide concordance,1342557,"criteria provided, single submitter",1,Structural brain anomalies with impaired intellectual development and craniosynostosis,False,False,29,chr3,147412652,+,False,False,False,
SCN2A,NM_001371246.1,1650,L,I,CTC,1,ATC,exact nucleotide concordance,1342685,no assertion criteria provided,0,Developmental and epileptic encephalopathy;West syndrome,False,False,125,chr2,165388754,+,False,False,False,
SCN2A,NM_001371246.1,1478,Q,K,CAA,1,AAA,exact nucleotide concordance,1342687,no assertion criteria provided,0,Benign familial infantile epilepsy,False,False,14,chr2,165380715,+,False,False,False,
SCN2A,NM_001371246.1,957,T,N,ACC,2,AAC,exact nucleotide concordance,1342692,"criteria provided, single submitter",1,"Benign familial infantile epilepsy|Developmental and epileptic encephalopathy, 11;Seizures, benign familial infantile, 3",False,False,49,chr2,165344862,+,True,False,True,WildType
SCN2A,NM_001371246.1,579,S,R,AGC,3,AGA,"same-position, alternate-base convergence",1342698,no assertion criteria provided,0,Benign familial infantile epilepsy,False,False,65,chr2,165323221,+,False,False,False,
ARMC5,NM_001105247.2,702,A,E,GCG,2,GAG,exact nucleotide concordance,1342711,"criteria provided, single submitter",1,Macronodular adrenal hyperplasia,False,False,107,chr16,31466186,+,False,False,False,
DBT,NM_001918.5,274,P,T,CCT,1,ACT,exact nucleotide concordance,1342939,"criteria provided, single submitter",1,Maple syrup urine disease,False,False,47,chr1,100214936,-,True,False,True,Vitro
ABCD4,NM_005050.4,141,N,K,AAC,3,AAA,"same-position, alternate-base convergence",1343599,"criteria provided, multiple submitters, no conflicts",2,"Cobalamin C disease|Methylmalonic acidemia with homocystinuria, type cblJ|not provided",False,True,2,chr14,74297932,-,True,False,True,Vitro
ARF1,NM_001658.4,51,F,L,TTC,3,TTA,exact nucleotide concordance,1343798,"criteria provided, single submitter",1,Periventricular nodular heterotopia 8,False,False,4,chr1,228097346,+,False,False,False,
DKC1,NM_001363.5,68,H,Q,CAC,3,CAA,"same-position, alternate-base convergence",1343818,"criteria provided, single submitter",1,"Dyskeratosis congenita, X-linked",False,False,32,chrX,154765939,+,True,False,True,WildType
SLC20A2,NM_001257180.2,615,D,E,GAC,3,GAA,"same-position, alternate-base convergence",1343824,"criteria provided, single submitter",1,Idiopathic basal ganglia calcification 1,False,False,50,chr8,42417917,-,False,False,False,
SACS,NM_014363.6,1373,A,E,GCA,2,GAA,exact nucleotide concordance,1343990,"criteria provided, single submitter",1,Hereditary spastic paraplegia,False,False,1932,chr13,23339758,-,True,False,True,Vitro
SPAST,NM_014946.4,403,F,L,TTC,3,TTA,exact nucleotide concordance,1344041,"criteria provided, single submitter",1,Hereditary spastic paraplegia,False,False,35,chr2,32128443,+,False,False,False,
CACNA1E,NM_001205293.3,1425,T,N,ACC,2,AAC,exact nucleotide concordance,1344628,"criteria provided, single submitter",1,Developmental and epileptic encephalopathy|not provided,False,False,55,chr1,181757071,+,True,True,True,Vivo;WildType
UMOD,NM_003361.4,461,A,E,GCG,2,GAG,exact nucleotide concordance,1344662,"criteria provided, multiple submitters, no conflicts",2,Familial juvenile hyperuricemic nephropathy type 1|not provided|Autosomal dominant medullary cystic kidney disease with or without hyperuricemia,True,False,50,chr16,20341286,-,True,False,True,Vivo
NKX6-2,NM_177400.3,101,R,S,CGC,1,AGC,exact nucleotide concordance,1344690,no assertion criteria provided,0,"Spastic ataxia 8, autosomal recessive, with hypomyelinating leukodystrophy",False,False,105,chr10,132785648,-,False,False,False,
ACTB,NM_001101.5,147,R,S,CGT,1,AGT,exact nucleotide concordance,1344710,"criteria provided, single submitter",1,"Congenital smooth muscle hamartoma|BECKER NEVUS, ISOLATED, SOMATIC, MOSAIC|CONGENITAL SMOOTH MUSCLE HAMARTOMA WITH HEMIHYPERTROPHY, SOMATIC, MOSAIC|Becker nevus syndrome",False,False,75,chr7,5528644,-,True,False,True,WildType
LRP2,NM_004525.3,4208,P,H,CCT,2,CAT,exact nucleotide concordance,1344818,no assertion criteria provided,0,Donnai-Barrow syndrome,False,False,32,chr2,169146927,-,False,False,False,
HPDL,NM_032756.4,173,S,Y,TCC,2,TAC,exact nucleotide concordance,1344848,no assertion criteria provided,0,Spastic paraplegia,False,False,517,chr1,45327666,+,False,False,False,
HUWE1,NM_031407.7,4187,R,S,CGT,1,AGT,exact nucleotide concordance,1344905,"criteria provided, single submitter",1,"Intellectual disability, X-linked syndromic, Turner type",False,False,27,chrX,53535474,-,True,False,True,Vivo;WildType
PKD1,NM_001009944.3,153,A,D,GCC,2,GAC,exact nucleotide concordance,1345043,no assertion criteria provided,0,"Polycystic kidney disease, adult type",False,False,71,chr16,2118747,-,False,False,False,
TULP1,NM_003322.6,420,R,S,CGC,1,AGC,exact nucleotide concordance,1366826,"criteria provided, multiple submitters, no conflicts",2,not provided|Leber congenital amaurosis,True,False,33,chr6,35503624,-,True,False,True,Vivo;WildType
MFN2,NM_014874.4,128,H,N,CAC,1,AAC,exact nucleotide concordance,1367006,"criteria provided, single submitter",1,Charcot-Marie-Tooth disease type 2,False,False,70,chr1,11996226,+,True,False,True,Vivo
DEAF1,NM_021008.4,251,D,E,GAC,3,GAA,exact nucleotide concordance,1518918,"criteria provided, single submitter",1,not provided,False,False,51,chr11,686909,-,False,False,False,
RS1,NM_000330.4,101,A,D,GCC,2,GAC,exact nucleotide concordance,1494575,"criteria provided, single submitter",1,not provided,False,False,24,chrX,18647215,-,False,False,False,
ATP7B,NM_000053.4,1094,F,L,TTC,3,TTA,"same-position, alternate-base convergence",1494636,"criteria provided, multiple submitters, no conflicts",2,Wilson disease,True,False,38,chr13,51942516,-,False,False,False,
GLDC,NM_000170.3,733,A,D,GCT,2,GAT,exact nucleotide concordance,1494789,"criteria provided, multiple submitters, no conflicts",2,Glycine encephalopathy|Glycine encephalopathy 1,True,False,4,chr9,6556157,-,True,False,True,Vivo
GJB1,NM_000166.6,149,F,L,TTC,3,TTA,exact nucleotide concordance,1357090,"criteria provided, single submitter",1,Charcot-Marie-Tooth Neuropathy X,False,False,405,chrX,71224154,+,True,False,True,Vivo;WildType
RYR2,NM_001035.3,2300,D,E,GAC,3,GAA,"same-position, alternate-base convergence",1384586,"criteria provided, single submitter",1,Catecholaminergic polymorphic ventricular tachycardia 1,False,False,28,chr1,237638464,+,False,False,False,
SLC2A10,NM_030777.4,243,Q,K,CAA,1,AAA,exact nucleotide concordance,1450973,"criteria provided, multiple submitters, no conflicts",2,Arterial tortuosity syndrome,True,False,561,chr20,46725763,+,True,False,True,Vivo
IDS,NM_000202.8,152,S,R,AGC,3,AGA,different-position convergence,1478222,"criteria provided, multiple submitters, no conflicts",2,"Mucopolysaccharidosis, MPS-II",True,False,35,chrX,149501002,-,False,False,False,
GALC,NM_000153.4,255,P,H,CCT,2,CAT,exact nucleotide concordance,1478271,"criteria provided, single submitter",1,Galactosylceramide beta-galactosidase deficiency,False,False,11,chr14,87968479,-,True,True,True,Vitro;Vivo;WildType
KCNH2,NM_000238.4,641,S,Y,TCC,2,TAC,exact nucleotide concordance,1424837,"criteria provided, multiple submitters, no conflicts",2,Long QT syndrome|Cardiovascular phenotype,True,False,23,chr7,150951471,-,False,False,False,
TULP1,NM_003322.6,380,T,K,ACG,2,AAG,exact nucleotide concordance,1465448,"criteria provided, single submitter",1,not provided,False,False,26,chr6,35503822,-,True,False,True,Vivo
KCNH2,NM_000238.4,430,A,D,GCC,2,GAC,exact nucleotide concordance,1467197,"criteria provided, single submitter",1,Long QT syndrome,False,False,160,chr7,150952693,-,True,False,True,WildType
USH2A,NM_206933.4,303,R,S,CGT,1,AGT,exact nucleotide concordance,1441479,"criteria provided, multiple submitters, no conflicts",2,not provided|Usher syndrome|Usher syndrome type 2A|Retinitis pigmentosa 39,True,False,58,chr1,216325541,-,True,False,True,Vitro;Vivo
SCN1A,NM_001165963.4,1361,F,L,TTC,3,TTA,exact nucleotide concordance,1358512,"criteria provided, single submitter",1,Early-infantile DEE,False,False,80,chr2,166002673,-,False,False,False,
VCP,NM_007126.5,91,N,K,AAC,3,AAA,exact nucleotide concordance,1496153,"criteria provided, single submitter",1,Frontotemporal dementia and/or amyotrophic lateral sclerosis 6;Inclusion body myopathy with Paget disease of bone and frontotemporal dementia,False,False,29,chr9,35067920,-,True,False,True,Vitro;Vivo;WildType
RYR2,NM_001035.3,391,A,D,GCT,2,GAT,exact nucleotide concordance,1524904,"criteria provided, multiple submitters, no conflicts",2,Cardiovascular phenotype|Catecholaminergic polymorphic ventricular tachycardia 1,False,True,1,chr1,237445402,+,True,False,True,Vivo
AIPL1,NM_014336.5,85,A,D,GCC,2,GAC,exact nucleotide concordance,1525112,"criteria provided, single submitter",1,Leber congenital amaurosis 4,False,False,22,chr17,6433941,-,True,False,True,WildType
PPP3CA,NM_000944.5,234,D,E,GAC,3,GAA,exact nucleotide concordance,1452512,"criteria provided, multiple submitters, no conflicts",2,not provided|Developmental and epileptic encephalopathy 91,True,False,59,chr4,101093856,-,False,False,False,
TWIST1,NM_000474.4,158,F,L,TTC,3,TTA,different-position convergence,1480108,"criteria provided, single submitter",1,TWIST1-related craniosynostosis;Saethre-Chotzen syndrome,False,False,137,chr7,19116850,-,False,False,False,
SPTAN1,NM_001130438.3,2319,A,D,GCC,2,GAC,exact nucleotide concordance,1414392,"criteria provided, single submitter",1,Early-infantile DEE,False,True,3,chr9,128632320,+,False,False,False,
SGCA,NM_000023.4,81,R,S,CGC,1,AGC,exact nucleotide concordance,1414624,"criteria provided, single submitter",1,Autosomal recessive limb-girdle muscular dystrophy type 2D,False,False,71,chr17,50167665,+,True,False,True,Vivo
SLC3A1,NM_000341.4,456,R,S,CGT,1,AGT,exact nucleotide concordance,1469318,"criteria provided, single submitter",1,Cystinuria,False,False,33,chr2,44312619,+,False,False,False,
RPE65,NM_000329.3,530,F,L,TTC,3,TTA,exact nucleotide concordance,1470027,reviewed by expert panel,3,Leber congenital amaurosis 2;Retinitis pigmentosa 20|Leber congenital amaurosis 2|RPE65-related recessive retinopathy,True,False,12,chr1,68429788,-,True,False,True,WildType
SMPD1,NM_000543.5,427,H,N,CAC,1,AAC,exact nucleotide concordance,1470150,"criteria provided, single submitter",1,"Niemann-Pick disease, type B;Niemann-Pick disease, type A",False,False,15,chr11,6393632,+,True,False,True,Vitro;Vivo
CYP11B1,NM_000497.4,94,P,Q,CCG,2,CAG,exact nucleotide concordance,1497921,"criteria provided, single submitter",1,not provided,False,False,41,chr8,142879146,-,True,False,True,Vivo;WildType
PAH,NM_000277.3,313,A,E,GCA,2,GAA,exact nucleotide concordance,1511080,"criteria provided, single submitter",1,Phenylketonuria,False,False,25,chr12,102846926,-,True,False,True,Vitro;WildType
GCK,NM_000162.5,151,S,Y,TCC,2,TAC,exact nucleotide concordance,1346275,"criteria provided, single submitter",1,not provided,False,False,31,chr7,44150987,-,True,False,True,Vivo
IDS,NM_000202.8,265,N,K,AAC,3,AAA,exact nucleotide concordance,1455714,"criteria provided, multiple submitters, no conflicts",2,"Mucopolysaccharidosis, MPS-II",True,False,84,chrX,149496430,-,False,False,False,
SOX6,NM_001367873.1,44,H,Q,CAC,3,CAA,"same-position, alternate-base convergence",1496808,"criteria provided, single submitter",1,not provided,False,False,105,chr11,16341117,-,False,False,False,
CPLANE1,NM_001384732.1,1200,A,E,GCG,2,GAG,exact nucleotide concordance,1416162,"criteria provided, multiple submitters, no conflicts",2,not provided|Orofaciodigital syndrome type 6;Joubert syndrome 17,True,False,73,chr5,37198775,-,True,False,True,Vitro;Vivo;WildType
SCN2A,NM_001371246.1,976,N,K,AAC,3,AAA,exact nucleotide concordance,1443607,"criteria provided, single submitter",1,"Seizures, benign familial infantile, 3;Developmental and epileptic encephalopathy, 11",False,False,8,chr2,165354200,+,False,False,False,
SCN2A,NM_001371246.1,414,F,L,TTC,3,TTA,"same-position, alternate-base convergence",1471623,"criteria provided, single submitter",1,"Seizures, benign familial infantile, 3;Developmental and epileptic encephalopathy, 11",False,False,65,chr2,165313967,+,True,False,True,WildType
MPZ,NM_000530.8,52,F,L,TTC,3,TTA,"same-position, alternate-base convergence",1471635,"criteria provided, single submitter",1,"Charcot-Marie-Tooth disease, type I",False,False,78,chr1,161307336,-,True,False,True,Vitro
GRIN2D,NM_000836.4,675,A,D,GCC,2,GAC,exact nucleotide concordance,1499341,"criteria provided, single submitter",1,not provided,False,False,67,chr19,48419747,+,True,False,True,Vitro
USH2A,NM_206933.4,2329,P,H,CCT,2,CAT,exact nucleotide concordance,1473440,"criteria provided, multiple submitters, no conflicts",2,not provided|USH2A-related disorder|Usher syndrome,True,False,28,chr1,215965451,-,False,False,False,
PCDH19,NM_001184880.2,323,P,T,CCC,1,ACC,exact nucleotide concordance,1403072,"criteria provided, single submitter",1,"Developmental and epileptic encephalopathy, 9",False,False,966,chrX,100407631,-,False,False,False,
VCP,NM_007126.5,155,R,S,CGT,1,AGT,exact nucleotide concordance,1457380,"criteria provided, single submitter",1,Frontotemporal dementia and/or amyotrophic lateral sclerosis 6;Inclusion body myopathy with Paget disease of bone and frontotemporal dementia,False,False,17,chr9,35065364,-,True,False,True,WildType
FLNB,NM_001457.4,167,D,E,GAC,3,GAA,"same-position, alternate-base convergence",1457383,"criteria provided, single submitter",1,not provided,False,False,40,chr3,58077254,+,True,False,True,WildType
GSN,NM_198252.3,160,N,K,AAC,3,AAA,exact nucleotide concordance,1457452,"criteria provided, multiple submitters, no conflicts",2,not provided|Finnish type amyloidosis,True,False,33,chr9,121310812,+,True,False,True,Vivo;WildType
ALPL,NM_000478.6,482,H,N,CAC,1,AAC,exact nucleotide concordance,1457579,"criteria provided, multiple submitters, no conflicts",2,not provided|Hypophosphatasia|Adult hypophosphatasia|ALPL-related disorder,True,False,131,chr1,21577517,+,False,False,False,
PTEN,NM_000314.8,96,P,Q,CCA,2,CAA,exact nucleotide concordance,1457597,"criteria provided, multiple submitters, no conflicts",2,PTEN hamartoma tumor syndrome|Cowden syndrome 1,True,False,33,chr10,87933046,+,True,False,True,WildType
KCNB1,NM_004975.4,210,T,K,ACG,2,AAG,exact nucleotide concordance,1457665,"criteria provided, single submitter",1,"Developmental and epileptic encephalopathy, 26|not provided",False,False,61,chr20,49374931,-,True,False,True,WildType
RPE65,NM_000329.3,467,P,T,CCA,1,ACA,exact nucleotide concordance,1485299,"criteria provided, single submitter",1,Retinitis pigmentosa 20;Leber congenital amaurosis 2,False,False,51,chr1,68431116,-,True,False,True,Vitro;Vivo
USH2A,NM_206933.4,4762,N,K,AAC,3,AAA,exact nucleotide concordance,1485310,"criteria provided, multiple submitters, no conflicts",2,not provided|Retinitis pigmentosa 39|Usher syndrome,True,False,57,chr1,215650649,-,True,False,True,WildType
GALNS,NM_000512.5,216,F,L,TTC,3,TTA,"same-position, alternate-base convergence",1470668,"criteria provided, single submitter",1,"Mucopolysaccharidosis, MPS-IV-A",False,False,14,chr16,88835835,-,False,False,False,
ETFDH,NM_004453.4,117,A,D,GCT,2,GAT,exact nucleotide concordance,1470907,"criteria provided, single submitter",1,Multiple acyl-CoA dehydrogenase deficiency,False,False,55,chr4,158682369,+,False,False,False,
SRY,NM_003140.3,71,S,Y,TCT,2,TAT,exact nucleotide concordance,1470948,"criteria provided, single submitter",1,"46,XY sex reversal 1",False,False,211,chrY,2787392,-,False,False,False,
SGCA,NM_000023.4,34,R,S,CGT,1,AGT,exact nucleotide concordance,1498501,"criteria provided, single submitter",1,Autosomal recessive limb-girdle muscular dystrophy type 2D,False,False,57,chr17,50167430,+,True,False,True,Vitro
FOXG1,NM_005249.5,193,A,D,GCC,2,GAC,exact nucleotide concordance,1525874,"criteria provided, single submitter",1,FOXG1 disorder,False,False,577,chr14,28767857,+,False,False,False,
SMAD3,NM_005902.4,260,F,L,TTC,3,TTA,"same-position, alternate-base convergence",1475642,"criteria provided, single submitter",1,Familial thoracic aortic aneurysm and aortic dissection,False,False,91,chr15,67181362,+,False,False,False,
KCNT1,NM_020822.3,437,L,I,CTC,1,ATC,exact nucleotide concordance,1503439,"criteria provided, single submitter",1,"Autosomal dominant nocturnal frontal lobe epilepsy 5;Developmental and epileptic encephalopathy, 14",False,False,28,chr9,135765732,+,True,False,True,Vivo
SLC45A2,NM_016180.5,513,A,E,GCG,2,GAG,exact nucleotide concordance,1365427,"criteria provided, single submitter",1,not provided,False,False,55,chr5,33944703,-,True,False,True,Vivo;WildType
PAH,NM_000277.3,145,D,E,GAC,3,GAA,exact nucleotide concordance,1503089,"criteria provided, single submitter",1,Phenylketonuria,False,False,6,chr12,102877468,-,True,False,True,Vivo
TUBB2A,NM_001069.3,314,A,D,GCT,2,GAT,exact nucleotide concordance,1459291,"criteria provided, single submitter",1,not provided,False,False,397,chr6,3154260,-,False,False,False,
NKX2-5,NM_004387.4,145,F,L,TTC,3,TTA,different-position convergence,1515823,"criteria provided, single submitter",1,Atrial septal defect 7,False,False,98,chr5,173233111,-,False,False,False,
CYP17A1,NM_000102.4,409,P,T,CCG,1,ACG,exact nucleotide concordance,1515875,"criteria provided, single submitter",1,not provided,False,False,18,chr10,102831526,-,True,False,True,Vivo;WildType
SGSH,NM_000199.5,101,F,L,TTC,3,TTA,different-position convergence,1500430,"criteria provided, single submitter",1,"Mucopolysaccharidosis, MPS-III-A",False,False,51,chr17,80215087,-,False,False,False,
MECP2,NM_001110792.2,170,T,K,ACG,2,AAG,exact nucleotide concordance,1501953,"criteria provided, single submitter",1,"Severe neonatal-onset encephalopathy with microcephaly|Thyroid cancer, nonmedullary, 1",False,False,95,chrX,154031355,-,False,False,False,
TUBB4A,NM_006087.4,246,L,M,CTG,1,ATG,exact nucleotide concordance,1450009,"criteria provided, single submitter",1,"Leukodystrophy, hypomyelinating, 6",False,False,458,chr19,6495763,-,False,False,False,
SCN1A,NM_001165963.4,100,F,L,TTC,3,TTA,"same-position, alternate-base convergence",1396846,"criteria provided, single submitter",1,Early-infantile DEE,False,False,35,chr2,166058653,-,True,False,True,WildType
NF1,NM_001042492.3,1148,A,E,GCA,2,GAA,exact nucleotide concordance,1397071,"criteria provided, single submitter",1,"Neurofibromatosis, type 1|Embryonal rhabdomyosarcoma",False,False,53,chr17,31232828,+,False,False,False,
NPC1,NM_000271.5,615,R,S,CGT,1,AGT,exact nucleotide concordance,1488760,"criteria provided, single submitter",1,"Niemann-Pick disease, type C1",False,False,85,chr18,23545064,-,True,False,True,Vivo
SACS,NM_014363.6,3823,P,T,CCT,1,ACT,exact nucleotide concordance,1517643,"criteria provided, single submitter",1,Spastic paraplegia,False,False,2273,chr13,23332409,-,False,False,False,
GLDC,NM_000170.3,615,P,T,CCA,1,ACA,exact nucleotide concordance,1503822,"criteria provided, single submitter",1,Glycine encephalopathy,False,False,7,chr9,6587148,-,False,False,False,
KCNMA1,NM_001161352.2,192,L,I,CTT,1,ATT,exact nucleotide concordance,1479179,"criteria provided, single submitter",1,Generalized epilepsy-paroxysmal dyskinesia syndrome,False,False,28,chr10,77251223,-,True,False,True,WildType
IDUA,NM_000203.5,533,P,T,CCG,1,ACG,exact nucleotide concordance,1480630,"criteria provided, single submitter",1,Mucopolysaccharidosis type 1,False,False,53,chr4,1003417,+,True,False,True,WildType
ACAD9,NM_014049.5,414,R,S,CGC,1,AGC,exact nucleotide concordance,1451120,"criteria provided, multiple submitters, no conflicts",2,not provided|Acyl-CoA dehydrogenase 9 deficiency|Mitochondrial complex I deficiency,True,False,38,chr3,128906211,+,True,False,True,Vivo
RYR1,NM_000540.3,4857,F,L,TTC,3,TTA,different-position convergence,1451182,"criteria provided, multiple submitters, no conflicts",2,RYR1-related disorder|Central core myopathy,True,False,57,chr19,38580427,+,False,False,False,
PAH,NM_000277.3,53,R,S,CGC,1,AGC,exact nucleotide concordance,1478759,"criteria provided, single submitter",1,Phenylketonuria,False,False,11,chr12,102912802,-,True,False,True,WildType
FOXC1,NM_001453.3,133,N,K,AAC,3,AAA,"same-position, alternate-base convergence",1506339,"criteria provided, single submitter",1,Axenfeld-Rieger syndrome type 3,False,False,398,chr6,1610844,+,False,False,False,
SPAST,NM_014946.4,409,A,E,GCA,2,GAA,exact nucleotide concordance,1452772,"criteria provided, single submitter",1,Hereditary spastic paraplegia 4,False,False,19,chr2,32128460,+,False,False,False,
RYR2,NM_001035.3,4742,H,Q,CAC,3,CAA,exact nucleotide concordance,1480185,"criteria provided, single submitter",1,Catecholaminergic polymorphic ventricular tachycardia 1,False,False,72,chr1,237806211,+,True,False,True,Vivo;WildType
PAH,NM_000277.3,211,P,Q,CCA,2,CAA,exact nucleotide concordance,1480414,"criteria provided, multiple submitters, no conflicts",2,Phenylketonuria,True,False,74,chr12,102855210,-,False,False,False,
BTK,NM_000061.3,521,D,E,GAC,3,GAA,"same-position, alternate-base convergence",1519488,"criteria provided, single submitter",1,X-linked agammaglobulinemia with growth hormone deficiency,False,True,3,chrX,101356055,-,True,False,True,Vitro;Vivo
NPC1,NM_000271.5,978,R,S,CGC,1,AGC,exact nucleotide concordance,1519538,"criteria provided, multiple submitters, no conflicts",2,"Niemann-Pick disease, type C1",True,False,20,chr18,23538651,-,False,False,False,
SCN8A,NM_001330260.2,1523,A,D,GCC,2,GAC,exact nucleotide concordance,1354780,"criteria provided, single submitter",1,Early-infantile DEE,False,False,43,chr12,51794414,+,False,False,False,
SCN1A,NM_001165963.4,980,N,K,AAC,3,AAA,exact nucleotide concordance,1354881,"criteria provided, single submitter",1,Early-infantile DEE,False,False,6,chr2,166037782,-,True,False,True,Vivo
SMPD1,NM_000543.5,280,D,E,GAC,3,GAA,"same-position, alternate-base convergence",1505419,"criteria provided, single submitter",1,"Niemann-Pick disease, type B;Niemann-Pick disease, type A",False,False,251,chr11,6391905,+,False,False,False,
ACVRL1,NM_000020.3,400,A,D,GCC,2,GAC,exact nucleotide concordance,1369732,"criteria provided, multiple submitters, no conflicts",2,"Telangiectasia, hereditary hemorrhagic, type 2|Cardiovascular phenotype",True,False,47,chr12,51916186,+,True,False,True,WildType
FOXE3,NM_012186.3,129,F,L,TTC,3,TTA,"same-position, alternate-base convergence",1424381,"criteria provided, single submitter",1,Congenital primary aphakia;Anterior segment dysgenesis,False,False,386,chr1,47416702,+,False,False,False,
GLDC,NM_000170.3,370,Q,K,CAA,1,AAA,exact nucleotide concordance,1452237,"criteria provided, single submitter",1,Glycine encephalopathy,False,False,47,chr9,6602156,-,True,False,True,WildType
KIF1A,NM_001244008.2,258,T,K,ACG,2,AAG,exact nucleotide concordance,1507070,"criteria provided, single submitter",1,"Hereditary spastic paraplegia 30;Neuropathy, hereditary sensory, type 2C;Intellectual disability, autosomal dominant 9",False,False,25,chr2,240783764,-,False,False,False,
OTC,NM_000531.6,132,S,Y,TCT,2,TAT,exact nucleotide concordance,1454810,"criteria provided, single submitter",1,Ornithine carbamoyltransferase deficiency,False,False,8,chrX,38401283,+,True,False,True,Vivo;WildType
RPE65,NM_000329.3,83,F,L,TTC,3,TTA,different-position convergence,1454979,"criteria provided, single submitter",1,Retinitis pigmentosa 20;Leber congenital amaurosis 2,False,True,1,chr1,68444882,-,False,False,False,
ZNF148,NM_021964.3,638,P,Q,CCA,2,CAA,exact nucleotide concordance,1507969,"criteria provided, single submitter",1,not provided,False,False,472,chr3,125232813,-,True,True,True,Vitro;WildType
ACADVL,NM_000018.4,219,P,T,CCC,1,ACC,exact nucleotide concordance,1454452,"criteria provided, single submitter",1,Very long chain acyl-CoA dehydrogenase deficiency,False,False,32,chr17,7221984,+,True,False,True,Vitro
FBN1,NM_000138.5,2233,P,H,CCC,2,CAC,exact nucleotide concordance,1482018,"criteria provided, single submitter",1,Familial thoracic aortic aneurysm and aortic dissection;Marfan syndrome,False,False,41,chr15,48432907,-,True,False,True,WildType
ACVRL1,NM_000020.3,327,A,D,GCC,2,GAC,exact nucleotide concordance,1438780,"criteria provided, single submitter",1,"Telangiectasia, hereditary hemorrhagic, type 2",False,False,68,chr12,51915432,+,True,False,True,Vivo
SERPING1,NM_000062.3,477,F,L,TTC,3,TTA,different-position convergence,1438889,"criteria provided, multiple submitters, no conflicts",2,not provided|Hereditary angioedema type 1,True,False,74,chr11,57614507,+,False,False,False,
DOK7,NM_173660.5,132,H,Q,CAC,3,CAA,"same-position, alternate-base convergence",1426209,"criteria provided, single submitter",1,Congenital myasthenic syndrome 10;Fetal akinesia deformation sequence 1,False,False,64,chr4,3476406,+,False,False,False,
ACAT1,NM_000019.4,397,H,N,CAT,1,AAT,exact nucleotide concordance,1426396,"criteria provided, single submitter",1,Deficiency of acetyl-CoA acetyltransferase,False,False,25,chr11,108147295,+,True,False,True,Vivo;WildType
ERCC8,NM_000082.4,204,T,K,ACA,2,AAA,exact nucleotide concordance,1426460,"criteria provided, multiple submitters, no conflicts",2,not provided|Cockayne syndrome,True,False,6,chr5,60902448,-,True,False,True,WildType
RS1,NM_000330.4,111,A,D,GCC,2,GAC,exact nucleotide concordance,1453716,"criteria provided, single submitter",1,not provided,False,False,5,chrX,18644620,-,True,False,True,WildType
GRIN2A,NM_001134407.3,611,L,M,CTG,1,ATG,exact nucleotide concordance,1453886,"criteria provided, single submitter",1,Landau-Kleffner syndrome,False,False,53,chr16,9829599,-,True,False,True,Vitro
SCN8A,NM_001330260.2,1538,T,K,ACA,2,AAA,exact nucleotide concordance,1346826,"criteria provided, single submitter",1,Early-infantile DEE,False,False,88,chr12,51794459,+,False,False,False,
STAT3,NM_139276.3,706,L,M,CTG,1,ATG,exact nucleotide concordance,1429110,"criteria provided, single submitter",1,"Hyper-IgE recurrent infection syndrome 1, autosomal dominant;STAT3 gain of function",False,False,14,chr17,42317210,-,True,False,True,WildType
ACTA1,NM_001100.4,235,S,Y,TCC,2,TAC,exact nucleotide concordance,1456499,"criteria provided, single submitter",1,Actin accumulation myopathy,False,False,87,chr1,229432098,-,False,False,False,
CYP17A1,NM_000102.4,174,A,E,GCG,2,GAG,exact nucleotide concordance,1456799,"criteria provided, multiple submitters, no conflicts",2,not provided|Deficiency of steroid 17-alpha-monooxygenase,True,False,84,chr10,102834930,-,True,False,True,Vivo
PAH,NM_000277.3,241,R,S,CGC,1,AGC,exact nucleotide concordance,1484418,"criteria provided, single submitter",1,Phenylketonuria,False,False,14,chr12,102852936,-,True,True,True,Vitro;Vivo
HPRT1,NM_000194.3,64,A,D,GCC,2,GAC,exact nucleotide concordance,1512051,"criteria provided, single submitter",1,Lesch-Nyhan syndrome;Partial hypoxanthine-guanine phosphoribosyltransferase deficiency,False,False,56,chrX,134475237,+,False,False,False,
OCA2,NM_000275.3,339,A,E,GCG,2,GAG,exact nucleotide concordance,1346444,"criteria provided, single submitter",1,not provided,False,False,28,chr15,28014804,-,False,False,False,
SLC6A1,NM_003042.4,505,P,T,CCA,1,ACA,exact nucleotide concordance,1373916,"criteria provided, single submitter",1,Epilepsy with myoclonic atonic seizures,False,False,14,chr3,11033725,+,False,True,True,
MMACHC,NM_015506.3,116,L,M,CTG,1,ATG,exact nucleotide concordance,1483982,"criteria provided, single submitter",1,Cobalamin C disease,False,False,69,chr1,45508281,+,True,False,True,WildType
CALM3,NM_005184.4,130,D,E,GAC,3,GAA,"same-position, alternate-base convergence",1358003,"criteria provided, single submitter",1,Long QT syndrome 1,False,False,31,chr19,46608950,+,False,False,False,
ACVRL1,NM_000020.3,271,T,K,ACG,2,AAG,exact nucleotide concordance,1440648,"criteria provided, single submitter",1,"Telangiectasia, hereditary hemorrhagic, type 2",False,False,39,chr12,51915264,+,True,False,True,Vitro;Vivo;WildType
ASS1,NM_054012.4,307,R,S,CGC,1,AGC,exact nucleotide concordance,1495594,"criteria provided, multiple submitters, no conflicts",2,Citrullinemia,True,False,51,chr9,130489413,+,True,False,True,Vitro;Vivo;WildType
SLC13A5,NM_177550.5,460,T,N,ACT,2,AAT,exact nucleotide concordance,1400875,"criteria provided, single submitter",1,"Developmental and epileptic encephalopathy, 25",False,False,58,chr17,6690837,-,False,False,False,
ARSA,NM_000487.6,399,H,Q,CAC,3,CAA,"same-position, alternate-base convergence",1482938,"criteria provided, single submitter",1,Metachromatic leukodystrophy,False,False,13,chr22,50625592,-,False,False,False,
BEST1,NM_004183.4,105,R,S,CGC,1,AGC,exact nucleotide concordance,1483189,"criteria provided, multiple submitters, no conflicts",2,not provided|Autosomal recessive bestrophinopathy,True,False,65,chr11,61955783,+,False,False,False,
ACADM,NM_000016.6,113,A,D,GCT,2,GAT,exact nucleotide concordance,1510903,"criteria provided, single submitter",1,Medium-chain acyl-coenzyme A dehydrogenase deficiency,False,False,49,chr1,75733579,+,True,False,True,WildType
IDUA,NM_000203.5,301,D,E,GAC,3,GAA,"same-position, alternate-base convergence",1458511,"criteria provided, multiple submitters, no conflicts",2,Mucopolysaccharidosis type 1,True,False,69,chr4,1002092,+,False,False,False,
GLDC,NM_000170.3,580,H,Q,CAC,3,CAA,"same-position, alternate-base convergence",1485831,"criteria provided, single submitter",1,Glycine encephalopathy,False,False,32,chr9,6587251,-,True,False,True,Vitro;Vivo
SAMD9,NM_017654.4,767,T,K,ACA,2,AAA,exact nucleotide concordance,1513631,"criteria provided, single submitter",1,not provided,False,False,2299,chr7,93103798,-,True,False,True,WildType
ABCA4,NM_000350.3,763,A,D,GCC,2,GAC,exact nucleotide concordance,1513718,"criteria provided, single submitter",1,not provided,False,False,94,chr1,94056695,-,True,False,True,Vivo
LMNA,NM_005572.4,43,A,E,GCG,2,GAG,exact nucleotide concordance,1457766,"criteria provided, single submitter",1,Charcot-Marie-Tooth disease type 2,False,False,127,chr1,156115046,+,False,False,False,
DHCR7,NM_001360.3,274,N,K,AAC,3,AAA,exact nucleotide concordance,1457937,"criteria provided, multiple submitters, no conflicts",2,Smith-Lemli-Opitz syndrome,True,False,9,chr11,71438888,-,False,False,False,
ACTA1,NM_001100.4,282,N,K,AAC,3,AAA,"same-position, alternate-base convergence",1457951,"criteria provided, single submitter",1,Actin accumulation myopathy,False,False,37,chr1,229431865,-,False,False,False,
PTS,NM_000317.3,67,T,K,ACG,2,AAG,exact nucleotide concordance,1458067,"criteria provided, single submitter",1,6-Pyruvoyl-tetrahydrobiopterin synthase deficiency,False,False,13,chr11,112230639,+,False,False,False,
ALG1,NM_019109.5,394,F,L,TTC,3,TTA,"same-position, alternate-base convergence",1458147,"criteria provided, single submitter",1,ALG1-congenital disorder of glycosylation,False,False,5,chr16,5082668,+,True,False,True,Vivo
SOX9,NM_000346.4,170,P,T,CCG,1,ACG,exact nucleotide concordance,1485794,"criteria provided, multiple submitters, no conflicts",2,Camptomelic dysplasia|not provided,True,False,76,chr17,72122795,+,False,False,False,
GLDC,NM_000170.3,304,P,Q,CCA,2,CAA,exact nucleotide concordance,1513462,"criteria provided, single submitter",1,Glycine encephalopathy,False,False,49,chr9,6604735,-,True,False,True,Vitro;WildType
PMP22,NM_000304.4,23,T,K,ACG,2,AAG,exact nucleotide concordance,1349839,"criteria provided, multiple submitters, no conflicts",2,"Charcot-Marie-Tooth disease, type I|Charcot-Marie-Tooth disease, type IA",True,False,10,chr17,15260660,-,False,False,False,
NHLRC1,NM_198586.3,146,D,E,GAC,3,GAA,exact nucleotide concordance,1524781,"criteria provided, single submitter",1,Lafora disease,False,False,437,chr6,18122169,-,True,False,True,Vivo
AMT,NM_000481.4,222,R,S,CGC,1,AGC,exact nucleotide concordance,1469564,"criteria provided, single submitter",1,Glycine encephalopathy,False,False,32,chr3,49419292,-,True,False,True,Vitro;WildType
SLC12A3,NM_001126108.2,442,N,K,AAC,3,AAA,"same-position, alternate-base convergence",1497328,"criteria provided, multiple submitters, no conflicts",2,not provided|Familial hypokalemia-hypomagnesemia,True,False,9,chr16,56879218,+,False,False,False,
SCN2A,NM_001371246.1,1623,T,N,ACC,2,AAC,exact nucleotide concordance,1497461,"criteria provided, single submitter",1,"Developmental and epileptic encephalopathy, 11;Seizures, benign familial infantile, 3|Complex neurodevelopmental disorder",False,False,45,chr2,165388674,+,True,False,True,Vivo
GALT,NM_000155.4,186,H,Q,CAC,3,CAA,"same-position, alternate-base convergence",1457073,"criteria provided, single submitter",1,Deficiency of UDPglucose-hexose-1-phosphate uridylyltransferase,False,False,6,chr9,34648165,+,True,False,True,Vivo
GALC,NM_000153.4,154,P,H,CCT,2,CAT,exact nucleotide concordance,1457103,"criteria provided, multiple submitters, no conflicts",2,Galactosylceramide beta-galactosidase deficiency|not provided,True,False,18,chr14,87984515,-,True,False,True,Vivo;WildType
COL4A3,NM_000091.5,1451,H,Q,CAC,3,CAA,exact nucleotide concordance,1484796,"criteria provided, single submitter",1,not provided,False,False,100,chr2,227307810,+,True,False,True,WildType
TUBA1A,NM_006009.4,253,T,K,ACA,2,AAA,exact nucleotide concordance,1349068,"criteria provided, single submitter",1,not provided,False,False,382,chr12,49185608,-,True,False,True,Vivo;WildType
NMNAT1,NM_022787.4,13,A,D,GCT,2,GAT,exact nucleotide concordance,1376825,"criteria provided, single submitter",1,Leber congenital amaurosis 9,False,False,37,chr1,9972111,+,False,False,False,
CYP27A1,NM_000784.4,479,R,S,CGC,1,AGC,exact nucleotide concordance,1460072,"criteria provided, single submitter",1,Cholestanol storage disease,False,False,41,chr2,218814716,+,True,False,True,Vivo;WildType
CYP17A1,NM_000102.4,373,H,N,CAC,1,AAC,exact nucleotide concordance,1460105,"criteria provided, multiple submitters, no conflicts",2,not provided|Deficiency of steroid 17-alpha-monooxygenase,True,False,22,chr10,102832533,-,True,True,True,Vivo;WildType
SCN4A,NM_000334.4,1366,N,K,AAC,3,AAA,exact nucleotide concordance,1487760,"criteria provided, single submitter",1,Hyperkalemic periodic paralysis,False,False,80,chr17,63943016,-,False,False,False,
LMX1B,NM_001174147.2,230,Q,K,CAG,1,AAG,exact nucleotide concordance,1515069,"criteria provided, single submitter",1,not provided,False,False,53,chr9,126693270,+,True,False,True,Vivo
SCN8A,NM_001330260.2,276,N,K,AAC,3,AAA,exact nucleotide concordance,1514484,"criteria provided, single submitter",1,Early-infantile DEE,False,False,100,chr12,51699691,+,False,False,False,
BEST1,NM_004183.4,297,P,H,CCC,2,CAC,exact nucleotide concordance,1351735,"criteria provided, single submitter",1,not provided,False,False,22,chr11,61959520,+,True,False,True,Vitro;WildType
MPL,NM_005373.3,136,P,H,CCC,2,CAC,exact nucleotide concordance,1379348,"criteria provided, multiple submitters, no conflicts",2,Congenital amegakaryocytic thrombocytopenia;Essential thrombocythemia|Thrombocythemia 2;Congenital amegakaryocytic thrombocytopenia 1;Primary myelofibrosis|Congenital amegakaryocytic thrombocytopenia,True,False,15,chr1,43339286,+,True,False,True,Vitro;Vivo;WildType
GCDH,NM_000159.4,403,H,Q,CAC,3,CAA,"same-position, alternate-base convergence",1471277,"criteria provided, single submitter",1,"Glutaric aciduria, type 1",False,False,34,chr19,12897829,+,True,False,True,Vitro;Vivo
SCN1A,NM_001165963.4,1712,N,K,AAC,3,AAA,"same-position, alternate-base convergence",1471469,"criteria provided, single submitter",1,Early-infantile DEE,False,False,283,chr2,165992139,-,True,False,True,WildType
CYP11B1,NM_000497.4,42,P,T,CCC,1,ACC,exact nucleotide concordance,1514386,"criteria provided, single submitter",1,not provided,False,False,115,chr8,142879690,-,True,False,True,WildType
PCDH19,NM_001184880.2,212,D,E,GAC,3,GAA,"same-position, alternate-base convergence",1406235,"criteria provided, single submitter",1,"Developmental and epileptic encephalopathy, 9",False,False,635,chrX,100407962,-,True,False,True,WildType
ARX,NM_139058.3,379,R,S,CGT,1,AGT,exact nucleotide concordance,1516380,"criteria provided, single submitter",1,"Developmental and epileptic encephalopathy, 1;Intellectual disability, X-linked, with or without seizures, ARX-related",False,False,15,chrX,25007424,-,False,False,False,
SLC22A5,NM_003060.4,28,S,R,AGC,3,AGA,exact nucleotide concordance,1472873,"criteria provided, single submitter",1,Renal carnitine transport defect,False,False,83,chr5,132370056,+,False,False,False,
ABCA4,NM_000350.3,1094,P,H,CCT,2,CAT,exact nucleotide concordance,1473032,"criteria provided, single submitter",1,not provided,False,False,47,chr1,94042808,-,True,False,True,Vitro;Vivo
RYR1,NM_000540.3,530,R,S,CGT,1,AGT,exact nucleotide concordance,1500771,"criteria provided, single submitter",1,RYR1-related disorder,False,False,11,chr19,38455462,+,True,False,True,WildType
GABRB2,NM_001371727.1,327,N,K,AAC,3,AAA,"same-position, alternate-base convergence",1392511,"criteria provided, single submitter",1,Intellectual disability,False,False,96,chr5,161330979,-,True,False,True,Vitro;Vivo
ABCA4,NM_000350.3,1970,L,I,CTC,1,ATC,exact nucleotide concordance,1392712,"criteria provided, single submitter",1,not provided,False,False,9,chr1,94007731,-,True,False,True,Vitro;WildType
ABCA4,NM_000350.3,1128,D,E,GAC,3,GAA,"same-position, alternate-base convergence",1474681,"criteria provided, single submitter",1,not provided,False,False,55,chr1,94041347,-,True,False,True,Vitro
MCIDAS,NM_001190787.3,384,P,H,CCC,2,CAC,exact nucleotide concordance,1502494,"criteria provided, single submitter",1,Primary ciliary dyskinesia,False,False,7,chr5,55220373,-,False,False,False,
AR,NM_000044.6,839,L,I,CTC,1,ATC,exact nucleotide concordance,1460367,"criteria provided, single submitter",1,Kennedy disease;Androgen resistance syndrome,False,False,65,chrX,67722892,+,False,False,False,
PAX6,NM_001368894.2,90,P,Q,CCG,2,CAG,exact nucleotide concordance,1488220,"criteria provided, single submitter",1,Irido-corneo-trabecular dysgenesis;Aniridia 1,False,False,85,chr11,31801691,-,True,False,True,WildType
TBX5,NM_181486.4,162,N,K,AAC,3,AAA,exact nucleotide concordance,1491230,"criteria provided, single submitter",1,Aortic valve disease 2,False,False,24,chr12,114398597,-,True,False,True,WildType
RYR2,NM_001035.3,4155,S,Y,TCC,2,TAC,exact nucleotide concordance,1410932,"criteria provided, single submitter",1,Catecholaminergic polymorphic ventricular tachycardia 1,False,False,501,chr1,237784176,+,True,False,True,Vitro;WildType
OTC,NM_000531.6,253,A,E,GCA,2,GAA,exact nucleotide concordance,1490787,"criteria provided, single submitter",1,Ornithine carbamoyltransferase deficiency,False,False,40,chrX,38408916,+,True,False,True,Vitro
FBN1,NM_000138.5,2783,A,D,GCT,2,GAT,exact nucleotide concordance,1518035,"criteria provided, single submitter",1,Familial thoracic aortic aneurysm and aortic dissection;Marfan syndrome,False,False,121,chr15,48411258,-,True,False,True,Vitro;WildType
ABCC8,NM_000352.6,1420,R,S,CGC,1,AGC,exact nucleotide concordance,1464709,"criteria provided, single submitter",1,not provided,False,False,49,chr11,17395659,-,False,False,False,
KCNQ1,NM_000218.3,117,P,T,CCC,1,ACC,exact nucleotide concordance,1489978,"criteria provided, single submitter",1,Long QT syndrome,False,False,37,chr11,2445447,+,False,False,False,
TRPV4,NM_021625.5,827,P,H,CCC,2,CAC,exact nucleotide concordance,1489986,"criteria provided, multiple submitters, no conflicts",2,Charcot-Marie-Tooth disease axonal type 2C|TRPV4-related disorder,True,False,21,chr12,109783757,-,True,True,True,Vivo;WildType
ABCA12,NM_173076.3,2098,A,D,GCC,2,GAC,exact nucleotide concordance,1492901,"criteria provided, single submitter",1,not provided,False,False,59,chr2,214955302,-,False,False,False,
ATP7B,NM_000053.4,765,D,E,GAC,3,GAA,"same-position, alternate-base convergence",1493006,"criteria provided, single submitter",1,Wilson disease,False,False,60,chr13,51958371,-,False,False,False,
INS,NM_000207.3,35,L,M,CTG,1,ATG,exact nucleotide concordance,1526013,"criteria provided, single submitter",1,Neonatal diabetes mellitus,False,False,84,chr11,2160869,-,False,False,False,
TUBG1,NM_001070.5,274,T,N,ACC,2,AAC,exact nucleotide concordance,1526152,"criteria provided, single submitter",1,Complex cortical dysplasia with other brain malformations 4,False,False,22,chr17,42613976,+,False,True,True,
FBN1,NM_000138.5,785,P,H,CCT,2,CAT,exact nucleotide concordance,1526275,"criteria provided, single submitter",1,Marfan syndrome,False,False,60,chr15,48496165,-,True,False,True,Vitro;WildType
C1GALT1C1,NM_001011551.3,20,A,D,GCT,2,GAT,exact nucleotide concordance,1675199,"criteria provided, single submitter",1,"Abnormal protein O-linked glycosylation|Hemolytic uremic syndrome, atypical, 8, with rhizomelic short stature",False,False,58,chrX,120627108,-,True,False,True,Vitro
PIK3CG,NM_001282426.2,49,R,S,CGC,1,AGC,exact nucleotide concordance,1675220,no assertion criteria provided,0,Immunodeficiency 97 with autoinflammation,False,False,144,chr7,106867706,+,False,False,False,
SPAST,NM_014946.4,383,P,Q,CCA,2,CAA,exact nucleotide concordance,1675775,"criteria provided, single submitter",1,not provided,False,False,25,chr2,32126997,+,True,False,True,Vitro;WildType
GLRA1,NM_000171.4,98,D,E,GAC,3,GAA,exact nucleotide concordance,1675995,"criteria provided, single submitter",1,not provided,False,False,41,chr5,151859967,-,True,False,True,Vivo;WildType
ATXN7,NM_001377405.1,707,R,S,CGC,1,AGC,exact nucleotide concordance,1676280,no assertion criteria provided,0,Tip-toe gait,False,False,436,chr3,63995941,+,True,False,True,Vivo;WildType
GRIA1,NM_000827.4,508,P,Q,CCA,2,CAA,exact nucleotide concordance,1676545,"criteria provided, single submitter",1,"Intellectual developmental disorder, autosomal dominant 67",False,False,70,chr5,153705767,+,False,False,False,
CLPB,NM_001258392.3,358,T,K,ACA,2,AAA,exact nucleotide concordance,1676583,no assertion criteria provided,0,"Neutropenia, severe congenital, 9, autosomal dominant",False,False,6,chr11,72307248,-,False,False,False,
SMPX,NM_014332.3,7,P,T,CCA,1,ACA,exact nucleotide concordance,1676666,no assertion criteria provided,0,"Myopathy, distal, 7, adult-onset, X-linked",False,False,18,chrX,21754272,-,True,False,True,Vivo
HNF1A,NM_000545.8,203,R,S,CGT,1,AGT,exact nucleotide concordance,1676706,reviewed by expert panel,3,Monogenic diabetes|Maturity-onset diabetes of the young|not provided,True,False,80,chr12,120993600,+,True,False,True,WildType
HNF1A,NM_000545.8,272,R,S,CGC,1,AGC,exact nucleotide concordance,1676722,reviewed by expert panel,3,Monogenic diabetes,True,False,100,chr12,120994264,+,True,False,True,WildType
L1CAM,NM_001278116.2,792,N,K,AAC,3,AAA,"same-position, alternate-base convergence",1676776,no assertion criteria provided,0,X-linked hydrocephalus syndrome,False,False,55,chrX,153866704,-,False,False,False,
ATP7A,NM_000052.7,1312,A,D,GCT,2,GAT,exact nucleotide concordance,1678707,"criteria provided, single submitter",1,not provided,False,False,70,chrX,78042718,+,True,False,True,Vitro;WildType
IKBKG,NM_001099857.5,312,F,L,TTC,3,TTA,"same-position, alternate-base convergence",1678716,"criteria provided, single submitter",1,not provided,False,False,23,chrX,154563582,+,False,True,True,
ATP2B1,NM_001366521.1,425,T,K,ACA,2,AAA,exact nucleotide concordance,1679161,"criteria provided, single submitter",1,"Neurodevelopmental disorder|Intellectual developmental disorder, autosomal dominant 66",False,False,70,chr12,89624253,-,True,False,True,WildType
THRA,NM_199334.5,273,T,N,ACC,2,AAC,exact nucleotide concordance,1679212,"criteria provided, single submitter",1,Congenital nongoitrous hypothyroidism 6,False,False,94,chr17,40088336,+,True,False,True,Vivo;WildType
MAST1,NM_014975.3,527,T,N,ACC,2,AAC,exact nucleotide concordance,1679266,"criteria provided, single submitter",1,Mega-corpus-callosum syndrome with cerebellar hypoplasia and cortical malformations,False,False,58,chr19,12865120,+,True,False,True,Vivo;WildType
KMT2B,NM_014727.3,2490,F,L,TTC,3,TTA,exact nucleotide concordance,1679290,"criteria provided, single submitter",1,"Dystonia 28, childhood-onset",False,False,80,chr19,35737183,+,True,False,True,WildType
MECP2,NM_001110792.2,358,S,R,AGC,3,AGA,different-position convergence,1679397,"criteria provided, single submitter",1,Rett syndrome,False,False,425,chrX,154030792,-,False,False,False,
PHACTR1,NM_030948.6,466,L,M,CTG,1,ATG,exact nucleotide concordance,1679588,"criteria provided, single submitter",1,"Developmental and epileptic encephalopathy, 70",False,False,4,chr6,13272864,+,False,False,False,
CHST3,NM_004273.5,256,N,K,AAC,3,AAA,"same-position, alternate-base convergence",1679894,"criteria provided, single submitter",1,Spondyloepiphyseal dysplasia with congenital joint dislocations,False,False,627,chr10,72007799,+,False,False,False,
PHEX,NM_000444.6,459,A,E,GCA,2,GAA,exact nucleotide concordance,1679896,"criteria provided, single submitter",1,Familial X-linked hypophosphatemic vitamin D refractory rickets,False,False,28,chrX,22133596,+,True,False,True,WildType
FGFR3,NM_000142.5,395,L,I,CTC,1,ATC,exact nucleotide concordance,1679899,"criteria provided, single submitter",1,Achondroplasia,False,False,83,chr4,1804437,+,True,False,True,WildType
FLNB,NM_001457.4,1517,A,D,GCC,2,GAC,exact nucleotide concordance,1683442,"criteria provided, single submitter",1,Larsen syndrome,False,False,35,chr3,58134651,+,True,False,True,WildType
COMP,NM_000095.3,297,N,K,AAC,3,AAA,exact nucleotide concordance,1683447,"criteria provided, single submitter",1,Pseudoachondroplastic spondyloepiphyseal dysplasia syndrome,False,False,23,chr19,18788296,-,True,False,True,WildType
COMP,NM_000095.3,507,D,E,GAC,3,GAA,"same-position, alternate-base convergence",1683451,"criteria provided, single submitter",1,Pseudoachondroplastic spondyloepiphyseal dysplasia syndrome,False,False,31,chr19,18785820,-,False,False,False,
AICDA,NM_020661.4,15,F,L,TTC,3,TTA,"same-position, alternate-base convergence",1683705,"criteria provided, single submitter",1,Hyper-IgM syndrome type 2,False,False,36,chr12,8606976,-,False,False,False,
GCDH,NM_000159.4,236,F,L,TTC,3,TTA,different-position convergence,1683830,"criteria provided, multiple submitters, no conflicts",2,"not provided|Glutaric aciduria, type 1",True,False,70,chr19,12896275,+,False,False,False,
VWF,NM_000552.5,1578,T,N,ACT,2,AAT,exact nucleotide concordance,1683999,reviewed by expert panel,3,von Willebrand disease type 2|Von Willebrand disease type 2A,True,False,320,chr12,6018685,-,False,False,False,
PROC,NM_000312.4,253,H,Q,CAC,3,CAA,exact nucleotide concordance,1684347,no assertion criteria provided,0,Reduced protein C activity,False,False,37,chr2,127427185,+,True,False,True,WildType
PROC,NM_000312.4,251,A,E,GCG,2,GAG,exact nucleotide concordance,1684348,no assertion criteria provided,0,Reduced protein C activity,False,False,44,chr2,127427178,+,True,False,True,WildType
TUBB1,NM_030773.4,242,F,L,TTC,3,TTA,"same-position, alternate-base convergence",1684388,no assertion criteria provided,0,"Macrothrombocytopenia, isolated, 1, autosomal dominant",False,False,448,chr20,59024153,+,True,False,True,WildType
MYH9,NM_002473.6,1424,D,E,GAC,3,GAA,exact nucleotide concordance,1684413,no assertion criteria provided,0,Macrothrombocytopenia and granulocyte inclusions with or without nephritis or sensorineural hearing loss,False,False,72,chr22,36292058,-,False,False,False,
GJA8,NM_005267.5,88,P,Q,CCG,2,CAG,exact nucleotide concordance,1684591,"criteria provided, multiple submitters, no conflicts",2,Cataract 1 multiple types,True,False,262,chr1,147908218,+,False,False,False,
ACTA1,NM_001100.4,254,N,K,AAC,3,AAA,"same-position, alternate-base convergence",1685233,"criteria provided, single submitter",1,Actin accumulation myopathy,False,False,46,chr1,229432040,-,False,False,False,
IDUA,NM_000203.5,319,A,E,GCG,2,GAG,exact nucleotide concordance,1685351,"criteria provided, multiple submitters, no conflicts",2,Hurler syndrome|Mucopolysaccharidosis type 1,True,False,16,chr4,1002145,+,False,False,False,
KRT14,NM_000526.5,124,D,E,GAC,3,GAA,exact nucleotide concordance,1685364,"criteria provided, single submitter",1,Dermatopathia pigmentosa reticularis,False,False,153,chr17,41586463,-,False,False,False,
SPOP,NM_001007228.2,104,F,L,TTC,3,TTA,exact nucleotide concordance,1685452,"criteria provided, single submitter",1,Neurodevelopmental disorder with microcephaly and dysmorphic facies,False,False,40,chr17,49619274,-,False,False,False,
AAAS,NM_015665.6,296,S,Y,TCC,2,TAC,exact nucleotide concordance,1685480,"criteria provided, single submitter",1,Glucocorticoid deficiency with achalasia,False,False,48,chr12,53309205,-,True,False,True,Vitro;WildType
AR,NM_000044.6,728,N,K,AAC,3,AAA,"same-position, alternate-base convergence",1685540,"criteria provided, single submitter",1,Prostate cancer,False,False,10,chrX,67717488,+,True,False,True,Vivo
CSF1R,NM_001288705.3,833,T,K,ACG,2,AAG,exact nucleotide concordance,1685676,"criteria provided, single submitter",1,Hereditary diffuse leukoencephalopathy with spheroids,False,False,55,chr5,150056082,-,True,False,True,WildType
EGR2,NM_000399.5,384,H,Q,CAC,3,CAA,exact nucleotide concordance,1685761,"criteria provided, single submitter",1,Dejerine-Sottas disease,False,False,279,chr10,62813486,-,False,False,False,
G6PD,NM_001360016.2,381,F,L,TTC,3,TTA,"same-position, alternate-base convergence",1685831,"criteria provided, single submitter",1,"Anemia, nonspherocytic hemolytic, due to G6PD deficiency",False,False,91,chrX,154532711,-,True,False,True,Vivo;WildType
GALT,NM_000155.4,48,R,S,CGC,1,AGC,exact nucleotide concordance,1685839,"criteria provided, single submitter",1,Deficiency of UDPglucose-hexose-1-phosphate uridylyltransferase,False,False,59,chr9,34647148,+,True,False,True,WildType
HNRNPU,NM_031844.3,38,L,I,CTC,1,ATC,exact nucleotide concordance,1685884,"criteria provided, single submitter",1,"Developmental and epileptic encephalopathy, 54",False,False,111,chr1,244864196,-,False,False,False,
MMUT,NM_000255.4,615,P,T,CCT,1,ACT,exact nucleotide concordance,1685951,"criteria provided, multiple submitters, no conflicts",2,Methylmalonic aciduria due to methylmalonyl-CoA mutase deficiency|not provided|Methylmalonic aciduria due to complete methylmalonyl-CoA mutase deficiency,True,False,34,chr6,49440319,-,True,False,True,Vitro;Vivo
SCN1A,NM_001165963.4,340,S,Y,TCT,2,TAT,exact nucleotide concordance,1686156,"criteria provided, single submitter",1,"Generalized epilepsy with febrile seizures plus, type 2",False,False,9,chr2,166048895,-,True,False,True,WildType
SCN1A,NM_001165963.4,239,A,D,GCC,2,GAC,exact nucleotide concordance,1686158,"criteria provided, single submitter",1,"Generalized epilepsy with febrile seizures plus, type 2",False,False,21,chr2,166051967,-,True,False,True,WildType
SEC61A1,NM_013336.4,62,F,L,TTC,3,TTA,exact nucleotide concordance,1686175,"criteria provided, single submitter",1,"Hyperuricemic nephropathy, familial juvenile type 4",False,False,34,chr3,128055717,+,True,False,True,Vivo;WildType
STAT1,NM_007315.4,172,F,L,TTC,3,TTA,different-position convergence,1686231,"criteria provided, single submitter",1,Immunodeficiency 31B,False,False,27,chr2,190999653,-,False,False,False,
TK2,NM_004614.5,138,S,R,AGC,3,AGA,exact nucleotide concordance,1686262,"criteria provided, single submitter",1,"Mitochondrial DNA depletion syndrome, myopathic form",False,False,35,chr16,66529029,-,False,False,False,
PCDHGC4,NM_018928.3,483,D,E,GAC,3,GAA,"same-position, alternate-base convergence",1687018,no assertion criteria provided,0,Neurodevelopmental disorder with poor growth and skeletal anomalies,False,False,993,chr5,141486622,+,True,False,True,WildType
ZNF526,NM_133444.3,409,H,Q,CAC,3,CAA,"same-position, alternate-base convergence",1687026,no assertion criteria provided,0,Dentici-Novelli neurodevelopmental syndrome,False,False,786,chr19,42225630,+,True,False,True,WildType
C1QTNF5,NM_001278431.2,188,P,T,CCA,1,ACA,exact nucleotide concordance,1687105,"criteria provided, multiple submitters, no conflicts",2,Late-onset retinal degeneration|Retinal dystrophy,True,False,170,chr11,119339501,-,True,False,True,WildType
ITGA2B,NM_000419.5,813,H,N,CAC,1,AAC,exact nucleotide concordance,1691458,reviewed by expert panel,3,Glanzmann thrombasthenia,True,False,11,chr17,44376096,-,True,False,True,Vivo;WildType
PITX2,NM_000325.6,140,F,L,TTC,3,TTA,different-position convergence,1693134,"criteria provided, single submitter",1,Axenfeld-Rieger syndrome type 1,False,False,6,chr4,110618682,-,True,False,True,
MSTO1,NM_018116.4,22,A,E,GCG,2,GAG,exact nucleotide concordance,1693163,no assertion criteria provided,0,See cases,False,False,19,chr1,155610313,+,False,False,False,
TIAM1,NM_001353694.2,1547,A,E,GCG,2,GAG,exact nucleotide concordance,1693481,no assertion criteria provided,0,Neurodevelopmental disorder with language delay and seizures,False,False,136,chr21,31120504,-,True,False,True,WildType
MC4R,NM_005912.3,43,Q,K,CAA,1,AAA,exact nucleotide concordance,1693542,no assertion criteria provided,0,Obesity,False,False,126,chr18,60372223,-,True,False,True,Vivo;WildType
ELANE,NM_001972.4,53,H,Q,CAC,3,CAA,"same-position, alternate-base convergence",1694267,"criteria provided, single submitter",1,Autoinflammatory syndrome,False,False,65,chr19,852967,+,False,False,False,
VWF,NM_000552.5,1421,N,K,AAC,3,AAA,exact nucleotide concordance,1695357,"criteria provided, single submitter",1,von Willebrand disease type 2,False,False,588,chr12,6019155,-,True,False,True,Vivo
NPR2,NM_003995.4,93,P,T,CCC,1,ACC,exact nucleotide concordance,1695393,"criteria provided, single submitter",1,"Acromesomelic dysplasia 1, Maroteaux type",False,False,276,chr9,35792685,+,False,False,False,
RAG1,NM_000448.3,973,R,S,CGC,1,AGC,exact nucleotide concordance,1695915,"criteria provided, single submitter",1,"Severe combined immunodeficiency, autosomal recessive, T cell-negative, B cell-negative, NK cell-positive",False,False,215,chr11,36576221,+,False,False,False,
BCLAF1,NM_014739.3,165,Q,K,CAA,1,AAA,exact nucleotide concordance,1696847,no assertion criteria provided,0,Pulmonary artery atresia,False,False,388,chr6,136278388,-,True,False,True,Vitro;Vivo;WildType
ARF3,NM_001659.3,32,T,N,ACC,2,AAC,exact nucleotide concordance,1697209,"criteria provided, single submitter",1,Intellectual disability;Kyphosis;Atrophy/Degeneration affecting the central nervous system,False,False,53,chr12,48941001,-,True,False,True,WildType
CPT2,NM_000098.3,571,P,T,CCT,1,ACT,exact nucleotide concordance,1697214,"criteria provided, multiple submitters, no conflicts",2,"Carnitine palmitoyl transferase II deficiency, severe infantile form|Carnitine palmitoyltransferase II deficiency",True,False,65,chr1,53213329,+,False,False,False,
RS1,NM_000330.4,193,P,H,CCC,2,CAC,exact nucleotide concordance,1697265,"criteria provided, single submitter",1,Juvenile retinoschisis,False,False,55,chrX,18642101,-,True,False,True,WildType
CLCN1,NM_000083.3,328,T,N,ACC,2,AAC,exact nucleotide concordance,1697276,no assertion criteria provided,0,"Congenital myotonia, autosomal dominant form",False,True,3,chr7,143331235,+,True,False,True,Vitro;WildType
CLEC3B,NM_003278.3,180,A,D,GCC,2,GAC,exact nucleotide concordance,1698394,no assertion criteria provided,0,"Macular dystrophy, retinal, 4",False,False,70,chr3,45035854,+,False,False,False,
PTS,NM_000317.3,117,N,K,AAC,3,AAA,exact nucleotide concordance,1698882,"criteria provided, multiple submitters, no conflicts",2,6-Pyruvoyl-tetrahydrobiopterin synthase deficiency,True,False,36,chr11,112233468,+,True,False,True,WildType
HADHB,NM_000183.3,355,P,T,CCA,1,ACA,exact nucleotide concordance,1698901,"criteria provided, single submitter",1,Mitochondrial trifunctional protein deficiency,False,True,1,chr2,26284118,+,False,False,False,
AR,NM_000044.6,692,N,K,AAC,3,AAA,exact nucleotide concordance,1698951,"criteria provided, single submitter",1,Androgen resistance syndrome,False,False,97,chrX,67711592,+,True,False,True,Vivo
GPC3,NM_004484.4,232,A,D,GCT,2,GAT,exact nucleotide concordance,1699090,"criteria provided, single submitter",1,Simpson-Golabi-Behmel syndrome type 1,False,False,337,chrX,133753819,-,False,False,False,
PPP2R1A,NM_014225.6,179,P,H,CCC,2,CAC,exact nucleotide concordance,1699184,"criteria provided, multiple submitters, no conflicts",2,Houge-Janssens syndrome 2|not provided,True,False,32,chr19,52212718,+,False,False,False,
MN1,NM_002430.3,1318,A,D,GCC,2,GAC,exact nucleotide concordance,1699334,"criteria provided, single submitter",1,CEBALID syndrome,False,False,10,chr22,27750925,-,False,False,False,
EPHB4,NM_004444.5,671,F,L,TTC,3,TTA,different-position convergence,1700049,"criteria provided, single submitter",1,Hereditary lymphedema type I,False,False,107,chr7,100812854,-,True,False,True,
ATL1,NM_015915.5,344,P,H,CCC,2,CAC,exact nucleotide concordance,1700069,"criteria provided, single submitter",1,Neurodevelopmental delay,False,False,16,chr14,50621883,+,True,False,True,WildType
L1CAM,NM_001278116.2,800,P,H,CCC,2,CAC,exact nucleotide concordance,1700198,"criteria provided, single submitter",1,X-linked hydrocephalus syndrome,False,False,32,chrX,153866681,-,False,False,False,
DYNC1H1,NM_001376.5,2745,T,K,ACA,2,AAA,exact nucleotide concordance,1700199,"criteria provided, single submitter",1,"Intellectual disability, autosomal dominant 13",False,False,56,chr14,102018507,+,True,False,True,Vivo
MLC1,NM_015166.4,157,A,E,GCG,2,GAG,exact nucleotide concordance,1700453,"criteria provided, multiple submitters, no conflicts",2,not provided|Megalencephalic leukoencephalopathy with subcortical cysts|Megalencephalic leukoencephalopathy with subcortical cysts 1,True,False,46,chr22,50077456,-,False,False,False,
TSC2,NM_000548.5,1722,A,D,GCC,2,GAC,exact nucleotide concordance,1700570,"criteria provided, single submitter",1,Tuberous sclerosis 2,False,False,4,chr16,2088231,+,True,False,True,WildType
AVPR2,NM_000054.7,322,P,T,CCC,1,ACC,exact nucleotide concordance,1700646,"criteria provided, single submitter",1,Nephrogenic diabetes insipidus,False,False,53,chrX,153906576,+,False,False,False,
SFTPC,NM_001317778.2,64,H,Q,CAC,3,CAA,"same-position, alternate-base convergence",1700691,"criteria provided, single submitter",1,"Surfactant metabolism dysfunction, pulmonary, 2",False,False,9,chr8,22162723,+,True,False,True,Vivo;WildType
CREBBP,NM_004380.3,1813,N,K,AAC,3,AAA,"same-position, alternate-base convergence",1701277,"criteria provided, single submitter",1,not provided,False,False,266,chr16,3729608,-,True,False,True,WildType
PLA2G6,NM_003560.4,341,A,D,GCC,2,GAC,exact nucleotide concordance,1701438,"criteria provided, multiple submitters, no conflicts",2,not provided|Neurodegeneration with brain iron accumulation 2B,True,False,55,chr22,38132886,-,True,False,True,Vivo
EBF3,NM_001375380.1,211,F,L,TTC,3,TTA,different-position convergence,1701823,no assertion criteria provided,0,"Hypotonia, ataxia, and delayed development syndrome",False,False,5,chr10,129877773,-,True,False,True,
CEBPA,NM_004364.5,315,L,M,CTG,1,ATG,exact nucleotide concordance,1701947,no assertion criteria provided,0,Acute myeloid leukemia,False,False,134,chr19,33301472,-,False,False,False,
LRP5,NM_002335.4,70,F,L,TTC,3,TTA,exact nucleotide concordance,1702014,"criteria provided, single submitter",1,Osteogenesis imperfecta,False,False,118,chr11,68347965,+,False,False,False,
ACTB,NM_001101.5,60,S,R,AGC,3,AGA,"same-position, alternate-base convergence",1703499,"criteria provided, single submitter",1,not provided,False,False,56,chr7,5529344,-,True,False,True,WildType
ALDH1A2,NM_003888.4,182,Q,K,CAG,1,AAG,exact nucleotide concordance,1703736,no assertion criteria provided,0,"Diaphragmatic hernia 4, with cardiovascular defects",False,False,11,chr15,57995089,-,True,False,True,Vivo;WildType
ALDH1A2,NM_003888.4,461,S,Y,TCT,2,TAT,exact nucleotide concordance,1703737,no assertion criteria provided,0,"Diaphragmatic hernia 4, with cardiovascular defects",False,False,27,chr15,57961164,-,False,False,False,
CYCS,NM_018947.6,97,A,D,GCT,2,GAT,exact nucleotide concordance,1703823,"criteria provided, single submitter",1,Thrombocytopenia 4,False,False,28,chr7,25123729,-,True,False,True,WildType
WDR45,NM_001029896.2,36,P,H,CCC,2,CAC,exact nucleotide concordance,1704205,no assertion criteria provided,0,Optic atrophy 2,False,False,23,chrX,49077860,-,True,False,True,Vitro;Vivo
HEXA,NM_000520.6,262,H,Q,CAC,3,CAA,"same-position, alternate-base convergence",1704300,no assertion criteria provided,0,Tay-Sachs disease,False,False,19,chr15,72350537,-,True,False,True,WildType
ABCA4,NM_000350.3,566,H,Q,CAC,3,CAA,"same-position, alternate-base convergence",1704303,"criteria provided, single submitter",1,Retinitis pigmentosa 19,False,False,62,chr1,94063174,-,False,False,False,
KDM6B,NM_001348716.2,1398,S,Y,TCC,2,TAC,exact nucleotide concordance,1704434,no assertion criteria provided,0,Neurodevelopmental disorder with coarse facies and mild distal skeletal abnormalities,False,False,27,chr17,7851978,+,False,False,False,
KDM6B,NM_001348716.2,1566,R,S,CGT,1,AGT,exact nucleotide concordance,1704436,no assertion criteria provided,0,Neurodevelopmental disorder with coarse facies and mild distal skeletal abnormalities,False,False,41,chr17,7853085,+,False,False,False,
LIPC,NM_000236.3,250,F,L,TTC,3,TTA,different-position convergence,1705274,no assertion criteria provided,0,Abnormal circulating lipid concentration,False,False,60,chr15,58545915,+,True,False,True,
PGAP3,NM_033419.5,105,P,Q,CCG,2,CAG,exact nucleotide concordance,1705418,"criteria provided, multiple submitters, no conflicts",2,Hyperphosphatasia with intellectual disability syndrome 4,True,False,34,chr17,39684715,-,True,False,True,Vivo;WildType
ATP1A3,NM_152296.5,756,R,S,CGC,1,AGC,exact nucleotide concordance,1705555,"criteria provided, single submitter",1,Alternating hemiplegia of childhood 2,False,True,2,chr19,41970540,-,True,False,True,Vivo
NPC1,NM_000271.5,1105,S,Y,TCC,2,TAC,exact nucleotide concordance,1705790,"criteria provided, single submitter",1,"Niemann-Pick disease, type C1",False,False,68,chr18,23535632,-,True,False,True,Vivo;WildType
NPC1,NM_000271.5,166,P,H,CCC,2,CAC,exact nucleotide concordance,1705802,"criteria provided, single submitter",1,"Niemann-Pick disease, type C1",False,False,33,chr18,23561494,-,True,False,True,WildType
F8,NM_000132.4,1939,A,E,GCA,2,GAA,exact nucleotide concordance,1705972,"criteria provided, single submitter",1,not provided,False,True,0,chrX,154904088,-,True,False,True,WildType
BICD2,NM_001003800.2,700,N,K,AAC,3,AAA,"same-position, alternate-base convergence",1707086,"criteria provided, single submitter",1,not provided,False,False,6,chr9,92718545,-,False,False,False,
SNAP25,NM_130811.4,199,A,E,GCA,2,GAA,exact nucleotide concordance,1707536,"criteria provided, multiple submitters, no conflicts",2,"Developmental and epileptic encephalopathy, 2|Congenital myasthenic syndrome 18",True,False,25,chr20,10306172,+,False,False,False,
SLC22A5,NM_003060.4,227,R,S,CGT,1,AGT,exact nucleotide concordance,1707671,"criteria provided, single submitter",1,Renal carnitine transport defect,False,False,26,chr5,132385354,+,False,False,False,
PAX3,NM_181458.4,230,Q,K,CAG,1,AAG,exact nucleotide concordance,1708138,"criteria provided, single submitter",1,Waardenburg syndrome type 1,False,False,101,chr2,222232182,-,False,False,False,
SGSH,NM_000199.5,63,A,D,GCC,2,GAC,exact nucleotide concordance,1708447,"criteria provided, multiple submitters, no conflicts",2,"Mucopolysaccharidosis, MPS-III-A|See cases",True,False,61,chr17,80217093,-,False,False,False,
COMP,NM_000095.3,555,N,K,AAC,3,AAA,"same-position, alternate-base convergence",1709017,"criteria provided, multiple submitters, no conflicts",2,Multiple epiphyseal dysplasia type 1|not provided,False,True,3,chr19,18785676,-,False,False,False,
TBX5,NM_181486.4,132,P,T,CCT,1,ACT,exact nucleotide concordance,1709051,"criteria provided, single submitter",1,Holt-Oram syndrome,False,False,31,chr12,114398689,-,True,False,True,Vitro;Vivo
ACTL6B,NM_016188.5,125,N,K,AAC,3,AAA,exact nucleotide concordance,1709092,"criteria provided, single submitter",1,Intellectual developmental disorder with severe speech and ambulation defects,False,False,5,chr7,100650130,-,True,False,True,Vitro;Vivo;WildType
NF1,NM_001042492.3,1155,A,D,GCC,2,GAC,exact nucleotide concordance,1709266,"criteria provided, multiple submitters, no conflicts",2,"Neurofibromatosis, type 1|Hereditary cancer-predisposing syndrome;Cardiovascular phenotype|Neurofibromatosis-Noonan syndrome",True,False,32,chr17,31232849,+,False,False,False,
BEST1,NM_004183.4,6,T,K,ACA,2,AAA,exact nucleotide concordance,1709319,"criteria provided, multiple submitters, no conflicts",2,Vitelliform macular dystrophy 2|not provided|Retinal dystrophy,True,False,16,chr11,61951823,+,True,False,True,Vivo;WildType
SPAST,NM_014946.4,435,P,T,CCT,1,ACT,exact nucleotide concordance,1709809,"criteria provided, single submitter",1,Hereditary spastic paraplegia 2,False,False,18,chr2,32136620,+,True,False,True,WildType
UNC13A,NM_001080421.3,556,F,L,TTC,3,TTA,exact nucleotide concordance,1709996,"criteria provided, single submitter",1,Amyotrophic lateral sclerosis type 1,False,False,71,chr19,17648579,-,True,False,True,WildType
ARSB,NM_000046.5,97,Q,K,CAG,1,AAG,exact nucleotide concordance,1710132,"criteria provided, single submitter",1,Mucopolysaccharidosis type 6,False,False,23,chr5,78984960,-,False,False,False,
TUBB3,NM_006086.4,105,H,N,CAC,1,AAC,exact nucleotide concordance,1710200,no assertion criteria provided,0,Complex cortical dysplasia with other brain malformations 1,False,False,35,chr16,89934764,+,True,False,True,WildType
FRMD7,NM_194277.3,278,F,L,TTC,3,TTA,different-position convergence,1710201,no assertion criteria provided,0,"Nystagmus 1, congenital, X-linked",False,False,73,chrX,132082436,-,False,False,False,
FBXO11,NM_001190274.2,911,T,K,ACA,2,AAA,exact nucleotide concordance,1710209,no assertion criteria provided,0,Intellectual developmental disorder with dysmorphic facies and behavioral abnormalities,False,False,52,chr2,47808170,-,True,False,True,Vitro;WildType
DSP,NM_004415.4,594,S,R,AGC,3,AGA,exact nucleotide concordance,1710286,no assertion criteria provided,0,Keratosis palmoplantaris striata 2,False,False,80,chr6,7571463,+,False,False,False,
PCDH19,NM_001184880.2,270,N,K,AAC,3,AAA,"same-position, alternate-base convergence",1710290,"criteria provided, multiple submitters, no conflicts",2,"Developmental and epileptic encephalopathy, 9",True,False,809,chrX,100407788,-,True,False,True,Vivo;WildType
PCSK1,NM_000439.5,309,N,K,AAC,3,AAA,"same-position, alternate-base convergence",1710314,no assertion criteria provided,0,Obesity due to prohormone convertase I deficiency,False,False,44,chr5,96410942,-,True,False,True,WildType
NAGLU,NM_000263.4,127,N,K,AAC,3,AAA,"same-position, alternate-base convergence",1710486,"criteria provided, single submitter",1,"Mucopolysaccharidosis, MPS-III-B",False,True,2,chr17,42536653,+,False,False,False,
NPC1,NM_000271.5,764,A,E,GCG,2,GAG,exact nucleotide concordance,1710501,"criteria provided, single submitter",1,"Niemann-Pick disease, type C2",False,False,45,chr18,23541388,-,True,False,True,Vitro
NFIX,NM_001365902.3,141,P,T,CCC,1,ACC,exact nucleotide concordance,1711463,"criteria provided, single submitter",1,not provided,False,False,138,chr19,13025414,+,True,False,True,Vivo
MED13L,NM_015335.5,761,H,N,CAT,1,AAT,exact nucleotide concordance,1712067,"criteria provided, single submitter",1,not provided,False,False,42,chr12,116006369,-,True,False,True,WildType
SCNM1,NM_024041.4,51,P,Q,CCG,2,CAG,exact nucleotide concordance,1712498,no assertion criteria provided,0,Orofaciodigital syndrome 19,False,False,29,chr1,151166963,+,True,False,True,WildType
EIF4A2,NM_001967.4,214,S,Y,TCT,2,TAT,exact nucleotide concordance,1712518,no assertion criteria provided,0,Neurodevelopmental disorder,False,False,13,chr3,186786515,+,True,False,True,Vitro;WildType
CNOT3,NM_014516.4,81,R,S,CGC,1,AGC,exact nucleotide concordance,1713134,"criteria provided, multiple submitters, no conflicts",2,"Intellectual developmental disorder with speech delay, autism, and dysmorphic facies",True,False,17,chr19,54143732,+,True,False,True,WildType
AR,NM_000044.6,579,S,R,AGC,3,AGA,exact nucleotide concordance,1713192,"criteria provided, single submitter",1,Androgen resistance syndrome,False,False,31,chrX,67643376,+,True,False,True,Vivo;WildType
CTSA,NM_000308.4,185,P,T,CCC,1,ACC,exact nucleotide concordance,1719216,"criteria provided, multiple submitters, no conflicts",2,Combined deficiency of sialidase AND beta galactosidase,True,False,47,chr20,45892833,+,True,False,True,Vitro;Vivo;WildType
CACNA1G,NM_018896.5,113,R,S,CGC,1,AGC,exact nucleotide concordance,1718753,"criteria provided, single submitter",1,not provided,False,False,17,chr17,50568964,+,True,False,True,WildType
ALDH18A1,NM_002860.4,136,S,R,AGC,3,AGA,exact nucleotide concordance,1720743,"criteria provided, single submitter",1,"Autosomal dominant spastic paraplegia type 9;de Barsy syndrome;Cutis laxa, autosomal dominant 3",False,False,45,chr10,95637332,-,False,False,False,
HSD3B2,NM_000198.4,222,P,Q,CCA,2,CAA,exact nucleotide concordance,1722337,"criteria provided, multiple submitters, no conflicts",2,Congenital adrenal hyperplasia|not provided|3 beta-Hydroxysteroid dehydrogenase deficiency,True,False,357,chr1,119422166,+,True,False,True,WildType
G6PD,NM_001360016.2,463,R,S,CGT,1,AGT,exact nucleotide concordance,1722637,"criteria provided, multiple submitters, no conflicts",2,"Anemia, nonspherocytic hemolytic, due to G6PD deficiency|G6PD deficiency",True,False,22,chrX,154532258,-,False,False,False,
G6PD,NM_001360016.2,173,F,L,TTC,3,TTA,"same-position, alternate-base convergence",1722656,"criteria provided, multiple submitters, no conflicts",2,"Anemia, nonspherocytic hemolytic, due to G6PD deficiency|G6PD deficiency",True,False,33,chrX,154534463,-,False,False,False,
G6PD,NM_001360016.2,402,T,N,ACC,2,AAC,exact nucleotide concordance,1722675,"criteria provided, single submitter",1,"Anemia, nonspherocytic hemolytic, due to G6PD deficiency",False,False,82,chrX,154532649,-,False,False,False,
G6PD,NM_001360016.2,409,P,Q,CCG,2,CAG,exact nucleotide concordance,1722679,"criteria provided, single submitter",1,"Anemia, nonspherocytic hemolytic, due to G6PD deficiency",False,False,61,chrX,154532628,-,False,False,False,
G6PD,NM_001360016.2,62,P,H,CCC,2,CAC,exact nucleotide concordance,1722707,"criteria provided, single submitter",1,"Anemia, nonspherocytic hemolytic, due to G6PD deficiency",False,False,26,chrX,154536019,-,False,False,False,
G6PD,NM_001360016.2,191,F,L,TTC,3,TTA,"same-position, alternate-base convergence",1722740,"criteria provided, single submitter",1,"Anemia, nonspherocytic hemolytic, due to G6PD deficiency",False,False,71,chrX,154534409,-,False,False,False,
G6PD,NM_001360016.2,198,R,S,CGC,1,AGC,exact nucleotide concordance,1722743,"criteria provided, single submitter",1,"Anemia, nonspherocytic hemolytic, due to G6PD deficiency",False,False,52,chrX,154534390,-,False,False,False,
SETD1B,NM_001353345.2,1414,S,Y,TCC,2,TAC,exact nucleotide concordance,1723131,"criteria provided, single submitter",1,Intellectual developmental disorder with seizures and language delay,False,False,330,chr12,121822820,+,False,False,False,
GCK,NM_000162.5,377,R,S,CGC,1,AGC,exact nucleotide concordance,1727652,reviewed by expert panel,3,Maturity-onset diabetes of the young|not provided|Monogenic diabetes,True,False,109,chr7,44145621,-,False,False,False,
MLH1,NM_000249.4,111,A,D,GCT,2,GAT,exact nucleotide concordance,1730286,"criteria provided, single submitter",1,Hereditary cancer-predisposing syndrome,False,False,25,chr3,37004426,+,True,False,True,WildType
MLH1,NM_000249.4,117,T,K,ACG,2,AAG,exact nucleotide concordance,1732140,"criteria provided, multiple submitters, no conflicts",2,"Hereditary cancer-predisposing syndrome|Colorectal cancer, hereditary nonpolyposis, type 2",True,False,30,chr3,37004444,+,True,False,True,WildType
SMARCB1,NM_003073.5,14,P,H,CCC,2,CAC,exact nucleotide concordance,1738639,"criteria provided, multiple submitters, no conflicts",2,Hereditary cancer-predisposing syndrome|not provided,True,False,40,chr22,23787210,+,False,False,False,
NF1,NM_001042492.3,2115,P,T,CCG,1,ACG,exact nucleotide concordance,1752601,"criteria provided, single submitter",1,Cardiovascular phenotype;Hereditary cancer-predisposing syndrome,False,False,84,chr17,31336830,+,True,False,True,WildType
GCK,NM_000162.5,232,A,D,GCC,2,GAC,exact nucleotide concordance,1756314,"criteria provided, single submitter",1,Maturity-onset diabetes of the young,False,False,15,chr7,44147818,-,True,False,True,WildType
ACVRL1,NM_000020.3,425,F,L,TTC,3,TTA,"same-position, alternate-base convergence",1766369,"criteria provided, multiple submitters, no conflicts",2,"Cardiovascular phenotype|Telangiectasia, hereditary hemorrhagic, type 2",True,False,28,chr12,51919013,+,False,False,False,
RAF1,NM_002880.4,261,P,H,CCT,2,CAT,exact nucleotide concordance,1760795,"criteria provided, multiple submitters, no conflicts",2,Cardiovascular phenotype|RASopathy|Central nervous system germ cell tumor,True,False,52,chr3,12604188,-,True,False,True,Vitro;WildType
ACVRL1,NM_000020.3,341,N,K,AAC,3,AAA,"same-position, alternate-base convergence",1765817,"criteria provided, single submitter",1,Cardiovascular phenotype,False,False,25,chr12,51915475,+,False,False,False,
GABRG2,NM_198904.4,306,S,Y,TCT,2,TAT,exact nucleotide concordance,1766063,"criteria provided, single submitter",1,Inborn genetic diseases,False,False,5,chr5,162142311,+,True,False,True,Vivo
MSH2,NM_000251.3,600,A,D,GCT,2,GAT,exact nucleotide concordance,1780308,"criteria provided, single submitter",1,Hereditary cancer-predisposing syndrome,False,False,39,chr2,47475064,+,True,False,True,Vitro
MSH2,NM_000251.3,690,Q,K,CAA,1,AAA,exact nucleotide concordance,1785322,"criteria provided, multiple submitters, no conflicts",2,Hereditary cancer-predisposing syndrome|Lynch syndrome 1|Hereditary nonpolyposis colorectal neoplasms,True,False,62,chr2,47476429,+,True,False,True,Vitro
MLH1,NM_000249.4,648,P,T,CCC,1,ACC,exact nucleotide concordance,1783072,"criteria provided, single submitter",1,Hereditary cancer-predisposing syndrome,False,False,45,chr3,37048562,+,False,False,False,
MLH1,NM_000249.4,648,P,H,CCC,2,CAC,exact nucleotide concordance,1783088,"criteria provided, single submitter",1,Hereditary cancer-predisposing syndrome,False,False,46,chr3,37048563,+,False,False,False,
IDS,NM_000202.8,71,S,R,AGC,3,AGA,exact nucleotide concordance,1786537,"criteria provided, multiple submitters, no conflicts",2,"Inborn genetic diseases|Mucopolysaccharidosis, MPS-II",True,False,27,chrX,149504184,-,False,False,False,
ASPA,NM_000049.4,71,R,S,CGC,1,AGC,exact nucleotide concordance,1786218,"criteria provided, single submitter",1,Inborn genetic diseases,False,False,25,chr17,3476370,+,False,False,False,
FH,NM_000143.4,95,A,D,GCT,2,GAT,exact nucleotide concordance,1796807,"criteria provided, single submitter",1,Hereditary cancer-predisposing syndrome,False,False,16,chr1,241513697,-,True,False,True,Vitro;WildType
ACACA,NM_198834.3,2214,P,H,CCC,2,CAC,exact nucleotide concordance,1799553,no assertion criteria provided,0,Acetyl-CoA: carboxylase deficiency,False,False,75,chr17,37097909,-,False,False,False,
GRIN2B,NM_000834.5,644,A,D,GCC,2,GAC,exact nucleotide concordance,1800708,"criteria provided, multiple submitters, no conflicts",2,"not provided|Intellectual disability, autosomal dominant 6",True,False,79,chr12,13608682,-,False,False,False,
FGF10,NM_004465.2,125,A,D,GCC,2,GAC,exact nucleotide concordance,1801340,"criteria provided, single submitter",1,Congenital absence of salivary gland;Levy-Hollister syndrome,False,False,48,chr5,44310482,-,True,False,True,WildType
CHD3,NM_001005273.3,99,P,Q,CCG,2,CAG,exact nucleotide concordance,1801342,"criteria provided, single submitter",1,Snijders Blok-Campeau syndrome,False,False,82,chr17,7890653,+,True,False,True,Vitro;Vivo
SCN1A,NM_001165963.4,1855,P,H,CCC,2,CAC,exact nucleotide concordance,1801481,"criteria provided, single submitter",1,Severe myoclonic epilepsy in infancy,False,False,466,chr2,165991711,-,True,False,True,Vitro;Vivo
STIL,NM_001048166.1,547,Q,K,CAA,1,AAA,exact nucleotide concordance,1801744,no assertion criteria provided,0,Myoepithelial tumor,False,False,390,chr1,47280819,-,False,False,False,
COLQ,NM_005677.4,342,D,E,GAC,3,GAA,"same-position, alternate-base convergence",1801824,"criteria provided, multiple submitters, no conflicts",2,Congenital myasthenic syndrome 5|Synaptic congenital myasthenic syndromes|Congenital myasthenic syndrome,True,False,48,chr3,15456508,-,False,False,False,
SLC20A2,NM_001257180.2,115,T,K,ACG,2,AAG,exact nucleotide concordance,1802173,"criteria provided, single submitter",1,Idiopathic basal ganglia calcification 1,False,False,54,chr8,42465863,-,False,False,False,
FZR1,NM_016263.4,333,N,K,AAC,3,AAA,"same-position, alternate-base convergence",1802185,no assertion criteria provided,0,Developmental and epileptic encephalopathy 109,False,False,9,chr19,3532086,+,False,False,False,
TSC2,NM_000548.5,1686,Q,K,CAG,1,AAG,exact nucleotide concordance,1802241,"criteria provided, single submitter",1,not provided,False,False,12,chr16,2087929,+,False,False,False,
PQBP1,NM_001032382.2,78,P,Q,CCA,2,CAA,exact nucleotide concordance,1802539,"criteria provided, single submitter",1,Renpenning syndrome,False,False,53,chrX,48901983,+,True,False,True,WildType
TRRAP,NM_001375524.1,1292,P,T,CCT,1,ACT,exact nucleotide concordance,1802557,"criteria provided, single submitter",1,Developmental delay with or without dysmorphic facies and autism,False,False,21,chr7,98933262,+,True,False,True,Vitro;Vivo;WildType
EEF1A2,NM_001958.5,15,H,N,CAC,1,AAC,exact nucleotide concordance,1803024,"criteria provided, single submitter",1,"Developmental and epileptic encephalopathy, 33",False,False,42,chr20,63497721,-,True,False,True,Vivo;WildType
ATP1A3,NM_152296.5,843,A,D,GCC,2,GAC,exact nucleotide concordance,1803036,"criteria provided, single submitter",1,Alternating hemiplegia of childhood 2,False,False,14,chr19,41970199,-,False,False,False,
IQSEC2,NM_001111125.3,765,N,K,AAC,3,AAA,"same-position, alternate-base convergence",1803040,"criteria provided, single submitter",1,"Intellectual disability, X-linked 1",False,True,2,chrX,53250281,-,True,False,True,Vivo;WildType
KIF1A,NM_001244008.2,269,A,D,GCC,2,GAC,exact nucleotide concordance,1803047,"criteria provided, single submitter",1,Hereditary spastic paraplegia 30,False,False,7,chr2,240783102,-,False,False,False,
SCN2A,NM_001371246.1,273,N,K,AAC,3,AAA,exact nucleotide concordance,1803062,"criteria provided, single submitter",1,"Developmental and epileptic encephalopathy, 11",False,False,121,chr2,165310444,+,True,False,True,WildType
SCN8A,NM_001330260.2,978,S,R,AGC,3,AGA,exact nucleotide concordance,1803064,"criteria provided, single submitter",1,"Developmental and epileptic encephalopathy, 13",False,False,32,chr12,51768897,+,False,False,False,
TUBA1A,NM_006009.4,205,D,E,GAC,3,GAA,exact nucleotide concordance,1803085,"criteria provided, single submitter",1,Tubulinopathy,False,False,239,chr12,49185751,-,True,False,True,WildType
PCCA,NM_000282.4,320,A,D,GCT,2,GAT,exact nucleotide concordance,1803092,no assertion criteria provided,0,Propionic acidemia,False,False,44,chr13,100273240,+,True,False,True,WildType
CASR,NM_000388.4,69,R,S,CGC,1,AGC,exact nucleotide concordance,1803180,"criteria provided, single submitter",1,Neonatal severe primary hyperparathyroidism,False,False,19,chr3,122257100,+,False,False,False,
RNF213,NM_001256071.3,38,N,K,AAC,3,AAA,"same-position, alternate-base convergence",1804036,"criteria provided, single submitter",1,Stroke disorder;Seizure;Inguinal hernia;Hemangioma;Nephrocalcinosis,False,False,16,chr17,80273257,+,False,False,False,
SMARCA2,NM_003070.5,1162,R,S,CGC,1,AGC,exact nucleotide concordance,1804427,"criteria provided, single submitter",1,not provided,False,False,27,chr9,2115849,+,True,False,True,Vitro;Vivo
SCN2A,NM_001371246.1,1475,N,K,AAC,3,AAA,"same-position, alternate-base convergence",1804532,"criteria provided, multiple submitters, no conflicts",2,"not provided|Developmental and epileptic encephalopathy, 11;Seizures, benign familial infantile, 3",True,False,21,chr2,165380708,+,False,False,False,
TMEM67,NM_153704.6,616,A,D,GCC,2,GAC,exact nucleotide concordance,1804646,"criteria provided, single submitter",1,COACH syndrome 1,False,False,13,chr8,93795974,+,True,False,True,Vivo;WildType
RYR2,NM_001035.3,3955,Q,K,CAG,1,AAG,exact nucleotide concordance,1804987,"criteria provided, single submitter",1,Catecholaminergic polymorphic ventricular tachycardia 1,False,False,17,chr1,237778753,+,True,False,True,WildType
HADH,NM_005327.7,145,A,D,GCC,2,GAC,exact nucleotide concordance,1805045,"criteria provided, single submitter",1,"Hyperinsulinemic hypoglycemia, familial, 4",False,False,14,chr4,108019554,+,False,False,False,
SLC16A2,NM_006517.5,464,P,T,CCC,1,ACC,exact nucleotide concordance,1805190,"criteria provided, single submitter",1,Allan-Herndon-Dudley syndrome,False,False,9,chrX,74529432,+,True,False,True,Vitro;WildType
CYP1B1,NM_000104.4,239,S,R,AGC,3,AGA,exact nucleotide concordance,1805500,"criteria provided, single submitter",1,Anterior segment dysgenesis,False,False,326,chr2,38074672,-,False,False,False,
PNPT1,NM_033109.5,467,P,H,CCT,2,CAT,exact nucleotide concordance,1805612,"criteria provided, single submitter",1,Combined oxidative phosphorylation defect type 13,False,False,41,chr2,55656172,-,True,False,True,Vivo
KCNA1,NM_000217.3,329,L,I,CTC,1,ATC,exact nucleotide concordance,1805796,"criteria provided, single submitter",1,Episodic ataxia type 1,False,False,503,chr12,4912363,+,False,False,False,
AR,NM_000044.6,583,F,L,TTC,3,TTA,"same-position, alternate-base convergence",1805862,"criteria provided, single submitter",1,Androgen resistance syndrome,False,False,19,chrX,67643388,+,True,False,True,Vivo;WildType
HBA1,NM_000558.5,88,H,Q,CAC,3,CAA,"same-position, alternate-base convergence",1809522,"criteria provided, single submitter",1,not provided,False,False,36,chr16,177097,+,False,False,False,
PURA,NM_005859.5,72,R,S,CGC,1,AGC,exact nucleotide concordance,1810146,"criteria provided, single submitter",1,not provided,False,False,213,chr5,140114395,+,False,False,False,
UNC13D,NM_199242.3,1018,A,D,GCC,2,GAC,exact nucleotide concordance,1810215,"criteria provided, multiple submitters, no conflicts",2,not provided|Familial hemophagocytic lymphohistiocytosis 3|Familial hemophagocytic lymphohistiocytosis,True,False,98,chr17,75828885,-,False,False,False,
TFAP2A,NM_001372066.1,248,A,E,GCG,2,GAG,exact nucleotide concordance,2136366,"criteria provided, single submitter",1,not provided,False,False,27,chr6,10404535,-,False,False,False,
CYP21A2,NM_000500.9,283,H,N,CAC,1,AAC,exact nucleotide concordance,2136374,"criteria provided, single submitter",1,not provided,False,False,92,chr6,32040113,+,False,False,False,
GJA1,NM_000165.5,154,T,N,ACC,2,AAC,exact nucleotide concordance,2136457,"criteria provided, single submitter",1,"Oculodentodigital dysplasia, autosomal recessive",False,False,460,chr6,121447308,+,True,False,True,Vitro
GCK,NM_000162.5,384,A,E,GCG,2,GAG,exact nucleotide concordance,2136509,reviewed by expert panel,3,not provided|Maturity-onset diabetes of the young|Monogenic diabetes,True,False,102,chr7,44145599,-,False,False,False,
GCK,NM_000162.5,278,D,E,GAC,3,GAA,"same-position, alternate-base convergence",2136513,"criteria provided, single submitter",1,not provided,False,False,29,chr7,44147679,-,False,False,False,
NPC1,NM_000271.5,401,P,T,CCT,1,ACT,exact nucleotide concordance,2138137,"criteria provided, single submitter",1,"Niemann-Pick disease, type C1",False,False,125,chr18,23556368,-,True,False,True,Vivo
TTR,NM_000371.4,126,T,N,ACC,2,AAC,exact nucleotide concordance,2138147,"criteria provided, single submitter",1,"Amyloidosis, hereditary systemic 1",False,False,40,chr18,31598608,+,True,False,True,WildType
ELANE,NM_001972.4,43,F,L,TTC,3,TTA,different-position convergence,2138167,"criteria provided, single submitter",1,"Neutropenia, severe congenital, 1, autosomal dominant;Cyclical neutropenia",False,False,59,chr19,852935,+,False,False,False,
SLC7A9,NM_014270.5,379,S,R,AGC,3,AGA,"same-position, alternate-base convergence",2138268,"criteria provided, single submitter",1,not provided,False,False,62,chr19,32842255,-,False,False,False,
ARSA,NM_000487.6,138,P,T,CCC,1,ACC,exact nucleotide concordance,2138466,"criteria provided, single submitter",1,Metachromatic leukodystrophy,False,False,53,chr22,50627219,-,False,False,False,
OCA2,NM_000275.3,741,N,K,AAC,3,AAA,exact nucleotide concordance,2137626,"criteria provided, multiple submitters, no conflicts",2,not provided,True,False,21,chr15,27871175,-,True,False,True,WildType
SLC24A5,NM_205850.3,115,A,E,GCA,2,GAA,exact nucleotide concordance,2137668,"criteria provided, single submitter",1,not provided,False,False,41,chr15,48134300,+,True,False,True,WildType
FAH,NM_000137.4,249,P,T,CCA,1,ACA,exact nucleotide concordance,2137735,"criteria provided, multiple submitters, no conflicts",2,Tyrosinemia type I,True,False,38,chr15,80173052,+,True,False,True,Vitro;Vivo
PMM2,NM_000303.3,101,N,K,AAC,3,AAA,"same-position, alternate-base convergence",2137776,"criteria provided, single submitter",1,PMM2-congenital disorder of glycosylation,False,False,44,chr16,8806363,+,False,False,False,
SLC12A3,NM_001126108.2,588,A,E,GCG,2,GAG,exact nucleotide concordance,2137825,"criteria provided, multiple submitters, no conflicts",2,not provided|Familial hypokalemia-hypomagnesemia,True,False,62,chr16,56884142,+,True,False,True,Vivo;WildType
NF1,NM_001042492.3,545,A,E,GCA,2,GAA,exact nucleotide concordance,2137963,"criteria provided, single submitter",1,"Neurofibromatosis, type 1",False,False,7,chr17,31219111,+,True,False,True,Vitro;WildType
STAT3,NM_139276.3,639,P,T,CCA,1,ACA,exact nucleotide concordance,2138013,"criteria provided, single submitter",1,"Hyper-IgE recurrent infection syndrome 1, autosomal dominant;STAT3 gain of function",False,False,26,chr17,42322468,-,False,False,False,
STAT3,NM_139276.3,636,S,Y,TCC,2,TAC,exact nucleotide concordance,2138015,"criteria provided, single submitter",1,"Hyper-IgE recurrent infection syndrome 1, autosomal dominant;STAT3 gain of function",False,False,18,chr17,42322476,-,False,False,False,
MYO7A,NM_000260.4,1605,S,Y,TCT,2,TAT,exact nucleotide concordance,2137208,"criteria provided, single submitter",1,not provided,False,False,38,chr11,77199780,+,True,False,True,WildType
TYR,NM_000372.5,152,P,H,CCC,2,CAC,exact nucleotide concordance,2137226,"criteria provided, single submitter",1,not provided,False,False,364,chr11,89178408,+,True,False,True,Vitro
PAH,NM_000277.3,121,F,L,TTC,3,TTA,different-position convergence,2137411,reviewed by expert panel,3,Phenylketonuria,True,False,8,chr12,102877542,-,True,False,True,
ASS1,NM_054012.4,299,A,D,GCC,2,GAC,exact nucleotide concordance,2140714,"criteria provided, single submitter",1,Citrullinemia,False,False,57,chr9,130489390,+,True,True,True,Vitro;Vivo;WildType
ECHS1,NM_004092.4,3,A,D,GCC,2,GAC,exact nucleotide concordance,2136943,"criteria provided, single submitter",1,not provided,False,False,7,chr10,133373326,-,False,False,False,
TPP1,NM_000391.4,538,S,Y,TCT,2,TAT,exact nucleotide concordance,2136995,"criteria provided, single submitter",1,not provided,False,False,61,chr11,6614625,-,True,False,True,Vitro;Vivo;WildType
SERPING1,NM_000062.3,189,T,N,ACC,2,AAC,exact nucleotide concordance,2137094,"criteria provided, single submitter",1,not provided,False,False,15,chr11,57602050,+,True,False,True,Vitro;Vivo;WildType
BEST1,NM_004183.4,307,T,N,ACC,2,AAC,exact nucleotide concordance,2137121,"criteria provided, multiple submitters, no conflicts",2,not provided|Retinal dystrophy,True,False,28,chr11,61959550,+,True,True,True,Vivo;WildType
ALAS2,NM_000032.5,452,R,S,CGC,1,AGC,exact nucleotide concordance,2138581,"criteria provided, multiple submitters, no conflicts",2,not provided,True,False,83,chrX,55014830,-,True,False,True,Vitro
BTK,NM_000061.3,575,S,R,AGC,3,AGA,exact nucleotide concordance,2138641,"criteria provided, single submitter",1,X-linked agammaglobulinemia with growth hormone deficiency,False,False,25,chrX,101353895,-,True,False,True,Vivo;WildType
IDS,NM_000202.8,77,A,D,GCC,2,GAC,exact nucleotide concordance,2138752,"criteria provided, multiple submitters, no conflicts",2,"Mucopolysaccharidosis, MPS-II",True,False,10,chrX,149504167,-,True,False,True,WildType
TMEM67,NM_153704.6,549,R,S,CGC,1,AGC,exact nucleotide concordance,2140289,"criteria provided, single submitter",1,Joubert syndrome;Meckel-Gruber syndrome,False,False,29,chr8,93793267,+,False,False,False,
ABCA4,NM_000350.3,1789,S,R,AGC,3,AGA,"same-position, alternate-base convergence",2151885,"criteria provided, multiple submitters, no conflicts",2,not provided|Retinitis pigmentosa,True,False,54,chr1,94014636,-,True,False,True,Vitro
ETFDH,NM_004453.4,612,P,T,CCT,1,ACT,exact nucleotide concordance,2162010,"criteria provided, single submitter",1,Multiple acyl-CoA dehydrogenase deficiency,False,False,20,chr4,158708507,+,False,False,False,
RPE65,NM_000329.3,363,P,H,CCT,2,CAT,exact nucleotide concordance,2154687,reviewed by expert panel,3,Leber congenital amaurosis 2;Retinitis pigmentosa 20|RPE65-related recessive retinopathy,True,False,40,chr1,68438227,-,True,False,True,Vivo
MCCC2,NM_022132.5,423,A,D,GCC,2,GAC,exact nucleotide concordance,2159280,"criteria provided, single submitter",1,3-methylcrotonyl-CoA carboxylase 2 deficiency,False,False,51,chr5,71649148,+,True,False,True,Vitro
GPR143,NM_000273.3,208,A,E,GCG,2,GAG,exact nucleotide concordance,2159554,"criteria provided, single submitter",1,not provided,False,False,35,chrX,9746079,-,True,False,True,Vivo
ARSA,NM_000487.6,143,F,L,TTC,3,TTA,different-position convergence,2152333,"criteria provided, multiple submitters, no conflicts",2,Metachromatic leukodystrophy,True,False,38,chr22,50627204,-,False,False,False,
PLA2G6,NM_003560.4,658,N,K,AAC,3,AAA,"same-position, alternate-base convergence",2170057,"criteria provided, single submitter",1,Infantile neuroaxonal dystrophy,False,False,60,chr22,38115587,-,False,False,False,
TULP1,NM_003322.6,521,P,T,CCG,1,ACG,exact nucleotide concordance,2166200,"criteria provided, single submitter",1,not provided,False,False,65,chr6,35498395,-,False,False,False,
RYR2,NM_001035.3,4159,Q,K,CAG,1,AAG,exact nucleotide concordance,2169498,"criteria provided, single submitter",1,Catecholaminergic polymorphic ventricular tachycardia 1,False,False,512,chr1,237784187,+,True,False,True,Vitro;WildType
DES,NM_001927.4,115,L,I,CTC,1,ATC,exact nucleotide concordance,2169507,"criteria provided, single submitter",1,Desmin-related myofibrillar myopathy,False,False,235,chr2,219418805,+,False,False,False,
SMPD1,NM_000543.5,230,R,S,CGC,1,AGC,exact nucleotide concordance,2163567,"criteria provided, single submitter",1,"Niemann-Pick disease, type A;Niemann-Pick disease, type B",False,False,369,chr11,6391753,+,False,False,False,
USH2A,NM_206933.4,2241,P,T,CCC,1,ACC,exact nucleotide concordance,2202955,"criteria provided, single submitter",1,not provided,False,False,63,chr1,215993104,-,True,False,True,Vivo;WildType
CYP1B1,NM_000104.4,390,R,S,CGC,1,AGC,exact nucleotide concordance,2203048,reviewed by expert panel,3,Congenital glaucoma|Anterior segment dysgenesis 6|Primary congenital glaucoma|Glaucoma 3A|CYP1B1-related glaucoma with or without anterior segment dysgenesis,True,False,124,chr2,38071186,-,False,False,False,
ABCG5,NM_022436.3,437,N,K,AAC,3,AAA,"same-position, alternate-base convergence",2203054,"criteria provided, single submitter",1,Sitosterolemia,False,False,13,chr2,43823926,-,True,False,True,Vitro;Vivo
SCN1A,NM_001165963.4,324,H,N,CAT,1,AAT,exact nucleotide concordance,2203198,"criteria provided, single submitter",1,Early-infantile DEE,False,False,5,chr2,166048944,-,False,False,False,
SCN1A,NM_001165963.4,191,N,K,AAC,3,AAA,"same-position, alternate-base convergence",2203204,"criteria provided, single submitter",1,Early-infantile DEE,False,False,29,chr2,166054667,-,False,False,False,
COLQ,NM_005677.4,59,P,Q,CCA,2,CAA,exact nucleotide concordance,2203311,"criteria provided, single submitter",1,Congenital myasthenic syndrome 5,False,False,43,chr3,15489568,-,True,False,True,Vitro;WildType
BTD,NM_001370658.1,419,A,D,GCC,2,GAC,exact nucleotide concordance,2203320,"criteria provided, multiple submitters, no conflicts",2,Biotinidase deficiency,True,False,316,chr3,15645172,+,True,False,True,Vitro;WildType
ABCA4,NM_000350.3,1094,P,T,CCT,1,ACT,exact nucleotide concordance,2202791,"criteria provided, single submitter",1,not provided,False,False,48,chr1,94042809,-,True,False,True,Vitro;Vivo
ABCA4,NM_000350.3,636,Q,K,CAG,1,AAG,exact nucleotide concordance,2202801,"criteria provided, multiple submitters, no conflicts",2,not provided|Severe early-childhood-onset retinal dystrophy,True,False,31,chr1,94062608,-,True,False,True,Vivo;WildType
SERPINC1,NM_000488.4,434,F,L,TTC,3,TTA,exact nucleotide concordance,2202884,"criteria provided, single submitter",1,Hereditary antithrombin deficiency,False,False,83,chr1,173903982,-,False,False,False,
SLC45A2,NM_016180.5,511,A,E,GCG,2,GAG,exact nucleotide concordance,2203615,"criteria provided, single submitter",1,not provided,False,False,61,chr5,33944709,-,True,False,True,Vivo;WildType
ALDH5A1,NM_001080.3,139,A,D,GCC,2,GAC,exact nucleotide concordance,1878442,"criteria provided, single submitter",1,Succinate-semialdehyde dehydrogenase deficiency,False,False,22,chr6,24502584,+,False,False,False,
ALDH5A1,NM_001080.3,144,A,D,GCT,2,GAT,exact nucleotide concordance,1878443,"criteria provided, single submitter",1,Succinate-semialdehyde dehydrogenase deficiency,False,False,7,chr6,24502599,+,False,False,False,
ALDH5A1,NM_001080.3,218,A,D,GCC,2,GAC,exact nucleotide concordance,1878462,"criteria provided, single submitter",1,Succinate-semialdehyde dehydrogenase deficiency,False,False,43,chr6,24504912,+,True,False,True,Vivo
ALDH5A1,NM_001080.3,335,N,K,AAC,3,AAA,exact nucleotide concordance,1878474,"criteria provided, single submitter",1,Succinate-semialdehyde dehydrogenase deficiency,False,False,9,chr6,24520535,+,True,False,True,WildType
ALDH5A1,NM_001080.3,382,P,Q,CCA,2,CAA,exact nucleotide concordance,1878476,"criteria provided, single submitter",1,Succinate-semialdehyde dehydrogenase deficiency,False,False,28,chr6,24522897,+,True,False,True,Vitro;WildType
ALDH5A1,NM_001080.3,419,F,L,TTC,3,TTA,exact nucleotide concordance,1878479,"criteria provided, single submitter",1,Succinate-semialdehyde dehydrogenase deficiency,False,False,83,chr6,24528080,+,False,False,False,
SETBP1,NM_015559.3,867,S,R,AGC,3,AGA,exact nucleotide concordance,1878636,"criteria provided, multiple submitters, no conflicts",2,Schinzel-Giedion syndrome|not provided,True,False,1399,chr18,44951941,+,True,False,True,Vitro
CRYBB1,NM_001887.4,228,S,Y,TCC,2,TAC,exact nucleotide concordance,1879550,"criteria provided, multiple submitters, no conflicts",2,not provided|Cataract 17 multiple types,True,False,76,chr22,26599566,-,True,False,True,WildType
PAH,NM_000277.3,260,F,L,TTC,3,TTA,"same-position, alternate-base convergence",2419016,"criteria provided, single submitter",1,Phenylketonuria,False,False,62,chr12,102852877,-,True,False,True,Vitro
ABCA4,NM_000350.3,430,A,D,GCC,2,GAC,exact nucleotide concordance,1916202,"criteria provided, single submitter",1,not provided,False,False,49,chr1,94078657,-,True,False,True,Vivo
IDUA,NM_000203.5,363,R,S,CGC,1,AGC,exact nucleotide concordance,1909963,"criteria provided, single submitter",1,Mucopolysaccharidosis type 1,False,False,102,chr4,1002383,+,False,False,False,
TH,NM_000360.4,344,F,L,TTC,3,TTA,"same-position, alternate-base convergence",1913004,"criteria provided, multiple submitters, no conflicts",2,Autosomal recessive DOPA responsive dystonia|not provided,True,False,15,chr11,2166495,-,False,False,False,
LAMA2,NM_000426.4,2848,H,Q,CAC,3,CAA,exact nucleotide concordance,1913085,"criteria provided, multiple submitters, no conflicts",2,LAMA2-related muscular dystrophy,False,True,3,chr6,129503277,+,True,False,True,WildType
USH2A,NM_206933.4,524,A,D,GCC,2,GAC,exact nucleotide concordance,1916216,"criteria provided, multiple submitters, no conflicts",2,not provided|Retinitis pigmentosa 39|Usher syndrome type 2A;Retinitis pigmentosa 39|Usher syndrome type 2A,True,False,20,chr1,216321956,-,True,False,True,WildType
SCN1A,NM_001165963.4,395,A,D,GCT,2,GAT,exact nucleotide concordance,1916227,"criteria provided, multiple submitters, no conflicts",2,not provided|Early-infantile DEE,True,False,13,chr2,166046963,-,False,False,False,
SCN1A,NM_001165963.4,573,S,R,AGC,3,AGA,exact nucleotide concordance,1926018,"criteria provided, multiple submitters, no conflicts",2,not provided|Early-infantile DEE,True,False,56,chr2,166043993,-,True,False,True,Vitro
STAT3,NM_139276.3,714,T,K,ACA,2,AAA,exact nucleotide concordance,1929511,"criteria provided, single submitter",1,"Hyper-IgE recurrent infection syndrome 1, autosomal dominant;STAT3 gain of function",False,True,3,chr17,42317185,-,True,False,True,WildType
INPP5E,NM_019892.6,456,N,K,AAC,3,AAA,exact nucleotide concordance,1932855,"criteria provided, single submitter",1,Joubert syndrome,False,False,19,chr9,136432498,-,False,False,False,
TH,NM_000360.4,276,S,Y,TCC,2,TAC,exact nucleotide concordance,1948864,"criteria provided, multiple submitters, no conflicts",2,Autosomal recessive DOPA responsive dystonia,True,False,14,chr11,2166901,-,False,False,False,
PHEX,NM_000444.6,257,A,D,GCC,2,GAC,exact nucleotide concordance,1937101,"criteria provided, single submitter",1,not provided,False,False,37,chrX,22094020,+,False,False,False,
ACVRL1,NM_000020.3,348,D,E,GAC,3,GAA,"same-position, alternate-base convergence",1944271,"criteria provided, single submitter",1,"Telangiectasia, hereditary hemorrhagic, type 2",False,False,4,chr12,51915496,+,False,False,False,
ASL,NM_000048.4,156,P,Q,CCG,2,CAG,exact nucleotide concordance,1958571,"criteria provided, single submitter",1,Argininosuccinate lyase deficiency,False,False,20,chr7,66086605,+,False,False,False,
MYO7A,NM_000260.4,853,R,S,CGC,1,AGC,exact nucleotide concordance,1962149,"criteria provided, single submitter",1,not provided,False,False,29,chr11,77179924,+,True,False,True,Vitro
ABCA4,NM_000350.3,775,P,T,CCA,1,ACA,exact nucleotide concordance,1951379,"criteria provided, single submitter",1,not provided,False,False,59,chr1,94056660,-,True,False,True,WildType
FKRP,NM_024301.5,463,N,K,AAC,3,AAA,exact nucleotide concordance,1957901,"criteria provided, single submitter",1,Walker-Warburg congenital muscular dystrophy,False,False,99,chr19,46756839,+,False,False,False,
EDA,NM_001399.5,302,F,L,TTC,3,TTA,different-position convergence,1974869,"criteria provided, single submitter",1,Hypohidrotic X-linked ectodermal dysplasia,False,False,20,chrX,70033508,+,True,False,True,
FBN1,NM_000138.5,2578,Q,K,CAG,1,AAG,exact nucleotide concordance,1982904,"criteria provided, single submitter",1,Marfan syndrome;Familial thoracic aortic aneurysm and aortic dissection,False,False,32,chr15,48420774,-,True,False,True,WildType
SGSH,NM_000199.5,377,R,S,CGC,1,AGC,exact nucleotide concordance,1978990,"criteria provided, single submitter",1,"Mucopolysaccharidosis, MPS-III-A",False,False,179,chr17,80210832,-,False,False,False,
GAA,NM_000152.5,89,R,S,CGC,1,AGC,exact nucleotide concordance,1989151,"criteria provided, single submitter",1,"Glycogen storage disease, type II",False,False,264,chr17,80104851,+,True,False,True,Vivo
G6PC1,NM_000151.4,322,F,L,TTC,3,TTA,exact nucleotide concordance,1988441,"criteria provided, multiple submitters, no conflicts",2,Glycogen storage disease due to glucose-6-phosphatase deficiency type IA|Glycogen storage disease,True,False,108,chr17,42911318,+,False,False,False,
ABCA4,NM_000350.3,1118,H,N,CAC,1,AAC,exact nucleotide concordance,1993341,"criteria provided, single submitter",1,not provided,False,False,23,chr1,94041379,-,True,False,True,Vitro
SCN1A,NM_001165963.4,1596,R,S,CGC,1,AGC,exact nucleotide concordance,1993385,"criteria provided, single submitter",1,Early-infantile DEE,False,False,66,chr2,165994212,-,True,False,True,Vivo
RYR1,NM_000540.3,4853,T,N,ACC,2,AAC,exact nucleotide concordance,2001954,"criteria provided, single submitter",1,RYR1-related disorder,False,False,46,chr19,38580416,+,False,False,False,
MYO7A,NM_000260.4,133,H,Q,CAC,3,CAA,"same-position, alternate-base convergence",1992971,"criteria provided, single submitter",1,not provided,False,False,71,chr11,77156020,+,True,False,True,Vitro;Vivo
SCN1A,NM_001165963.4,992,L,M,CTG,1,ATG,exact nucleotide concordance,1993066,"criteria provided, single submitter",1,Early-infantile DEE,False,False,27,chr2,166036503,-,True,False,True,WildType
CBS,NM_000071.3,352,S,R,AGC,3,AGA,"same-position, alternate-base convergence",2008922,"criteria provided, single submitter",1,"HYPERHOMOCYSTEINEMIA, THROMBOTIC, CBS-RELATED",False,False,16,chr21,43060530,-,True,False,True,Vivo
LRP5,NM_002335.4,848,P,Q,CCG,2,CAG,exact nucleotide concordance,2013080,"criteria provided, single submitter",1,not provided,False,False,39,chr11,68413728,+,False,False,False,
GJB1,NM_000166.6,62,S,R,AGC,3,AGA,different-position convergence,2016455,"criteria provided, multiple submitters, no conflicts",2,Charcot-Marie-Tooth Neuropathy X|Hereditary neuropathy or pain disorder,True,False,183,chrX,71223891,+,True,False,True,
KCNJ2,NM_000891.3,75,T,K,ACG,2,AAG,exact nucleotide concordance,2020840,"criteria provided, single submitter",1,Andersen Tawil syndrome;Short QT syndrome type 3,False,False,223,chr17,70175263,+,True,False,True,WildType
ALPL,NM_000478.6,477,Q,K,CAG,1,AAG,exact nucleotide concordance,2021042,"criteria provided, single submitter",1,not provided,False,False,119,chr1,21577502,+,False,False,False,
KMT2D,NM_003482.4,1423,R,S,CGT,1,AGT,exact nucleotide concordance,2026028,"criteria provided, single submitter",1,Kabuki syndrome,False,False,30,chr12,49046760,-,True,False,True,Vitro;Vivo;WildType
MECP2,NM_001110792.2,164,P,T,CCT,1,ACT,exact nucleotide concordance,2029588,"criteria provided, single submitter",1,Severe neonatal-onset encephalopathy with microcephaly|Rett syndrome,False,False,76,chrX,154031374,-,False,False,False,
KCNQ2,NM_172107.4,220,L,M,CTG,1,ATG,exact nucleotide concordance,2027411,"criteria provided, single submitter",1,Early-infantile DEE,False,False,32,chr20,63444691,-,False,False,False,
F9,NM_000133.4,424,F,L,TTC,3,TTA,exact nucleotide concordance,2020181,"criteria provided, single submitter",1,"Hereditary factor IX deficiency disease;Thrombophilia, X-linked, due to factor 9 defect",False,False,114,chrX,139561957,+,True,False,True,Vivo
TPP1,NM_000391.4,202,P,H,CCC,2,CAC,exact nucleotide concordance,2026862,"criteria provided, single submitter",1,not provided,False,False,82,chr11,6617057,-,True,False,True,Vitro;Vivo
SYNGAP1,NM_006772.3,271,A,D,GCC,2,GAC,exact nucleotide concordance,2019732,"criteria provided, single submitter",1,"Intellectual disability, autosomal dominant 5",False,False,49,chr6,33437717,+,False,False,False,
ARSB,NM_000046.5,486,D,E,GAC,3,GAA,exact nucleotide concordance,2026365,"criteria provided, single submitter",1,Mucopolysaccharidosis type 6,False,False,121,chr5,78780541,-,True,False,True,Vitro;Vivo;WildType
PCCB,NM_000532.5,59,H,N,CAC,1,AAC,exact nucleotide concordance,2026450,"criteria provided, single submitter",1,Propionic acidemia,False,False,8,chr3,136250550,+,False,False,False,
GJA3,NM_021954.4,203,F,L,TTC,3,TTA,exact nucleotide concordance,2028307,"criteria provided, single submitter",1,Cataract 14 multiple types,False,False,608,chr13,20142680,-,False,False,False,
SMARCA4,NM_001387283.1,1032,T,N,ACC,2,AAC,exact nucleotide concordance,2029925,"criteria provided, single submitter",1,Rhabdoid tumor predisposition syndrome 2,False,False,13,chr19,11025435,+,False,False,False,
ACVRL1,NM_000020.3,330,D,E,GAC,3,GAA,"same-position, alternate-base convergence",2036560,"criteria provided, single submitter",1,"Telangiectasia, hereditary hemorrhagic, type 2",False,False,58,chr12,51915442,+,True,False,True,Vivo
FANCA,NM_000135.4,1131,T,N,ACT,2,AAT,exact nucleotide concordance,2039808,"criteria provided, single submitter",1,Fanconi anemia,False,False,16,chr16,89746847,-,False,False,False,
FUS,NM_004960.4,525,P,T,CCG,1,ACG,exact nucleotide concordance,2046744,"criteria provided, single submitter",1,"Tremor, hereditary essential, 4;Amyotrophic lateral sclerosis type 6",False,False,8,chr16,31191430,+,True,False,True,Vitro;Vivo;WildType
KIF1A,NM_001244008.2,255,A,D,GCT,2,GAT,exact nucleotide concordance,2035801,"criteria provided, multiple submitters, no conflicts",2,"Hereditary spastic paraplegia 30;Neuropathy, hereditary sensory, type 2C;Intellectual disability, autosomal dominant 9|Hereditary spastic paraplegia 30",True,False,34,chr2,240783773,-,False,False,False,
ACADM,NM_000016.6,132,P,H,CCT,2,CAT,exact nucleotide concordance,2041158,"criteria provided, single submitter",1,Medium-chain acyl-coenzyme A dehydrogenase deficiency,False,False,7,chr1,75734798,+,False,False,False,
SLC22A5,NM_003060.4,470,S,Y,TCC,2,TAC,exact nucleotide concordance,2048266,"criteria provided, single submitter",1,Renal carnitine transport defect,False,False,41,chr5,132392574,+,True,False,True,Vivo
TTR,NM_000371.4,117,A,D,GCC,2,GAC,exact nucleotide concordance,2057055,"criteria provided, single submitter",1,"Amyloidosis, hereditary systemic 1",False,False,13,chr18,31598581,+,False,False,False,
RAC2,NM_002872.5,61,Q,K,CAG,1,AAG,exact nucleotide concordance,2052978,"criteria provided, single submitter",1,Neutrophil immunodeficiency syndrome,False,False,44,chr22,37232845,-,False,False,False,
ABCA4,NM_000350.3,776,H,Q,CAC,3,CAA,exact nucleotide concordance,2072531,"criteria provided, single submitter",1,not provided,False,False,54,chr1,94056655,-,True,False,True,WildType
ANK1,NM_000037.4,1027,S,R,AGC,3,AGA,"same-position, alternate-base convergence",2082388,"criteria provided, single submitter",1,not provided,False,False,34,chr8,41695211,-,True,False,True,Vivo;WildType
ATP7B,NM_000053.4,1018,A,E,GCG,2,GAG,exact nucleotide concordance,2083623,"criteria provided, single submitter",1,Wilson disease,False,False,7,chr13,51946291,-,True,False,True,WildType
DEAF1,NM_021008.4,461,N,K,AAC,3,AAA,exact nucleotide concordance,2085378,"criteria provided, single submitter",1,not provided,False,False,120,chr11,674656,-,False,False,False,
GLDC,NM_000170.3,284,H,N,CAT,1,AAT,exact nucleotide concordance,2083315,"criteria provided, single submitter",1,Glycine encephalopathy,False,False,11,chr9,6605142,-,True,False,True,Vitro;Vivo;WildType
PDGFRB,NM_002609.4,828,A,E,GCG,2,GAG,exact nucleotide concordance,2096300,"criteria provided, single submitter",1,"Infantile myofibromatosis;Acroosteolysis-keloid-like lesions-premature aging syndrome;Skeletal overgrowth-craniofacial dysmorphism-hyperelastic skin-white matter lesions syndrome;Basal ganglia calcification, idiopathic, 4",False,False,19,chr5,150120991,-,True,False,True,WildType
FH,NM_000143.4,107,N,K,AAC,3,AAA,"same-position, alternate-base convergence",2101618,"criteria provided, multiple submitters, no conflicts",2,not provided|Hereditary cancer-predisposing syndrome,True,False,53,chr1,241513660,-,True,False,True,Vitro;WildType
NF1,NM_001042492.3,1877,L,M,CTG,1,ATG,exact nucleotide concordance,2093800,"criteria provided, single submitter",1,"Neurofibromatosis, type 1",False,False,19,chr17,31330315,+,True,False,True,WildType
MVK,NM_000431.4,167,P,Q,CCG,2,CAG,exact nucleotide concordance,2098514,"criteria provided, single submitter",1,"Mevalonic aciduria;Hyperimmunoglobulin D with periodic fever;Porokeratosis 3, disseminated superficial actinic type",False,False,27,chr12,109581523,+,False,False,False,
GLDC,NM_000170.3,150,N,K,AAC,3,AAA,"same-position, alternate-base convergence",2098519,"criteria provided, multiple submitters, no conflicts",2,Glycine encephalopathy,True,False,20,chr9,6620204,-,True,False,True,Vivo;WildType
MEN1,NM_001370259.2,33,D,E,GAC,3,GAA,"same-position, alternate-base convergence",2105101,"criteria provided, single submitter",1,"Multiple endocrine neoplasia, type 1",False,False,98,chr11,64810011,-,False,False,False,
BEST1,NM_004183.4,274,P,H,CCC,2,CAC,exact nucleotide concordance,2110214,"criteria provided, single submitter",1,not provided,False,False,46,chr11,61958252,+,True,False,True,WildType
PAH,NM_000277.3,67,S,Y,TCT,2,TAT,exact nucleotide concordance,2108149,"criteria provided, single submitter",1,Phenylketonuria,False,False,31,chr12,102894887,-,True,False,True,WildType
GABRA1,NM_001127644.2,188,A,D,GCT,2,GAT,exact nucleotide concordance,2114713,"criteria provided, single submitter",1,"Epilepsy, idiopathic generalized, susceptibility to, 13;Idiopathic generalized epilepsy;Epilepsy, childhood absence 4",False,True,3,chr5,161882561,+,True,False,True,Vitro;WildType
HGD,NM_000187.4,274,P,T,CCC,1,ACC,exact nucleotide concordance,2102559,"criteria provided, single submitter",1,Alkaptonuria,False,False,45,chr3,120641648,-,False,False,False,
GALC,NM_000153.4,290,R,S,CGC,1,AGC,exact nucleotide concordance,2112804,"criteria provided, single submitter",1,Galactosylceramide beta-galactosidase deficiency,False,False,40,chr14,87968375,-,False,False,False,
WDFY3,NM_014991.6,1293,S,R,AGC,3,AGA,different-position convergence,2112856,"criteria provided, single submitter",1,not provided,False,False,24,chr4,84787506,-,False,False,False,
KCNT1,NM_020822.3,270,Q,K,CAG,1,AAG,exact nucleotide concordance,2114585,"criteria provided, single submitter",1,"Autosomal dominant nocturnal frontal lobe epilepsy 5;Developmental and epileptic encephalopathy, 14",False,False,46,chr9,135758462,+,True,False,True,WildType
GALNS,NM_000512.5,162,S,Y,TCC,2,TAC,exact nucleotide concordance,2118605,"criteria provided, single submitter",1,"Mucopolysaccharidosis, MPS-IV-A",False,False,62,chr16,88837703,-,False,False,False,
FOXL2,NM_023067.4,90,F,L,TTC,3,TTA,different-position convergence,2125656,"criteria provided, single submitter",1,not provided,False,False,267,chr3,138946455,-,False,False,False,
LDLR,NM_000527.5,389,T,K,ACG,2,AAG,exact nucleotide concordance,2118340,"criteria provided, single submitter",1,Familial hypercholesterolemia,False,False,20,chr19,11111619,+,False,False,False,
PMM2,NM_000303.3,188,D,E,GAC,3,GAA,exact nucleotide concordance,2118354,"criteria provided, single submitter",1,PMM2-congenital disorder of glycosylation,False,False,40,chr16,8813031,+,True,False,True,WildType
ATP1A3,NM_152296.5,684,S,Y,TCC,2,TAC,exact nucleotide concordance,2124880,"criteria provided, single submitter",1,Dystonia 12,False,False,43,chr19,41976459,-,False,False,False,
KCNH2,NM_000238.4,635,N,K,AAC,3,AAA,exact nucleotide concordance,2121024,"criteria provided, single submitter",1,Long QT syndrome,False,False,40,chr7,150951488,-,False,False,False,
ACADVL,NM_000018.4,219,P,H,CCC,2,CAC,exact nucleotide concordance,2132484,"criteria provided, single submitter",1,Very long chain acyl-CoA dehydrogenase deficiency,False,False,33,chr17,7221985,+,True,False,True,Vitro
SCN1A,NM_001165963.4,1414,N,K,AAC,3,AAA,exact nucleotide concordance,2133727,"criteria provided, single submitter",1,Early-infantile DEE,False,False,42,chr2,166002514,-,False,False,False,
SETBP1,NM_015559.3,1532,P,T,CCA,1,ACA,exact nucleotide concordance,2135439,"criteria provided, single submitter",1,not provided,False,False,197,chr18,45063501,+,False,False,False,
CYBB,NM_000397.4,338,H,Q,CAC,3,CAA,"same-position, alternate-base convergence",2135668,"criteria provided, single submitter",1,"Granulomatous disease, chronic, X-linked",False,False,116,chrX,37803993,+,False,False,False,
MTOR,NM_004958.4,1888,F,L,TTC,3,TTA,exact nucleotide concordance,2129739,"criteria provided, single submitter",1,not provided,False,False,50,chr1,11129788,-,True,False,True,WildType
ADA,NM_000022.4,211,R,S,CGT,1,AGT,exact nucleotide concordance,2131430,"criteria provided, single submitter",1,"Severe combined immunodeficiency, autosomal recessive, T cell-negative, B cell-negative, NK cell-negative, due to adenosine deaminase deficiency",False,False,24,chr20,44623054,-,True,True,True,Vivo;WildType
KCNQ5,NM_019842.4,429,S,R,AGC,3,AGA,exact nucleotide concordance,2305290,"criteria provided, single submitter",1,Inborn genetic diseases,False,False,39,chr6,73133460,+,True,False,True,WildType
KRT5,NM_000424.4,464,D,E,GAC,3,GAA,exact nucleotide concordance,2412999,"criteria provided, single submitter",1,not provided,False,False,47,chr12,52516684,-,False,False,False,
PCCA,NM_000282.4,106,A,E,GCG,2,GAG,exact nucleotide concordance,2428818,"criteria provided, multiple submitters, no conflicts",2,not provided|Propionic acidemia,True,False,16,chr13,100154995,+,False,False,False,
BAP1,NM_004656.4,229,N,K,AAC,3,AAA,exact nucleotide concordance,2429331,"criteria provided, multiple submitters, no conflicts",2,Kury-Isidor syndrome,True,False,27,chr3,52406349,-,True,False,True,Vivo;WildType
GJB1,NM_000166.6,193,F,L,TTC,3,TTA,different-position convergence,2429345,no assertion criteria provided,0,Peripheral neuropathy,False,False,275,chrX,71224284,+,True,False,True,
EP300,NM_001429.4,1440,P,T,CCA,1,ACA,exact nucleotide concordance,2429476,"criteria provided, single submitter",1,Rubinstein-Taybi syndrome due to EP300 haploinsufficiency,False,False,31,chr22,41170437,+,True,True,True,Vitro;WildType
MYOC,NM_000261.2,254,P,T,CCT,1,ACT,exact nucleotide concordance,2429764,reviewed by expert panel,3,Open-angle glaucoma,True,False,29,chr1,171636680,-,True,False,True,WildType
MEF2C,NM_002397.5,101,P,T,CCC,1,ACC,exact nucleotide concordance,2429818,"criteria provided, single submitter",1,Autism spectrum disorder,False,False,42,chr5,88761286,-,True,False,True,Vivo
KCNMA1,NM_001161352.2,615,F,L,TTC,3,TTA,"same-position, alternate-base convergence",2429851,"criteria provided, single submitter",1,Autism spectrum disorder,False,False,14,chr10,77039542,-,True,False,True,Vitro
CASK,NM_001367721.1,166,A,D,GCT,2,GAT,exact nucleotide concordance,2429864,"criteria provided, single submitter",1,Developmental disorder,False,False,35,chrX,41671463,-,True,False,True,Vivo
KAT6A,NM_006766.5,1558,S,R,AGC,3,AGA,exact nucleotide concordance,2429907,"criteria provided, single submitter",1,Autism spectrum disorder,False,False,1321,chr8,41933546,-,False,False,False,
DCX,NM_001195553.2,179,P,H,CCC,2,CAC,exact nucleotide concordance,2430137,"criteria provided, multiple submitters, no conflicts",2,Lissencephaly type 1 due to doublecortin gene mutation,True,False,169,chrX,111401159,-,True,False,True,WildType
SCN1A,NM_001165963.4,1265,L,M,CTG,1,ATG,exact nucleotide concordance,2430162,"criteria provided, single submitter",1,Developmental and epileptic encephalopathy 6B,False,False,86,chr2,166012195,-,False,False,False,
OCA2,NM_000275.3,355,A,E,GCG,2,GAG,exact nucleotide concordance,2430238,"criteria provided, single submitter",1,Tyrosinase-positive oculocutaneous albinism,False,False,19,chr15,27990628,-,False,False,False,
SASH1,NM_015278.5,604,T,K,ACG,2,AAG,exact nucleotide concordance,2430283,"criteria provided, single submitter",1,Dyschromatosis universalis hereditaria 1,False,False,76,chr6,148533847,+,True,False,True,WildType
TWIST1,NM_000474.4,176,S,R,AGC,3,AGA,"same-position, alternate-base convergence",2430914,"criteria provided, single submitter",1,not provided,False,False,81,chr7,19116794,-,False,False,False,
FBXO38,NM_205836.3,739,P,T,CCT,1,ACT,exact nucleotide concordance,2431046,no assertion criteria provided,0,"Neuronopathy, distal hereditary motor, type 2D",False,False,296,chr5,148427509,+,True,False,True,WildType
GATA6,NM_005257.6,294,S,R,AGC,3,AGA,different-position convergence,2431229,"criteria provided, single submitter",1,Pancreatic hypoplasia-diabetes-congenital heart disease syndrome,False,False,255,chr18,22172024,+,False,False,False,
FOXI3,NM_001135649.3,234,F,L,TTC,3,TTA,exact nucleotide concordance,2431350,no assertion criteria provided,0,Craniofacial microsomia 2|Craniofacial microsomia,False,False,61,chr2,88448768,-,False,False,False,
ELANE,NM_001972.4,153,A,D,GCC,2,GAC,exact nucleotide concordance,2431362,"criteria provided, single submitter",1,Cyclical neutropenia,False,False,91,chr19,855655,+,False,False,False,
STT3A,NM_152713.5,405,R,S,CGT,1,AGT,exact nucleotide concordance,2431752,"criteria provided, single submitter",1,"Congenital disorder of glycosylation, type Iw, autosomal dominant",False,True,3,chr11,125612595,+,True,False,True,Vivo
ABCD1,NM_000033.4,534,P,T,CCC,1,ACC,exact nucleotide concordance,2435953,"criteria provided, multiple submitters, no conflicts",2,not provided|Adrenoleukodystrophy,True,False,34,chrX,153740203,+,False,False,False,
SOX10,NM_006941.4,109,N,K,AAC,3,AAA,exact nucleotide concordance,2436253,"criteria provided, single submitter",1,not provided,False,False,101,chr22,37983458,-,False,False,False,
GLA,NM_000169.3,49,R,S,CGC,1,AGC,exact nucleotide concordance,2432134,"criteria provided, multiple submitters, no conflicts",2,not provided|Fabry disease,True,False,49,chrX,101407759,-,False,False,False,
SMC1A,NM_006306.4,1066,R,S,CGC,1,AGC,exact nucleotide concordance,2441999,"criteria provided, single submitter",1,Congenital muscular hypertrophy-cerebral syndrome,False,False,65,chrX,53382595,-,True,False,True,Vitro;WildType
MEF2C,NM_002397.5,36,S,R,AGC,3,AGA,different-position convergence,2442358,"criteria provided, single submitter",1,"Neurodevelopmental disorder with hypotonia, stereotypic hand movements, and impaired language",False,False,51,chr5,88804750,-,True,False,True,
DYNC1H1,NM_001376.5,2290,S,R,AGC,3,AGA,exact nucleotide concordance,2442374,"criteria provided, single submitter",1,"Intellectual disability, autosomal dominant 13",False,False,12,chr14,102012326,+,False,False,False,
SOX11,NM_003108.4,64,R,S,CGC,1,AGC,exact nucleotide concordance,2443013,"criteria provided, single submitter",1,Intellectual developmental disorder with microcephaly and with or without ocular malformations or hypogonadotropic hypogonadism,False,False,189,chr2,5692911,+,False,False,False,
SOX11,NM_003108.4,120,P,H,CCC,2,CAC,exact nucleotide concordance,2443025,"criteria provided, single submitter",1,Intellectual developmental disorder with microcephaly and with or without ocular malformations or hypogonadotropic hypogonadism,False,False,358,chr2,5693080,+,False,False,False,
LZTR1,NM_006767.4,230,N,K,AAC,3,AAA,"same-position, alternate-base convergence",2443303,no assertion criteria provided,0,Noonan syndrome 1,False,False,38,chr22,20990424,+,True,False,True,Vitro
KATNIP,NM_015202.5,972,P,T,CCT,1,ACT,exact nucleotide concordance,2443383,"criteria provided, single submitter",1,not provided,False,False,290,chr16,27749874,+,False,False,False,
CRLS1,NM_019095.6,172,A,D,GCT,2,GAT,exact nucleotide concordance,2443704,no assertion criteria provided,0,Combined oxidative phosphorylation deficiency 57,False,False,59,chr20,6015431,+,False,False,False,
OGDH,NM_002541.4,297,S,Y,TCT,2,TAT,exact nucleotide concordance,2443830,no assertion criteria provided,0,Oxoglutaricaciduria,False,False,45,chr7,44674512,+,True,False,True,Vitro;Vivo
AGR2,NM_006408.4,71,P,T,CCC,1,ACC,exact nucleotide concordance,2443885,"criteria provided, single submitter",1,"Respiratory infections, recurrent, and failure to thrive with or without diarrhea",False,False,7,chr7,16801196,-,False,False,False,
CACNA1S,NM_000069.3,742,P,Q,CCA,2,CAA,exact nucleotide concordance,2443904,"criteria provided, single submitter",1,Congenital myopathy 18|Centronuclear myopathy,False,True,2,chr1,201072757,-,True,False,True,WildType
TPM3,NM_152263.4,149,L,I,CTC,1,ATC,exact nucleotide concordance,2443942,no assertion criteria provided,0,"Congenital myopathy 4A, autosomal dominant",False,False,50,chr1,154173134,-,False,False,False,
TBX2,NM_005994.4,167,F,L,TTC,3,TTA,different-position convergence,2443992,no assertion criteria provided,0,Vertebral anomalies and variable endocrine and T-cell dysfunction,False,False,103,chr17,61401787,+,False,True,True,
SMARCA2,NM_003070.5,944,P,Q,CCA,2,CAA,exact nucleotide concordance,2444104,"criteria provided, single submitter",1,Nicolaides-Baraitser syndrome,False,False,52,chr9,2088561,+,False,False,False,
GJA8,NM_005267.5,39,T,K,ACG,2,AAG,exact nucleotide concordance,2444115,"criteria provided, multiple submitters, no conflicts",2,Cataract 1 multiple types|not provided,True,False,115,chr1,147908071,+,True,False,True,WildType
MAP2K2,NM_030662.4,56,A,D,GCC,2,GAC,exact nucleotide concordance,2444198,"criteria provided, single submitter",1,Cardiofaciocutaneous syndrome 4,False,False,74,chr19,4117555,-,False,False,False,
TFE3,NM_006521.6,187,T,K,ACG,2,AAG,exact nucleotide concordance,2444265,"criteria provided, single submitter",1,"Intellectual developmental disorder, X-linked, syndromic, with pigmentary mosaicism and coarse facies",False,False,25,chrX,49038417,-,True,False,True,WildType
SMS,NM_004595.5,112,P,Q,CCA,2,CAA,exact nucleotide concordance,2444331,"criteria provided, single submitter",1,Syndromic X-linked intellectual disability Snyder type,False,False,5,chrX,21977066,+,True,False,True,Vivo
TSHR,NM_000369.5,505,S,R,AGC,3,AGA,exact nucleotide concordance,2444338,"criteria provided, single submitter",1,Familial gestational hyperthyroidism,False,False,633,chr14,81143573,+,True,False,True,WildType
QDPR,NM_000320.3,140,A,D,GCC,2,GAC,exact nucleotide concordance,2444501,no assertion criteria provided,0,Dihydropteridine reductase deficiency,False,False,17,chr4,17501736,-,False,False,False,
NEU1,NM_000434.4,335,P,Q,CCA,2,CAA,exact nucleotide concordance,2445712,"criteria provided, multiple submitters, no conflicts",2,Sialidosis|not provided,True,False,17,chr6,31860059,-,False,False,False,
PRF1,NM_001083116.3,39,P,H,CCT,2,CAT,exact nucleotide concordance,2445916,"criteria provided, multiple submitters, no conflicts",2,Familial hemophagocytic lymphohistiocytosis|Aplastic anemia|Familial hemophagocytic lymphohistiocytosis 2,True,False,115,chr10,70600787,-,False,False,False,
AMELX,NM_001142.2,16,A,D,GCC,2,GAC,exact nucleotide concordance,2445234,"criteria provided, single submitter",1,Amelogenesis imperfecta type 1E,False,False,7,chrX,11294835,+,False,False,False,
RECQL4,NM_004260.4,1155,F,L,TTC,3,TTA,"same-position, alternate-base convergence",2445330,"criteria provided, single submitter",1,Ovarian cancer,False,False,37,chr8,144511718,-,False,False,False,
RNASEL,NM_021133.4,372,A,D,GCT,2,GAT,exact nucleotide concordance,2445339,"criteria provided, single submitter",1,Ovarian cancer,False,False,365,chr1,182585692,-,False,False,False,
MSR1,NM_138715.3,302,P,Q,CCG,2,CAG,exact nucleotide concordance,2445354,"criteria provided, single submitter",1,Ovarian cancer,False,False,6,chr8,16150305,-,True,False,True,WildType
RET,NM_020975.6,273,P,H,CCC,2,CAC,exact nucleotide concordance,2445369,"criteria provided, single submitter",1,Ovarian cancer,False,False,49,chr10,43105144,+,False,False,False,
EXT2,NM_207122.2,391,Q,K,CAG,1,AAG,exact nucleotide concordance,2445372,"criteria provided, multiple submitters, no conflicts",2,"Ovarian cancer|Exostoses, multiple, type 2",False,True,2,chr11,44130136,+,True,False,True,Vivo;WildType
AR,NM_000044.6,736,A,D,GCT,2,GAT,exact nucleotide concordance,2445373,"criteria provided, single submitter",1,Ovarian cancer,False,False,33,chrX,67717511,+,True,False,True,Vivo;WildType
BRIP1,NM_032043.3,266,T,K,ACG,2,AAG,exact nucleotide concordance,2445403,"criteria provided, single submitter",1,Ovarian cancer,False,False,121,chr17,61808588,-,True,False,True,Vivo
DLX3,NM_005220.3,179,N,K,AAC,3,AAA,exact nucleotide concordance,2445428,"criteria provided, single submitter",1,Hypomaturation-hypoplastic amelogenesis imperfecta with taurodontism,False,False,20,chr17,49991844,-,False,False,False,
FAR1,NM_032228.6,480,R,S,CGC,1,AGC,exact nucleotide concordance,2445439,"criteria provided, single submitter",1,Spastic paraparesis-cataracts-speech delay syndrome,False,False,52,chr11,13728664,+,True,False,True,WildType
ARSA,NM_000487.6,207,A,D,GCC,2,GAC,exact nucleotide concordance,2445466,"criteria provided, single submitter",1,Metachromatic leukodystrophy,False,False,64,chr22,50626898,-,False,False,False,
RAC1,NM_006908.5,68,R,S,CGC,1,AGC,exact nucleotide concordance,2446365,no assertion criteria provided,0,"Intellectual disability, autosomal dominant 48",False,False,23,chr7,6392018,+,True,False,True,Vitro
SGSH,NM_000199.5,74,R,S,CGC,1,AGC,exact nucleotide concordance,2446367,"criteria provided, single submitter",1,"Mucopolysaccharidosis, MPS-III-A",False,False,29,chr17,80217061,-,False,False,False,
PRDX3,NM_006793.5,163,D,E,GAC,3,GAA,"same-position, alternate-base convergence",2446414,no assertion criteria provided,0,"Spinocerebellar ataxia, autosomal recessive 32",False,False,41,chr10,119172444,-,True,False,True,Vitro;Vivo;WildType
KANSL1,NM_015443.4,887,T,K,ACG,2,AAG,exact nucleotide concordance,2446470,"criteria provided, single submitter",1,Koolen-de Vries syndrome,False,False,6,chr17,46034167,-,False,False,False,
FH,NM_000143.4,161,A,E,GCA,2,GAA,exact nucleotide concordance,2452785,"criteria provided, single submitter",1,Hereditary cancer-predisposing syndrome,False,False,73,chr1,241512040,-,True,False,True,Vivo
CC2D1A,NM_017721.5,748,D,E,GAC,3,GAA,"same-position, alternate-base convergence",2497726,no assertion criteria provided,0,not provided,False,False,18,chr19,13927193,+,True,False,True,Vivo
KPNA7,NM_001145715.3,175,Q,K,CAG,1,AAG,exact nucleotide concordance,2498074,no assertion criteria provided,0,Oocyte/zygote/embryo maturation arrest 17,False,False,30,chr7,99195100,-,True,False,True,Vivo
SETD1B,NM_001353345.2,1901,A,E,GCG,2,GAG,exact nucleotide concordance,2498277,no assertion criteria provided,0,Intellectual developmental disorder with seizures and language delay,False,False,25,chr12,121828045,+,True,False,True,WildType
ITGA2B,NM_000419.5,157,P,H,CCC,2,CAC,exact nucleotide concordance,2498354,reviewed by expert panel,3,Glanzmann thrombasthenia,True,False,61,chr17,44385655,-,False,False,False,
TUBB3,NM_006086.4,380,R,S,CGC,1,AGC,exact nucleotide concordance,2499586,"criteria provided, single submitter",1,Complex cortical dysplasia with other brain malformations 1,False,False,215,chr16,89935589,+,False,False,False,
PEX1,NM_000466.3,162,P,T,CCA,1,ACA,exact nucleotide concordance,2499623,"criteria provided, single submitter",1,Peroxisome biogenesis disorder 1A (Zellweger),False,False,11,chr7,92518031,-,True,False,True,WildType
ACSL5,NM_203379.2,453,T,K,ACA,2,AAA,exact nucleotide concordance,2500167,no assertion criteria provided,0,Diarrhea 13,False,False,29,chr10,112421636,+,True,False,True,WildType
USP7,NM_003470.3,433,L,I,CTT,1,ATT,exact nucleotide concordance,2500240,no assertion criteria provided,0,Hao-Fountain syndrome,False,False,25,chr16,8906557,-,False,False,False,
KCNA3,NM_002232.5,477,P,H,CCC,2,CAC,exact nucleotide concordance,2500299,"criteria provided, multiple submitters, no conflicts",2,KCNA3-associated developmental and epileptic encephalopathy|KCNA3-associated disorder|not provided,True,False,298,chr1,110673380,-,True,False,True,WildType
DNM1L,NM_001278464.2,39,S,R,AGC,3,AGA,different-position convergence,2500693,"criteria provided, single submitter",1,"Encephalopathy, lethal, due to defective mitochondrial peroxisomal fission 1",False,False,12,chr12,32701427,+,False,False,False,
TNNT2,NM_001276345.2,104,R,S,CGC,1,AGC,exact nucleotide concordance,2500774,"criteria provided, single submitter",1,Hypertrophic cardiomyopathy 2,False,False,15,chr1,201365292,-,True,False,True,Vitro;Vivo
MYOC,NM_000261.2,377,T,K,ACG,2,AAG,exact nucleotide concordance,2500837,reviewed by expert panel,3,Open-angle glaucoma,True,False,385,chr1,171636310,-,True,False,True,Vitro;WildType
CDH23,NM_022124.6,384,S,R,AGC,3,AGA,exact nucleotide concordance,2501245,"criteria provided, multiple submitters, no conflicts",2,"Usher syndrome|not provided|Autosomal recessive nonsyndromic hearing loss 12;Usher syndrome type 1D;Pituitary adenoma 5, multiple types|Pituitary adenoma 5, multiple types|Usher syndrome type 1",True,False,11,chr10,71645842,+,False,False,False,
SCN4A,NM_000334.4,382,P,T,CCC,1,ACC,exact nucleotide concordance,2501680,no assertion criteria provided,0,"Congenital myopathy 22B, severe fetal",False,False,43,chr17,63966200,-,True,False,True,Vitro
SCN8A,NM_001330260.2,1614,T,N,ACC,2,AAC,exact nucleotide concordance,2501688,"criteria provided, single submitter",1,"Seizures, benign familial infantile, 5",False,False,45,chr12,51806327,+,False,False,False,
MLC1,NM_015166.4,266,S,R,AGC,3,AGA,"same-position, alternate-base convergence",2501703,"criteria provided, single submitter",1,Megalencephalic leukoencephalopathy with subcortical cysts 1,False,False,26,chr22,50068529,-,False,False,False,
MOS,NM_005372.1,95,N,K,AAC,3,AAA,exact nucleotide concordance,2502325,no assertion criteria provided,0,Oocyte/zygote/embryo maturation arrest 20,False,False,284,chr8,56113698,-,False,False,False,
CRB1,NM_201253.3,1006,S,Y,TCC,2,TAC,exact nucleotide concordance,2502418,"criteria provided, multiple submitters, no conflicts",2,Retinitis pigmentosa 12|Leber congenital amaurosis 8|Leber congenital amaurosis,True,False,174,chr1,197434880,+,True,False,True,WildType
POU4F3,NM_002700.3,293,F,L,TTC,3,TTA,"same-position, alternate-base convergence",2502855,"criteria provided, single submitter",1,Autosomal dominant nonsyndromic hearing loss 15,False,False,138,chr5,146340306,+,False,False,False,
AMPD2,NM_001368809.2,620,R,S,CGC,1,AGC,exact nucleotide concordance,2503047,"criteria provided, single submitter",1,Pontocerebellar hypoplasia type 9,False,False,4,chr1,109629486,+,True,False,True,Vitro;WildType
GBA1,NM_000157.4,405,S,R,AGC,3,AGA,exact nucleotide concordance,2503945,"criteria provided, single submitter",1,Gaucher disease,False,False,9,chr1,155236254,-,True,False,True,WildType
AARS1,NM_001605.3,605,H,Q,CAC,3,CAA,"same-position, alternate-base convergence",2504064,"criteria provided, single submitter",1,Charcot-Marie-Tooth disease axonal type 2N,False,False,29,chr16,70259157,-,True,False,True,WildType
SLURP1,NM_020427.3,81,D,E,GAC,3,GAA,exact nucleotide concordance,2504644,no assertion criteria provided,0,Acroerythrokeratoderma,False,False,64,chr8,142741212,-,True,False,True,Vivo
IL2RG,NM_000206.3,222,R,S,CGT,1,AGT,exact nucleotide concordance,2504922,"criteria provided, single submitter",1,not provided,False,False,69,chrX,71109321,-,True,False,True,Vivo
FGFR1,NM_023110.3,747,F,L,TTC,3,TTA,exact nucleotide concordance,2505457,"criteria provided, single submitter",1,Hypogonadotropic hypogonadism 2 with or without anosmia,False,False,51,chr8,38413969,-,True,False,True,Vitro
TFE3,NM_006521.6,186,P,T,CCA,1,ACA,exact nucleotide concordance,2505508,"criteria provided, single submitter",1,"Intellectual developmental disorder, X-linked, syndromic, with pigmentary mosaicism and coarse facies",False,False,21,chrX,49038421,-,True,False,True,WildType
ITGA2B,NM_000419.5,133,D,E,GAC,3,GAA,"same-position, alternate-base convergence",2506415,reviewed by expert panel,3,Glanzmann thrombasthenia,True,False,9,chr17,44385833,-,False,False,False,
GREB1L,NM_001142966.3,1235,S,Y,TCC,2,TAC,exact nucleotide concordance,2506468,"criteria provided, single submitter",1,Renal hypodysplasia/aplasia 3,False,False,265,chr18,21500041,+,False,False,False,
STAT1,NM_007315.4,437,T,N,ACC,2,AAC,exact nucleotide concordance,2506763,"criteria provided, single submitter",1,not provided,False,False,37,chr2,190984347,-,True,False,True,Vivo;WildType
TAFAZZIN,NM_000116.5,74,D,E,GAC,3,GAA,exact nucleotide concordance,2506908,"criteria provided, single submitter",1,3-Methylglutaconic aciduria type 2,False,False,16,chrX,154412198,+,False,False,False,
MED12,NM_005120.3,1309,D,E,GAC,3,GAA,exact nucleotide concordance,2538859,"criteria provided, single submitter",1,Familial thoracic aortic aneurysm and aortic dissection,False,False,59,chrX,71130094,+,False,False,False,
MSH2,NM_000251.3,349,P,H,CCT,2,CAT,exact nucleotide concordance,2561334,"criteria provided, single submitter",1,Hereditary cancer-predisposing syndrome,False,False,30,chr2,47416399,+,False,False,False,
GCK,NM_000162.5,153,P,H,CCT,2,CAT,exact nucleotide concordance,2567920,reviewed by expert panel,3,Maturity-onset diabetes of the young|Monogenic diabetes,True,False,25,chr7,44150981,-,True,False,True,Vivo
ADAMTS10,NM_030957.4,488,R,S,CGT,1,AGT,exact nucleotide concordance,2570585,"criteria provided, single submitter",1,Weill-Marchesani syndrome 1,False,False,17,chr19,8595779,-,True,False,True,WildType
TBCD,NM_005993.5,693,P,T,CCC,1,ACC,exact nucleotide concordance,2570653,"criteria provided, single submitter",1,Early-onset progressive diffuse brain atrophy-microcephaly-muscle weakness-optic atrophy syndrome,False,False,24,chr17,82920594,+,False,False,False,
GJA3,NM_021954.4,59,P,Q,CCG,2,CAG,exact nucleotide concordance,2570856,"criteria provided, single submitter",1,not provided,False,False,175,chr13,20143113,-,False,False,False,
FOXC1,NM_001453.3,79,P,Q,CCG,2,CAG,exact nucleotide concordance,2571241,"criteria provided, single submitter",1,not provided,False,False,235,chr6,1610681,+,False,False,False,
GRIN1,NM_007327.4,646,S,Y,TCC,2,TAC,exact nucleotide concordance,2571351,"criteria provided, single submitter",1,not provided,False,False,72,chr9,137162663,+,False,False,False,
CYBB,NM_000397.4,409,A,E,GCA,2,GAA,exact nucleotide concordance,2571361,"criteria provided, single submitter",1,not provided,False,False,74,chrX,37805080,+,True,False,True,Vitro;Vivo;WildType
ATP7A,NM_000052.7,1362,A,D,GCT,2,GAT,exact nucleotide concordance,2571477,"criteria provided, single submitter",1,Menkes kinky-hair syndrome,False,False,38,chrX,78043396,+,True,False,True,WildType
COL6A2,NM_058174.3,341,P,T,CCT,1,ACT,exact nucleotide concordance,2572201,"criteria provided, single submitter",1,Ullrich congenital muscular dystrophy 1A,False,False,21,chr21,46117421,+,True,False,True,WildType
NR2F1,NM_005654.6,94,S,R,AGC,3,AGA,exact nucleotide concordance,2572229,"criteria provided, single submitter",1,Bosch-Boonstra-Schaaf optic atrophy syndrome,False,False,181,chr5,93585305,+,False,False,False,
GRIN2B,NM_000834.5,733,A,E,GCA,2,GAA,exact nucleotide concordance,2572472,"criteria provided, single submitter",1,"Developmental and epileptic encephalopathy, 27",False,False,26,chr12,13569991,-,False,False,False,
SLC6A8,NM_005629.4,77,R,S,CGC,1,AGC,exact nucleotide concordance,2572623,"criteria provided, single submitter",1,Creatine transporter deficiency,False,False,33,chrX,153688803,+,False,False,False,
CACNA1S,NM_000069.3,569,F,L,TTC,3,TTA,"same-position, alternate-base convergence",2572624,"criteria provided, single submitter",1,"Hypokalemic periodic paralysis, type 1",False,False,87,chr1,201077040,-,True,False,True,Vitro;Vivo;WildType
SETBP1,NM_015559.3,869,S,R,AGC,3,AGA,"same-position, alternate-base convergence",2573005,"criteria provided, multiple submitters, no conflicts",2,Schinzel-Giedion syndrome|SETBP1-related disorder,True,False,1393,chr18,44951947,+,True,False,True,Vitro
H3-3B,NM_005324.5,126,Q,K,CAG,1,AAG,exact nucleotide concordance,2573076,"criteria provided, single submitter",1,Bryant-Li-Bhoj neurodevelopmental syndrome 2,False,False,35,chr17,75778630,-,False,False,False,
KCNQ2,NM_172107.4,282,D,E,GAC,3,GAA,exact nucleotide concordance,2573143,"criteria provided, single submitter",1,Complex neurodevelopmental disorder|not provided|Early-infantile DEE,False,False,29,chr20,63439679,-,False,False,False,
KCNQ1,NM_000218.3,273,L,I,CTC,1,ATC,exact nucleotide concordance,2574013,"criteria provided, single submitter",1,Long QT syndrome,False,False,36,chr11,2572882,+,True,False,True,Vivo
PAX6,NM_001368894.2,249,P,T,CCA,1,ACA,exact nucleotide concordance,2574626,"criteria provided, single submitter",1,Irido-corneo-trabecular dysgenesis,False,False,20,chr11,31794094,-,True,False,True,Vitro;WildType
KCNC1,NM_001112741.2,341,S,R,AGC,3,AGA,"same-position, alternate-base convergence",2575090,"criteria provided, single submitter",1,Progressive myoclonic epilepsy type 7,False,False,452,chr11,17772117,+,False,False,False,
MYOC,NM_000261.2,455,T,K,ACA,2,AAA,exact nucleotide concordance,2575101,reviewed by expert panel,3,Open-angle glaucoma,True,False,151,chr1,171636076,-,True,False,True,WildType
ATP6V0C,NM_001694.4,137,F,L,TTC,3,TTA,different-position convergence,2575306,no assertion criteria provided,0,"EPILEPSY, EARLY-ONSET, 3, WITH DEVELOPMENTAL DELAY",False,False,59,chr16,2519686,+,False,False,False,
TBR1,NM_006593.4,312,T,K,ACG,2,AAG,exact nucleotide concordance,2576024,"criteria provided, single submitter",1,not provided,False,False,34,chr2,161418288,+,False,False,False,
ABCC8,NM_000352.6,1184,A,E,GCG,2,GAG,exact nucleotide concordance,2576194,"criteria provided, single submitter",1,"Hyperinsulinemic hypoglycemia, familial, 1",False,False,6,chr11,17404518,-,False,False,False,
SCN11A,NM_001349253.2,222,R,S,CGT,1,AGT,exact nucleotide concordance,2576562,"criteria provided, multiple submitters, no conflicts",2,Familial episodic pain syndrome with predominantly lower limb involvement|not provided,True,False,46,chr3,38925463,-,False,False,False,
PTPA,NM_178000.3,136,A,D,GCT,2,GAT,exact nucleotide concordance,2576989,no assertion criteria provided,0,"Parkinson disease 25, autosomal recessive early-onset, with impaired intellectual development",False,False,53,chr9,129131586,+,True,False,True,Vitro;Vivo;WildType
MYH7,NM_000257.4,738,S,R,AGC,3,AGA,exact nucleotide concordance,2576997,no assertion criteria provided,0,Hypertrophic cardiomyopathy 1,False,False,51,chr14,23425767,-,True,False,True,Vitro;WildType
PAX9,NM_001372076.1,122,S,Y,TCC,2,TAC,exact nucleotide concordance,2577032,no assertion criteria provided,0,"Tooth agenesis, selective, 3",False,False,266,chr14,36663257,+,False,True,True,
SLC25A13,NM_014251.3,541,A,D,GCT,2,GAT,exact nucleotide concordance,2577099,"criteria provided, multiple submitters, no conflicts",2,Citrin deficiency|Citrullinemia type II|Citrullinemia,True,False,30,chr7,96121967,-,True,False,True,Vitro
CYP1B1,NM_000104.4,106,A,D,GCC,2,GAC,exact nucleotide concordance,2577219,reviewed by expert panel,3,Primary congenital glaucoma|Anterior segment dysgenesis 6|Congenital glaucoma|Anterior segment dysgenesis 6;Glaucoma 3A|CYP1B1-related glaucoma with or without anterior segment dysgenesis,True,False,316,chr2,38075072,-,False,False,False,
HMGCL,NM_000191.3,75,S,R,AGC,3,AGA,"same-position, alternate-base convergence",2577237,"criteria provided, multiple submitters, no conflicts",2,Deficiency of hydroxymethylglutaryl-CoA lyase,True,False,27,chr1,23817503,-,True,False,True,WildType
FOXP1,NM_001349338.3,339,A,D,GCC,2,GAC,exact nucleotide concordance,2577931,no assertion criteria provided,0,not provided,False,False,41,chr3,71001018,-,True,False,True,WildType
CLTC,NM_004859.4,1052,A,D,GCC,2,GAC,exact nucleotide concordance,2577987,no assertion criteria provided,0,not provided,False,False,89,chr17,59681384,+,True,False,True,WildType
SCN8A,NM_001330260.2,413,A,D,GCT,2,GAT,exact nucleotide concordance,2578022,"criteria provided, single submitter",1,"Developmental and epileptic encephalopathy, 13",False,False,103,chr12,51705520,+,False,False,False,
FLCN,NM_144997.7,22,T,K,ACG,2,AAG,exact nucleotide concordance,2578497,no assertion criteria provided,0,Birt-Hogg-Dube syndrome,False,False,64,chr17,17228073,-,True,False,True,WildType
TGM1,NM_000359.3,772,S,R,AGC,3,AGA,exact nucleotide concordance,2579539,"criteria provided, multiple submitters, no conflicts",2,not provided|Autosomal recessive congenital ichthyosis 1,True,False,90,chr14,24249451,-,False,False,False,
PAX5,NM_016734.3,130,P,T,CCT,1,ACT,exact nucleotide concordance,2580271,"criteria provided, single submitter",1,Acute lymphoid leukemia,False,False,22,chr9,37015019,-,True,False,True,WildType
HNF1A,NM_000545.8,260,T,K,ACG,2,AAG,exact nucleotide concordance,2581121,reviewed by expert panel,3,Monogenic diabetes,True,False,65,chr12,120994229,+,False,False,False,
GCK,NM_000162.5,392,R,S,CGC,1,AGC,exact nucleotide concordance,2581305,reviewed by expert panel,3,Monogenic diabetes,True,False,79,chr7,44145576,-,False,False,False,
CYP11B2,NM_000498.3,315,S,R,AGC,3,AGA,"same-position, alternate-base convergence",2581484,"criteria provided, single submitter",1,Familial hypoaldosteronism,False,False,9,chr8,142914273,-,False,False,False,
G6PC1,NM_000151.4,83,R,S,CGT,1,AGT,exact nucleotide concordance,2581673,"criteria provided, single submitter",1,Glycogen storage disease due to glucose-6-phosphatase deficiency type IA,False,False,16,chr17,42903947,+,False,False,False,
SMPD1,NM_000543.5,572,F,L,TTC,3,TTA,"same-position, alternate-base convergence",2581711,"criteria provided, multiple submitters, no conflicts",2,"Sphingomyelin/cholesterol lipidosis|Niemann-Pick disease, type A",True,False,180,chr11,6394427,+,True,False,True,WildType
KRT5,NM_000424.4,176,N,K,AAC,3,AAA,exact nucleotide concordance,2581743,"criteria provided, single submitter",1,not provided,False,False,27,chr12,52519769,-,True,False,True,Vivo
SLC6A5,NM_004211.5,243,P,T,CCC,1,ACC,exact nucleotide concordance,2582175,"criteria provided, multiple submitters, no conflicts",2,not provided|Hyperekplexia 3,True,False,47,chr11,20607054,+,True,False,True,WildType
SCN5A,NM_000335.5,893,R,S,CGC,1,AGC,exact nucleotide concordance,2582527,"criteria provided, single submitter",1,Brugada syndrome 1,False,False,110,chr3,38585801,-,False,False,False,
MAST1,NM_014975.3,126,T,K,ACG,2,AAG,exact nucleotide concordance,2582570,"criteria provided, single submitter",1,Mega-corpus-callosum syndrome with cerebellar hypoplasia and cortical malformations,False,False,49,chr19,12847339,+,False,False,False,
GLDC,NM_000170.3,729,A,E,GCA,2,GAA,exact nucleotide concordance,2582640,"criteria provided, single submitter",1,Glycine encephalopathy,False,False,16,chr9,6556169,-,True,False,True,Vivo
VCP,NM_007126.5,541,S,Y,TCC,2,TAC,exact nucleotide concordance,2582682,"criteria provided, single submitter",1,Childhood Onset VCP-related Neurodevelopmental Disorder,False,False,73,chr9,35060386,-,True,False,True,Vitro;WildType
YY1,NM_003403.5,368,F,L,TTC,3,TTA,different-position convergence,2582783,"criteria provided, single submitter",1,Gabriele de Vries syndrome,False,False,39,chr14,100277457,+,True,False,True,
ACTA1,NM_001100.4,241,S,R,AGC,3,AGA,exact nucleotide concordance,2582796,"criteria provided, single submitter",1,Neuromuscular disease,False,False,85,chr1,229432079,-,False,False,False,
ACTA1,NM_001100.4,147,S,Y,TCC,2,TAC,exact nucleotide concordance,2582811,"criteria provided, single submitter",1,Fetal akinesia deformation sequence|Fetal akinesia,False,False,14,chr1,229432570,-,False,False,False,
ACTA1,NM_001100.4,373,H,Q,CAC,3,CAA,"same-position, alternate-base convergence",2582825,"criteria provided, single submitter",1,not provided,False,False,15,chr1,229431514,-,False,False,False,
KCNH5,NM_139318.5,461,A,E,GCA,2,GAA,exact nucleotide concordance,2583163,"criteria provided, single submitter",1,Developmental and epileptic encephalopathy 112,False,False,12,chr14,62849840,-,False,False,False,
ALDH7A1,NM_001182.5,331,T,N,ACC,2,AAC,exact nucleotide concordance,2584375,"criteria provided, single submitter",1,Pyridoxine-dependent epilepsy,False,False,16,chr5,126559256,-,False,False,False,
CHD2,NM_001271.4,890,N,K,AAC,3,AAA,"same-position, alternate-base convergence",2584492,"criteria provided, single submitter",1,Developmental and epileptic encephalopathy 94,False,False,57,chr15,92978326,+,True,False,True,Vitro
SACS,NM_014363.6,4339,D,E,GAC,3,GAA,exact nucleotide concordance,2584739,"criteria provided, single submitter",1,Charlevoix-Saguenay spastic ataxia,False,False,723,chr13,23330859,-,False,False,False,
STUB1,NM_005861.4,56,N,K,AAC,3,AAA,"same-position, alternate-base convergence",2584742,"criteria provided, single submitter",1,Autosomal recessive spinocerebellar ataxia 16,False,False,8,chr16,681160,+,False,False,False,
LRP1B,NM_018557.3,1453,L,I,CTC,1,ATC,exact nucleotide concordance,2584748,no assertion criteria provided,0,Inborn genetic diseases,False,False,22,chr2,140867812,-,True,False,True,WildType
LRP1B,NM_018557.3,1233,H,Q,CAC,3,CAA,exact nucleotide concordance,2584752,no assertion criteria provided,0,Inborn genetic diseases,False,False,67,chr2,140902987,-,True,False,True,Vivo
DDC,NM_001082971.2,47,P,H,CCT,2,CAT,exact nucleotide concordance,2585327,"criteria provided, multiple submitters, no conflicts",2,Deficiency of aromatic-L-amino-acid decarboxylase,True,False,61,chr7,50543946,-,True,False,True,WildType
STK11,NM_000455.5,179,P,Q,CCG,2,CAG,exact nucleotide concordance,2586607,"criteria provided, single submitter",1,Hereditary cancer-predisposing syndrome,False,False,61,chr19,1220444,+,False,False,False,
H4C3,NM_003542.4,46,R,S,CGC,1,AGC,exact nucleotide concordance,2597503,"criteria provided, single submitter",1,not specified,False,False,135,chr6,26104083,+,False,False,False,
POLA1,NM_001330360.2,543,L,I,CTT,1,ATT,exact nucleotide concordance,2626814,"criteria provided, single submitter",1,Inherited aplastic anemia,False,False,59,chrX,24727877,+,True,False,True,Vivo
HGD,NM_000187.4,92,P,T,CCT,1,ACT,exact nucleotide concordance,2626826,no assertion criteria provided,0,Alkaptonuria,False,False,8,chr3,120670435,-,True,False,True,WildType
HGD,NM_000187.4,122,A,D,GCT,2,GAT,exact nucleotide concordance,2626835,no assertion criteria provided,0,Alkaptonuria,False,False,22,chr3,120650843,-,True,False,True,WildType
PPP2R5D,NM_006245.4,217,F,L,TTC,3,TTA,different-position convergence,2626874,"criteria provided, single submitter",1,Houge-Janssens syndrome 1,False,False,15,chr6,43007429,+,True,False,True,
HCN1,NM_021072.4,366,P,T,CCA,1,ACA,exact nucleotide concordance,2627061,no assertion criteria provided,0,"Developmental and epileptic encephalopathy, 24",False,False,84,chr5,45396626,-,True,False,True,Vitro;WildType
SGCB,NM_000232.5,210,S,R,AGC,3,AGA,"same-position, alternate-base convergence",2627111,"criteria provided, single submitter",1,Autosomal recessive limb-girdle muscular dystrophy type 2E,False,False,8,chr4,52028091,-,False,False,False,
CLN6,NM_017882.3,93,T,K,ACG,2,AAG,exact nucleotide concordance,2627623,"criteria provided, single submitter",1,"Ceroid lipofuscinosis, neuronal, 6A",False,False,19,chr15,68214309,-,True,False,True,Vivo;WildType
DNAH3,NM_001347886.2,2279,F,L,TTC,3,TTA,different-position convergence,2627628,"criteria provided, single submitter",1,Spermatogenic failure 18,False,False,53,chr16,20987358,-,False,False,False,
HGD,NM_000187.4,230,P,T,CCC,1,ACC,exact nucleotide concordance,2627715,no assertion criteria provided,0,Alkaptonuria,False,False,38,chr3,120644405,-,True,False,True,Vitro;Vivo
HGD,NM_000187.4,291,D,E,GAC,3,GAA,exact nucleotide concordance,2627716,no assertion criteria provided,0,Alkaptonuria,False,False,6,chr3,120641595,-,True,False,True,WildType
HGD,NM_000187.4,263,F,L,TTC,3,TTA,different-position convergence,2627719,no assertion criteria provided,0,Alkaptonuria,False,False,12,chr3,120641681,-,True,False,True,
HGD,NM_000187.4,227,F,L,TTC,3,TTA,different-position convergence,2627723,no assertion criteria provided,0,Alkaptonuria,False,False,29,chr3,120644414,-,True,False,True,
GLA,NM_000169.3,272,N,K,AAC,3,AAA,exact nucleotide concordance,2634390,"criteria provided, multiple submitters, no conflicts",2,GLA-related disorder|Fabry disease,True,False,14,chrX,101398553,-,True,False,True,WildType
BCL11B,NM_138576.4,386,N,K,AAC,3,AAA,exact nucleotide concordance,2630411,"criteria provided, single submitter",1,BCL11B-related disorder,False,False,517,chr14,99175678,-,False,False,False,
KRAS,NM_004985.5,34,P,Q,CCA,2,CAA,exact nucleotide concordance,2630513,"criteria provided, single submitter",1,KRAS-related disorder,False,False,10,chr12,25245284,-,False,False,False,
PIEZO1,NM_001142864.4,2003,A,D,GCT,2,GAT,exact nucleotide concordance,2632265,"criteria provided, multiple submitters, no conflicts",2,PIEZO1-related disorder|Dehydrated hereditary stomatocytosis with or without pseudohyperkalemia and/or perinatal edema,True,False,58,chr16,88720225,-,False,False,False,
CHD4,NM_001273.5,1068,R,S,CGT,1,AGT,exact nucleotide concordance,2633887,"criteria provided, single submitter",1,CHD4-related disorder,False,False,20,chr12,6591714,-,True,False,True,Vitro
ATRX,NM_000489.6,1772,S,Y,TCC,2,TAC,exact nucleotide concordance,2637185,"criteria provided, single submitter",1,ATRX-related disorder,False,False,42,chrX,77618939,-,True,False,True,Vitro;WildType
SLC6A1,NM_003042.4,396,S,R,AGC,3,AGA,exact nucleotide concordance,2637210,"criteria provided, single submitter",1,SLC6A1-related disorder,False,True,3,chr3,11028844,+,True,False,True,Vivo
GCDH,NM_000159.4,187,D,E,GAC,3,GAA,exact nucleotide concordance,2631758,"criteria provided, multiple submitters, no conflicts",2,"GCDH-related disorder|Glutaric aciduria, type 1",True,False,55,chr19,12896047,+,True,False,True,Vivo
PIK3CA,NM_006218.4,1025,T,N,ACC,2,AAC,exact nucleotide concordance,2633421,"criteria provided, single submitter",1,PIK3CA-related disorder,False,False,133,chr3,179234231,+,True,False,True,Vivo;WildType
STXBP1,NM_003165.6,406,R,S,CGC,1,AGC,exact nucleotide concordance,2635125,"criteria provided, single submitter",1,STXBP1-related disorder,False,False,33,chr9,127675909,+,True,False,True,Vitro;Vivo;WildType
LDLR,NM_000527.5,608,P,H,CCC,2,CAC,exact nucleotide concordance,2636939,"criteria provided, multiple submitters, no conflicts",2,LDLR-related disorder|Familial hypercholesterolemia,True,False,22,chr19,11116976,+,True,False,True,WildType
FBN1,NM_000138.5,1506,P,T,CCA,1,ACA,exact nucleotide concordance,2637023,"criteria provided, single submitter",1,FBN1-related disorder,False,False,56,chr15,48468478,-,True,False,True,WildType
AR,NM_000044.6,825,Q,K,CAA,1,AAA,exact nucleotide concordance,2631223,"criteria provided, multiple submitters, no conflicts",2,AR-related disorder|Kennedy disease;Androgen resistance syndrome|Androgen resistance syndrome,True,False,23,chrX,67722850,+,False,False,False,
ATRX,NM_000489.6,1615,D,E,GAC,3,GAA,exact nucleotide concordance,2633036,"criteria provided, single submitter",1,ATRX-related disorder,False,False,35,chrX,77633677,-,True,False,True,Vivo
NF1,NM_001042492.3,1851,P,H,CCT,2,CAT,exact nucleotide concordance,2647639,"criteria provided, single submitter",1,not provided,False,False,57,chr17,31327782,+,True,False,True,Vitro;WildType
DYRK1A,NM_001347721.2,302,S,Y,TCT,2,TAT,exact nucleotide concordance,2652660,"criteria provided, single submitter",1,not provided,False,False,19,chr21,37490442,+,False,False,False,
CAMK2A,NM_015981.4,286,T,N,ACC,2,AAC,exact nucleotide concordance,2662703,"criteria provided, single submitter",1,not provided,False,False,40,chr5,150250269,-,True,False,True,Vivo;WildType
FREM1,NM_001379081.2,1179,P,T,CCC,1,ACC,exact nucleotide concordance,2662884,"criteria provided, single submitter",1,not provided,False,False,63,chr9,14801811,-,True,False,True,Vitro;Vivo
RRAGC,NM_022157.4,75,S,Y,TCC,2,TAC,exact nucleotide concordance,2663872,no assertion criteria provided,0,Long-Olsen-Distelmaier syndrome,False,False,13,chr1,38859423,-,False,False,False,
RRAGC,NM_022157.4,90,T,N,ACC,2,AAC,exact nucleotide concordance,2663873,no assertion criteria provided,0,Long-Olsen-Distelmaier syndrome,False,False,31,chr1,38857051,-,False,False,False,
OSGEP,NM_017807.4,40,F,L,TTC,3,TTA,different-position convergence,2663890,"criteria provided, single submitter",1,Galloway-Mowat syndrome 3,False,True,2,chr14,20452446,-,False,False,False,
AGXT,NM_000030.3,118,R,S,CGC,1,AGC,exact nucleotide concordance,2664121,"criteria provided, single submitter",1,"Primary hyperoxaluria, type I",False,False,6,chr2,240869356,+,False,False,False,
AGXT,NM_000030.3,213,A,D,GCC,2,GAC,exact nucleotide concordance,2664128,"criteria provided, single submitter",1,"Primary hyperoxaluria, type I",False,False,42,chr2,240874020,+,True,False,True,Vivo
SRD5A2,NM_000348.4,12,A,E,GCA,2,GAA,exact nucleotide concordance,2664270,no assertion criteria provided,0,3-Oxo-5 alpha-steroid delta 4-dehydrogenase deficiency,False,False,34,chr2,31580866,-,False,False,False,
GCK,NM_000162.5,378,A,D,GCT,2,GAT,exact nucleotide concordance,2664370,reviewed by expert panel,3,Maturity-onset diabetes of the young type 2|Monogenic diabetes,True,False,113,chr7,44145617,-,False,False,False,
HOGA1,NM_138413.4,278,A,E,GCG,2,GAG,exact nucleotide concordance,2664406,"criteria provided, single submitter",1,Primary hyperoxaluria type 3,False,True,1,chr10,97601989,+,False,False,False,
IDS,NM_000202.8,46,D,E,GAC,3,GAA,exact nucleotide concordance,2664501,"criteria provided, single submitter",1,"Mucopolysaccharidosis, MPS-II",False,False,34,chrX,149504259,-,True,False,True,WildType
SLC1A4,NM_003038.5,136,A,E,GCG,2,GAG,exact nucleotide concordance,2664658,no assertion criteria provided,0,not provided,False,False,120,chr2,64990050,+,False,False,False,
HPDL,NM_032756.4,192,S,R,AGC,3,AGA,"same-position, alternate-base convergence",2664672,no assertion criteria provided,0,not provided,False,False,540,chr1,45327724,+,True,False,True,Vivo
ALPL,NM_000478.6,71,R,S,CGC,1,AGC,exact nucleotide concordance,2676552,"criteria provided, multiple submitters, no conflicts",2,Adult hypophosphatasia|not provided|Hypophosphatasia,True,False,29,chr1,21561126,+,True,False,True,Vivo;WildType
PYGM,NM_005609.4,660,A,D,GCT,2,GAT,exact nucleotide concordance,2678123,"criteria provided, single submitter",1,"Glycogen storage disease, type V",False,False,9,chr11,64750574,-,True,False,True,Vivo;WildType
RDH12,NM_152443.3,55,T,K,ACG,2,AAG,exact nucleotide concordance,2678297,"criteria provided, single submitter",1,Leber congenital amaurosis 13,False,False,23,chr14,67724568,+,True,False,True,Vitro;WildType
RDH12,NM_152443.3,206,A,D,GCC,2,GAC,exact nucleotide concordance,2678309,"criteria provided, multiple submitters, no conflicts",2,Leber congenital amaurosis 13|Leber congenital amaurosis,True,False,41,chr14,67727149,+,True,False,True,Vitro
ACADM,NM_000016.6,413,R,S,CGT,1,AGT,exact nucleotide concordance,2679926,"criteria provided, multiple submitters, no conflicts",2,Medium-chain acyl-coenzyme A dehydrogenase deficiency,True,False,29,chr1,75762734,+,False,False,False,
ACADVL,NM_000018.4,281,A,D,GCT,2,GAT,exact nucleotide concordance,2680215,"criteria provided, single submitter",1,Very long chain acyl-CoA dehydrogenase deficiency,False,False,36,chr17,7222266,+,True,False,True,Vitro;Vivo;WildType
ABCC8,NM_000352.6,32,N,K,AAC,3,AAA,"same-position, alternate-base convergence",2678076,"criteria provided, multiple submitters, no conflicts",2,Type 2 diabetes mellitus|not provided|Familial hyperinsulinism,True,False,52,chr11,17476681,-,False,False,False,
OCA2,NM_000275.3,450,T,K,ACG,2,AAG,exact nucleotide concordance,2677397,"criteria provided, multiple submitters, no conflicts",2,"SKIN/HAIR/EYE PIGMENTATION 1, BLUE/NONBLUE EYES|not provided",True,False,15,chr15,27985079,-,False,False,False,
OCA2,NM_000275.3,776,A,D,GCT,2,GAT,exact nucleotide concordance,2677400,"criteria provided, single submitter",1,"SKIN/HAIR/EYE PIGMENTATION 1, BLUE/NONBLUE EYES",False,False,11,chr15,27851393,-,True,False,True,Vitro;WildType
CTNS,NM_004937.3,288,N,K,AAC,3,AAA,exact nucleotide concordance,2681019,"criteria provided, single submitter",1,Nephropathic cystinosis,False,False,11,chr17,3659869,+,False,False,False,
CYP17A1,NM_000102.4,82,A,D,GCC,2,GAC,exact nucleotide concordance,2681108,"criteria provided, multiple submitters, no conflicts",2,Deficiency of steroid 17-alpha-monooxygenase|not provided,True,False,52,chr10,102837117,-,True,False,True,Vivo;WildType
CAPN3,NM_000070.3,706,T,K,ACA,2,AAA,exact nucleotide concordance,2680392,"criteria provided, single submitter",1,"Muscular dystrophy, limb-girdle, autosomal dominant 4",False,True,1,chr15,42410429,+,True,False,True,Vitro;Vivo;WildType
ALPL,NM_000478.6,268,F,L,TTC,3,TTA,different-position convergence,2671815,"criteria provided, multiple submitters, no conflicts",2,Hypophosphatasia,True,False,9,chr1,21570314,+,False,False,False,
WFS1,NM_006005.3,559,A,D,GCC,2,GAC,exact nucleotide concordance,2734643,"criteria provided, single submitter",1,not provided|Wolfram syndrome 1,False,False,814,chr4,6301471,+,False,False,False,
CELSR3,NM_001407.3,2827,T,N,ACC,2,AAC,exact nucleotide concordance,2672074,no assertion criteria provided,0,See cases,False,False,73,chr3,48642811,-,False,False,False,
MTOR,NM_004958.4,1459,A,D,GCC,2,GAC,exact nucleotide concordance,2672094,"criteria provided, multiple submitters, no conflicts",2,Isolated focal cortical dysplasia type II,True,False,46,chr1,11157245,-,True,False,True,WildType
BCKDHB,NM_183050.4,159,Q,K,CAG,1,AAG,exact nucleotide concordance,2673070,"criteria provided, single submitter",1,not provided,False,True,2,chr6,80167809,+,True,False,True,WildType
MSH2,NM_000251.3,604,A,D,GCT,2,GAT,exact nucleotide concordance,2673297,"criteria provided, multiple submitters, no conflicts",2,Lynch syndrome 1|Hereditary cancer-predisposing syndrome,True,False,51,chr2,47475076,+,True,False,True,Vitro
PTEN,NM_000314.8,121,A,E,GCA,2,GAA,exact nucleotide concordance,2674284,"criteria provided, single submitter",1,Cowden syndrome 1,False,False,108,chr10,87933121,+,True,False,True,WildType
SRD5A2,NM_000348.4,248,A,D,GCC,2,GAC,exact nucleotide concordance,2674681,"criteria provided, single submitter",1,3-Oxo-5 alpha-steroid delta 4-dehydrogenase deficiency,False,False,22,chr2,31526218,-,True,False,True,Vitro
GCK,NM_000162.5,168,T,N,ACC,2,AAC,exact nucleotide concordance,2682649,reviewed by expert panel,3,Monogenic diabetes,True,False,19,chr7,44150045,-,True,False,True,Vivo
FGG,NM_021870.3,301,R,S,CGC,1,AGC,exact nucleotide concordance,2683325,"criteria provided, single submitter",1,not provided,False,False,49,chr4,154606933,-,True,False,True,Vitro;WildType
CASR,NM_000388.4,657,S,Y,TCC,2,TAC,exact nucleotide concordance,2683643,"criteria provided, single submitter",1,not provided,False,False,237,chr3,122283924,+,True,False,True,Vivo;WildType
KCNA1,NM_000217.3,405,P,H,CCT,2,CAT,exact nucleotide concordance,2687755,"criteria provided, single submitter",1,Epileptic encephalopathy,False,False,274,chr12,4912592,+,False,False,False,
SMC3,NM_005445.4,145,N,K,AAC,3,AAA,exact nucleotide concordance,2687782,no assertion criteria provided,0,Cornelia de Lange syndrome 3,False,False,5,chr10,110580909,+,True,True,True,Vivo
ABCB11,NM_003742.4,901,S,R,AGC,3,AGA,exact nucleotide concordance,2687801,"criteria provided, single submitter",1,Progressive familial intrahepatic cholestasis type 2,False,False,92,chr2,168936341,-,False,False,False,
ABCB4,NM_000443.4,315,A,D,GCC,2,GAC,exact nucleotide concordance,2687817,"criteria provided, single submitter",1,Progressive familial intrahepatic cholestasis type 3,False,False,61,chr7,87447095,-,True,False,True,Vitro;WildType
AR,NM_000044.6,429,A,D,GCC,2,GAC,exact nucleotide concordance,2690958,"criteria provided, single submitter",1,Male infertility with azoospermia or oligozoospermia due to single gene mutation,False,False,330,chrX,67546432,+,True,False,True,WildType
CPS1,NM_001875.5,471,T,N,ACC,2,AAC,exact nucleotide concordance,2691668,"criteria provided, single submitter",1,"Congenital hyperammonemia, type I",False,False,52,chr2,210599424,+,False,False,False,
LRP1,NM_002332.3,2129,T,K,ACA,2,AAA,exact nucleotide concordance,2691744,no assertion criteria provided,0,Developmental dysplasia of the hip 3,False,False,47,chr12,57185128,+,True,False,True,WildType
CACNA1D,NM_001128840.3,747,F,L,TTC,3,TTA,different-position convergence,2691773,no assertion criteria provided,0,"Congenital disorder of glycosylation, type Iw, autosomal dominant",False,False,17,chr3,53730459,+,True,False,True,
FLNA,NM_001110556.2,2578,F,L,TTC,3,TTA,different-position convergence,2692562,"criteria provided, single submitter",1,Frontometaphyseal dysplasia 1,False,False,24,chrX,154349386,-,False,False,False,
ABCA4,NM_000350.3,1511,P,T,CCC,1,ACC,exact nucleotide concordance,2697215,"criteria provided, single submitter",1,not provided,False,False,8,chr1,94029453,-,True,False,True,Vitro
MYH7,NM_000257.4,1549,A,D,GCC,2,GAC,exact nucleotide concordance,2698681,"criteria provided, single submitter",1,Hypertrophic cardiomyopathy,False,True,1,chr14,23416311,-,True,False,True,Vitro;Vivo;WildType
UMOD,NM_003361.4,236,P,T,CCG,1,ACG,exact nucleotide concordance,2698818,"criteria provided, multiple submitters, no conflicts",2,not provided|Familial juvenile hyperuricemic nephropathy type 1,True,False,159,chr16,20348595,-,False,False,False,
ABCA4,NM_000350.3,309,P,Q,CCA,2,CAA,exact nucleotide concordance,2698883,"criteria provided, single submitter",1,not provided,False,False,67,chr1,94080651,-,True,False,True,Vitro;Vivo;WildType
GAA,NM_000152.5,375,R,S,CGC,1,AGC,exact nucleotide concordance,2698939,"criteria provided, single submitter",1,"Glycogen storage disease, type II",False,False,47,chr17,80108536,+,True,False,True,WildType
TMPRSS3,NM_001256317.3,430,P,T,CCT,1,ACT,exact nucleotide concordance,2700615,"criteria provided, single submitter",1,not provided,False,False,56,chr21,42375772,-,False,False,False,
TP53,NM_000546.6,113,F,L,TTC,3,TTA,"same-position, alternate-base convergence",2702402,"criteria provided, single submitter",1,Li-Fraumeni syndrome,False,False,36,chr17,7676030,-,False,False,False,
ACVRL1,NM_000020.3,480,L,I,CTC,1,ATC,exact nucleotide concordance,2696670,"criteria provided, single submitter",1,"Telangiectasia, hereditary hemorrhagic, type 2",False,False,60,chr12,51920819,+,True,False,True,WildType
MCCC2,NM_022132.5,556,T,N,ACT,2,AAT,exact nucleotide concordance,2705221,"criteria provided, single submitter",1,3-methylcrotonyl-CoA carboxylase 2 deficiency,False,False,25,chr5,71656835,+,False,False,False,
MEN1,NM_001370259.2,320,P,T,CCC,1,ACC,exact nucleotide concordance,2699143,"criteria provided, single submitter",1,"Multiple endocrine neoplasia, type 1",False,False,45,chr11,64806323,-,True,False,True,Vivo;WildType
FBP1,NM_000507.4,213,N,K,AAC,3,AAA,exact nucleotide concordance,2710984,"criteria provided, single submitter",1,Fructose-biphosphatase deficiency,False,False,66,chr9,94606881,-,False,False,False,
CACNA1E,NM_001205293.3,1463,N,K,AAC,3,AAA,"same-position, alternate-base convergence",2710278,"criteria provided, single submitter",1,not provided,False,False,59,chr1,181758006,+,True,False,True,Vitro;Vivo;WildType
CNGA3,NM_001298.3,163,P,T,CCG,1,ACG,exact nucleotide concordance,2706689,"criteria provided, single submitter",1,not provided,False,False,37,chr2,98389695,+,True,False,True,Vitro
CYP17A1,NM_000102.4,114,F,L,TTC,3,TTA,"same-position, alternate-base convergence",2711523,"criteria provided, single submitter",1,not provided,False,False,44,chr10,102835348,-,True,False,True,WildType
ATP1A3,NM_152296.5,747,S,Y,TCC,2,TAC,exact nucleotide concordance,2707985,"criteria provided, single submitter",1,Dystonia 12,False,False,23,chr19,41975652,-,True,False,True,WildType
ASL,NM_000048.4,237,D,E,GAC,3,GAA,"same-position, alternate-base convergence",2709572,"criteria provided, single submitter",1,Argininosuccinate lyase deficiency,False,False,7,chr7,66087784,+,False,False,False,
DNAH5,NM_001369.3,2833,R,S,CGT,1,AGT,exact nucleotide concordance,2726506,"criteria provided, single submitter",1,Primary ciliary dyskinesia,False,False,48,chr5,13788866,-,True,False,True,Vitro;WildType
SCN4A,NM_000334.4,1152,A,D,GCC,2,GAC,exact nucleotide concordance,2725917,"criteria provided, multiple submitters, no conflicts",2,Hyperkalemic periodic paralysis|not provided,True,False,13,chr17,63945625,-,True,False,True,Vitro
FOXL2,NM_023067.4,66,A,E,GCG,2,GAG,exact nucleotide concordance,2734578,"criteria provided, single submitter",1,not provided,False,False,196,chr3,138946526,-,False,False,False,
OPA1,NM_130837.3,256,S,R,AGC,3,AGA,"same-position, alternate-base convergence",2734610,"criteria provided, single submitter",1,not provided,False,False,21,chr3,193626181,+,False,False,False,
IDUA,NM_000203.5,179,T,K,ACG,2,AAG,exact nucleotide concordance,2734636,"criteria provided, single submitter",1,Mucopolysaccharidosis type 1,False,False,42,chr4,1001510,+,False,False,False,
DHCR7,NM_001360.3,301,H,N,CAC,1,AAC,exact nucleotide concordance,2738216,"criteria provided, multiple submitters, no conflicts",2,Smith-Lemli-Opitz syndrome,True,False,62,chr11,71437874,-,True,False,True,Vitro;Vivo;WildType
ALG6,NM_013339.4,308,S,R,AGC,3,AGA,exact nucleotide concordance,2733902,"criteria provided, single submitter",1,ALG6-congenital disorder of glycosylation 1C,False,False,21,chr1,63415894,+,False,True,True,
ABCA4,NM_000350.3,1518,S,R,AGC,3,AGA,different-position convergence,2733922,"criteria provided, single submitter",1,not provided,False,False,12,chr1,94025036,-,True,False,True,
SERPINC1,NM_000488.4,437,N,K,AAC,3,AAA,"same-position, alternate-base convergence",2734037,reviewed by expert panel,3,Hereditary antithrombin deficiency|not provided,True,False,84,chr1,173903973,-,False,False,False,
CALM2,NM_001743.6,90,F,L,TTC,3,TTA,different-position convergence,2734184,"criteria provided, single submitter",1,Long QT syndrome 1,False,False,17,chr2,47162303,-,True,False,True,
SCN1A,NM_001165963.4,76,P,T,CCC,1,ACC,exact nucleotide concordance,2734321,"criteria provided, single submitter",1,Early-infantile DEE,False,False,38,chr2,166073396,-,False,False,False,
MYO7A,NM_000260.4,1774,F,L,TTC,3,TTA,different-position convergence,2735712,"criteria provided, single submitter",1,not provided,False,False,6,chr11,77203211,+,True,False,True,
ACVRL1,NM_000020.3,378,P,H,CCC,2,CAC,exact nucleotide concordance,2735873,"criteria provided, single submitter",1,"Telangiectasia, hereditary hemorrhagic, type 2",False,False,84,chr12,51916120,+,False,False,False,
ACVRL1,NM_000020.3,482,A,E,GCG,2,GAG,exact nucleotide concordance,2735880,"criteria provided, single submitter",1,"Telangiectasia, hereditary hemorrhagic, type 2",False,False,67,chr12,51920826,+,True,False,True,WildType
PAH,NM_000277.3,418,T,N,ACC,2,AAC,exact nucleotide concordance,2735927,"criteria provided, single submitter",1,Phenylketonuria,False,False,53,chr12,102840462,-,False,False,False,
PRF1,NM_001083116.3,193,F,L,TTC,3,TTA,different-position convergence,2735412,"criteria provided, single submitter",1,Familial hemophagocytic lymphohistiocytosis 2,False,False,37,chr10,70599144,-,True,False,True,
FAS,NM_000043.6,241,T,K,ACA,2,AAA,exact nucleotide concordance,2735450,"criteria provided, single submitter",1,Autoimmune lymphoproliferative syndrome type 1,False,False,45,chr10,89014164,+,False,False,False,
KCNJ11,NM_000525.4,204,D,E,GAC,3,GAA,exact nucleotide concordance,2735540,"criteria provided, single submitter",1,not provided,False,False,561,chr11,17387480,-,False,False,False,
EDA,NM_001399.5,316,D,E,GAC,3,GAA,"same-position, alternate-base convergence",2737245,"criteria provided, single submitter",1,Hypohidrotic X-linked ectodermal dysplasia,False,False,23,chrX,70035381,+,True,False,True,WildType
TSC2,NM_000548.5,601,S,R,AGC,3,AGA,"same-position, alternate-base convergence",2744117,"criteria provided, single submitter",1,Tuberous sclerosis 2,False,False,36,chr16,2070542,+,True,False,True,WildType
MMUT,NM_000255.4,197,A,E,GCA,2,GAA,exact nucleotide concordance,2734895,"criteria provided, single submitter",1,not provided,False,False,163,chr6,49457854,-,False,False,False,
SLC26A4,NM_000441.2,667,F,L,TTC,3,TTA,different-position convergence,2735072,"criteria provided, single submitter",1,not provided,False,False,35,chr7,107702022,+,True,False,True,
LEP,NM_000230.3,103,N,K,AAC,3,AAA,exact nucleotide concordance,2735087,"criteria provided, single submitter",1,not provided|LEP-related disorder,False,False,164,chr7,128254568,+,False,False,False,
COQ8B,NM_024876.4,253,N,K,AAC,3,AAA,exact nucleotide concordance,2736895,"criteria provided, multiple submitters, no conflicts",2,"not provided|Nephrotic syndrome, type 9",True,False,40,chr19,40703581,-,True,False,True,WildType
CBS,NM_000071.3,336,R,S,CGC,1,AGC,exact nucleotide concordance,2743697,"criteria provided, single submitter",1,"HYPERHOMOCYSTEINEMIA, THROMBOTIC, CBS-RELATED",False,False,33,chr21,43062344,-,False,False,False,
RYR1,NM_000540.3,2454,R,S,CGC,1,AGC,exact nucleotide concordance,2745548,"criteria provided, single submitter",1,RYR1-related disorder,False,False,36,chr19,38500642,+,True,False,True,WildType
SCN1A,NM_001165963.4,1774,F,L,TTC,3,TTA,exact nucleotide concordance,2760205,"criteria provided, single submitter",1,Early-infantile DEE,False,False,469,chr2,165991953,-,False,False,False,
PKHD1,NM_138694.4,2655,H,N,CAC,1,AAC,exact nucleotide concordance,2748970,"criteria provided, single submitter",1,Autosomal recessive polycystic kidney disease,False,False,51,chr6,51847919,-,False,False,False,
FH,NM_000143.4,235,H,N,CAT,1,AAT,exact nucleotide concordance,2750502,"criteria provided, single submitter",1,not provided,False,False,35,chr1,241508638,-,True,False,True,WildType
ABCA4,NM_000350.3,1438,P,T,CCA,1,ACA,exact nucleotide concordance,2750636,"criteria provided, single submitter",1,not provided,False,False,40,chr1,94030468,-,True,False,True,Vitro
SGSH,NM_000199.5,477,D,E,GAC,3,GAA,exact nucleotide concordance,2757673,"criteria provided, single submitter",1,"Mucopolysaccharidosis, MPS-III-A",False,False,78,chr17,80210530,-,False,False,False,
MFN2,NM_014874.4,259,R,S,CGC,1,AGC,exact nucleotide concordance,2758767,"criteria provided, single submitter",1,Charcot-Marie-Tooth disease type 2,False,False,41,chr1,11999054,+,True,False,True,Vitro;WildType
MEN1,NM_001370259.2,22,L,M,CTG,1,ATG,exact nucleotide concordance,2760379,"criteria provided, single submitter",1,"Multiple endocrine neoplasia, type 1",False,False,63,chr11,64810046,-,False,False,False,
MYH7,NM_000257.4,908,L,M,CTG,1,ATG,exact nucleotide concordance,2763277,"criteria provided, single submitter",1,Hypertrophic cardiomyopathy,False,False,42,chr14,23424107,-,False,False,False,
DYSF,NM_001130987.2,1064,R,S,CGC,1,AGC,exact nucleotide concordance,2766730,"criteria provided, single submitter",1,Neuromuscular disease caused by qualitative or quantitative defects of dysferlin,False,False,38,chr2,71570703,+,False,False,False,
GALC,NM_000153.4,67,T,N,ACC,2,AAC,exact nucleotide concordance,2770184,"criteria provided, single submitter",1,Galactosylceramide beta-galactosidase deficiency,False,False,4,chr14,87988519,-,True,False,True,WildType
CYP17A1,NM_000102.4,306,T,N,ACC,2,AAC,exact nucleotide concordance,2764363,"criteria provided, single submitter",1,not provided,False,False,52,chr10,102833045,-,True,False,True,Vivo
LMNA,NM_005572.4,242,A,E,GCG,2,GAG,exact nucleotide concordance,2776047,"criteria provided, single submitter",1,Charcot-Marie-Tooth disease type 2,False,False,85,chr1,156134890,+,False,False,False,
RS1,NM_000330.4,207,H,N,CAC,1,AAC,exact nucleotide concordance,2775673,"criteria provided, single submitter",1,not provided,False,False,56,chrX,18642060,-,True,False,True,Vivo
ARSA,NM_000487.6,379,P,Q,CCG,2,CAG,exact nucleotide concordance,2775712,"criteria provided, single submitter",1,Metachromatic leukodystrophy|Clear cell carcinoma of kidney,False,False,28,chr22,50625653,-,False,False,False,
ACADVL,NM_000018.4,161,A,D,GCC,2,GAC,exact nucleotide concordance,2776869,"criteria provided, single submitter",1,Very long chain acyl-CoA dehydrogenase deficiency,False,False,4,chr17,7221542,+,True,False,True,Vivo;WildType
ATP7B,NM_000053.4,1272,S,Y,TCC,2,TAC,exact nucleotide concordance,2780266,"criteria provided, single submitter",1,Wilson disease,False,False,88,chr13,51937564,-,False,False,False,
AUTS2,NM_015570.4,45,A,E,GCG,2,GAG,exact nucleotide concordance,2776592,"criteria provided, single submitter",1,not provided,False,False,133,chr7,69599787,+,False,False,False,
SGSH,NM_000199.5,245,R,S,CGC,1,AGC,exact nucleotide concordance,2791543,"criteria provided, single submitter",1,"Mucopolysaccharidosis, MPS-III-A",False,False,12,chr17,80213816,-,False,False,False,
MYH7,NM_000257.4,904,R,S,CGC,1,AGC,exact nucleotide concordance,2793440,"criteria provided, single submitter",1,Hypertrophic cardiomyopathy,False,False,30,chr14,23424119,-,False,False,False,
MCCC2,NM_022132.5,224,P,T,CCT,1,ACT,exact nucleotide concordance,2803703,"criteria provided, single submitter",1,3-methylcrotonyl-CoA carboxylase 2 deficiency,False,False,45,chr5,71626685,+,True,False,True,WildType
MORC2,NM_001303256.3,424,T,K,ACA,2,AAA,exact nucleotide concordance,2810254,"criteria provided, single submitter",1,Charcot-Marie-Tooth disease axonal type 2Z,False,False,56,chr22,30937913,-,False,False,False,
GRIN2A,NM_001134407.3,693,N,K,AAC,3,AAA,"same-position, alternate-base convergence",2811707,"criteria provided, single submitter",1,Landau-Kleffner syndrome,False,False,71,chr16,9822353,-,True,False,True,WildType
FAH,NM_000137.4,12,F,L,TTC,3,TTA,different-position convergence,2811930,"criteria provided, multiple submitters, no conflicts",2,Tyrosinemia type I,True,False,33,chr15,80153088,+,False,True,True,
SLC2A1,NM_006516.4,153,R,S,CGT,1,AGT,exact nucleotide concordance,2815351,"criteria provided, single submitter",1,"GLUT1 deficiency syndrome 1, autosomal recessive",False,False,59,chr1,42930685,-,False,False,False,
SLC2A1,NM_006516.4,400,R,S,CGT,1,AGT,exact nucleotide concordance,2804586,"criteria provided, single submitter",1,"GLUT1 deficiency syndrome 1, autosomal recessive",False,False,80,chr1,42927685,-,True,False,True,Vitro;WildType
PAH,NM_000277.3,271,H,N,CAT,1,AAT,exact nucleotide concordance,2816125,"criteria provided, single submitter",1,Phenylketonuria,False,False,31,chr12,102852846,-,True,False,True,Vivo
SCN1A,NM_001165963.4,1657,R,S,CGC,1,AGC,exact nucleotide concordance,2822596,"criteria provided, single submitter",1,Early-infantile DEE,False,False,116,chr2,165992306,-,True,False,True,Vitro;WildType
ALDH7A1,NM_001182.5,106,P,T,CCT,1,ACT,exact nucleotide concordance,2816828,"criteria provided, single submitter",1,Pyridoxine-dependent epilepsy,False,True,3,chr5,126584009,-,False,False,False,
ABCD1,NM_000033.4,103,S,R,AGC,3,AGA,exact nucleotide concordance,2825615,"criteria provided, single submitter",1,Adrenoleukodystrophy,False,False,308,chrX,153725575,+,False,False,False,
RYR2,NM_001035.3,4646,D,E,GAC,3,GAA,exact nucleotide concordance,2828493,"criteria provided, single submitter",1,Catecholaminergic polymorphic ventricular tachycardia 1,False,False,18,chr1,237795313,+,True,False,True,WildType
ABCA4,NM_000350.3,640,P,H,CCC,2,CAC,exact nucleotide concordance,2828081,"criteria provided, single submitter",1,not provided,False,False,18,chr1,94062595,-,True,False,True,Vivo;WildType
ASL,NM_000048.4,94,R,S,CGC,1,AGC,exact nucleotide concordance,2829866,"criteria provided, single submitter",1,Argininosuccinate lyase deficiency,False,False,11,chr7,66082440,+,True,False,True,Vivo;WildType
SCN1A,NM_001165963.4,412,F,L,TTC,3,TTA,different-position convergence,2834332,"criteria provided, multiple submitters, no conflicts",2,Epilepsy|Early-infantile DEE,True,False,63,chr2,166046913,-,False,False,False,
FH,NM_000143.4,234,T,N,ACT,2,AAT,exact nucleotide concordance,2838052,"criteria provided, single submitter",1,not provided,False,False,37,chr1,241508640,-,True,False,True,WildType
TSC2,NM_000548.5,508,A,D,GCC,2,GAC,exact nucleotide concordance,2835640,"criteria provided, single submitter",1,Tuberous sclerosis 2,False,False,76,chr16,2064351,+,False,False,False,
KCNH5,NM_139318.5,327,R,S,CGT,1,AGT,exact nucleotide concordance,2835906,"criteria provided, single submitter",1,Early-infantile DEE,False,False,36,chr14,62950523,-,True,False,True,Vitro;Vivo
TMPRSS3,NM_001256317.3,306,A,D,GCC,2,GAC,exact nucleotide concordance,2836923,"criteria provided, single submitter",1,not provided,False,False,35,chr21,42382100,-,False,False,False,
TBCD,NM_005993.5,1033,N,K,AAC,3,AAA,exact nucleotide concordance,2838181,"criteria provided, single submitter",1,not provided,False,False,14,chr17,82930629,+,False,False,False,
POLG,NM_002693.3,851,T,N,ACT,2,AAT,exact nucleotide concordance,2843494,"criteria provided, single submitter",1,Progressive sclerosing poliodystrophy,False,False,46,chr15,89321782,-,True,False,True,Vivo
ABCA4,NM_000350.3,60,A,E,GCG,2,GAG,exact nucleotide concordance,2851652,"criteria provided, single submitter",1,not provided,False,False,18,chr1,94111561,-,True,False,True,Vitro;WildType
SCN8A,NM_001330260.2,1482,T,N,ACC,2,AAC,exact nucleotide concordance,2851717,"criteria provided, multiple submitters, no conflicts",2,Early-infantile DEE|Undetermined early-onset epileptic encephalopathy,True,False,25,chr12,51790423,+,False,False,False,
KCNC1,NM_001112741.2,400,T,N,ACC,2,AAC,exact nucleotide concordance,2856264,"criteria provided, single submitter",1,Progressive myoclonic epilepsy type 7,False,False,305,chr11,17772293,+,True,False,True,Vivo
ABCA4,NM_000350.3,2216,A,E,GCG,2,GAG,exact nucleotide concordance,2856450,"criteria provided, single submitter",1,not provided,False,False,82,chr1,93997943,-,False,False,False,
ALPL,NM_000478.6,391,R,S,CGT,1,AGT,exact nucleotide concordance,2851216,"criteria provided, single submitter",1,not provided,False,False,18,chr1,21575906,+,False,False,False,
KCNQ2,NM_172107.4,563,D,E,GAC,3,GAA,exact nucleotide concordance,2855247,"criteria provided, single submitter",1,Early-infantile DEE,False,False,57,chr20,63413524,-,True,False,True,WildType
MEN1,NM_001370259.2,38,S,Y,TCC,2,TAC,exact nucleotide concordance,2845310,"criteria provided, single submitter",1,"Multiple endocrine neoplasia, type 1",False,False,112,chr11,64809997,-,False,False,False,
NPC1,NM_000271.5,1224,F,L,TTC,3,TTA,different-position convergence,2846798,"criteria provided, single submitter",1,"Niemann-Pick disease, type C1",False,False,78,chr18,23533439,-,True,False,True,
ARSA,NM_000487.6,45,S,R,AGC,3,AGA,"same-position, alternate-base convergence",2847035,"criteria provided, single submitter",1,Metachromatic leukodystrophy,False,False,89,chr22,50627645,-,False,False,False,
GNB2,NM_005273.4,119,N,K,AAC,3,AAA,exact nucleotide concordance,2859535,"criteria provided, single submitter",1,not provided,False,False,73,chr7,100677587,+,False,False,False,
SCN4A,NM_000334.4,444,A,D,GCC,2,GAC,exact nucleotide concordance,2865882,"criteria provided, single submitter",1,Hyperkalemic periodic paralysis,False,False,88,chr17,63964589,-,True,False,True,Vitro;WildType
SCN8A,NM_001330260.2,1459,F,L,TTC,3,TTA,"same-position, alternate-base convergence",2865484,"criteria provided, single submitter",1,Early-infantile DEE,False,False,42,chr12,51789376,+,False,False,False,
SLC22A5,NM_003060.4,26,S,R,AGC,3,AGA,"same-position, alternate-base convergence",2873845,"criteria provided, single submitter",1,Renal carnitine transport defect,False,False,77,chr5,132370050,+,False,False,False,
MFN2,NM_014874.4,724,L,I,CTT,1,ATT,exact nucleotide concordance,2882121,"criteria provided, single submitter",1,"Charcot-Marie-Tooth disease, axonal, autosomal recessive, type 2a2b;",False,False,34,chr1,12009692,+,False,False,False,
RYR2,NM_001035.3,2291,N,K,AAC,3,AAA,exact nucleotide concordance,2883988,"criteria provided, single submitter",1,Catecholaminergic polymorphic ventricular tachycardia 1,False,False,55,chr1,237638437,+,True,False,True,Vitro;WildType
MPV17,NM_002437.5,98,P,Q,CCG,2,CAG,exact nucleotide concordance,2888969,"criteria provided, single submitter",1,not provided,False,False,13,chr2,27312576,-,True,False,True,Vitro;Vivo;WildType
PAH,NM_000277.3,279,P,T,CCC,1,ACC,exact nucleotide concordance,2891786,"criteria provided, single submitter",1,Phenylketonuria,False,False,7,chr12,102852822,-,True,False,True,Vitro;Vivo;WildType
MMUT,NM_000255.4,86,P,T,CCA,1,ACA,exact nucleotide concordance,2896570,"criteria provided, single submitter",1,not provided,False,False,129,chr6,49459211,-,True,False,True,WildType
ARSA,NM_000487.6,31,D,E,GAC,3,GAA,"same-position, alternate-base convergence",2897710,"criteria provided, multiple submitters, no conflicts",2,Metachromatic leukodystrophy,True,False,92,chr22,50627687,-,False,False,False,
PAH,NM_000277.3,89,P,T,CCT,1,ACT,exact nucleotide concordance,2907433,"criteria provided, single submitter",1,Phenylketonuria,False,False,87,chr12,102894822,-,False,False,False,
CLCN7,NM_001287.6,249,P,Q,CCG,2,CAG,exact nucleotide concordance,2907478,"criteria provided, single submitter",1,not provided,False,False,7,chr16,1457330,-,False,False,False,
ABCA4,NM_000350.3,2249,A,D,GCT,2,GAT,exact nucleotide concordance,2910113,"criteria provided, single submitter",1,not provided,False,False,16,chr1,93996179,-,False,False,False,
ABCA4,NM_000350.3,755,F,L,TTC,3,TTA,"same-position, alternate-base convergence",2910118,"criteria provided, single submitter",1,not provided,False,False,104,chr1,94056718,-,True,False,True,Vivo
PPARG,NM_138711.6,231,A,E,GCG,2,GAG,exact nucleotide concordance,2910165,"criteria provided, single submitter",1,not provided,False,False,37,chr3,12406044,+,True,False,True,Vitro;WildType
SCN1A,NM_001165963.4,79,D,E,GAC,3,GAA,"same-position, alternate-base convergence",2917122,"criteria provided, single submitter",1,Early-infantile DEE,False,False,27,chr2,166073385,-,False,False,False,
PDE6C,NM_006204.4,183,P,Q,CCG,2,CAG,exact nucleotide concordance,2920636,no assertion criteria provided,0,Achromatopsia,False,False,67,chr10,93620699,+,False,False,False,
SLCO2A1,NM_005630.3,365,N,K,AAC,3,AAA,exact nucleotide concordance,2920740,no assertion criteria provided,0,"Hypertrophic osteoarthropathy, primary, autosomal recessive, 2",False,False,10,chr3,133948546,-,False,False,False,
SMPD1,NM_000543.5,204,L,I,CTC,1,ATC,exact nucleotide concordance,2934182,"criteria provided, single submitter",1,"Niemann-Pick disease, type B;Niemann-Pick disease, type A",False,False,291,chr11,6391675,+,True,False,True,Vitro;Vivo
CLCN1,NM_000083.3,287,L,I,CTA,1,ATA,exact nucleotide concordance,2925422,"criteria provided, single submitter",1,"Congenital myotonia, autosomal dominant form;Congenital myotonia, autosomal recessive form",False,False,5,chr7,143330777,+,False,False,False,
NPR2,NM_003995.4,601,R,S,CGT,1,AGT,exact nucleotide concordance,2925448,"criteria provided, single submitter",1,"Acromesomelic dysplasia 1, Maroteaux type;Tall stature-scoliosis-macrodactyly of the great toes syndrome",False,False,14,chr9,35802593,+,True,False,True,Vitro;Vivo;WildType
SMPD1,NM_000543.5,453,A,D,GCT,2,GAT,exact nucleotide concordance,2925464,"criteria provided, single submitter",1,"Niemann-Pick disease, type B;Niemann-Pick disease, type A",False,False,17,chr11,6393913,+,True,False,True,Vitro
NAGLU,NM_000263.4,408,H,Q,CAC,3,CAA,exact nucleotide concordance,2927225,"criteria provided, single submitter",1,"Mucopolysaccharidosis, MPS-III-B;Charcot-Marie-Tooth disease axonal type 2V",False,False,202,chr17,42543230,+,False,False,False,
HSD17B4,NM_000414.4,196,A,E,GCG,2,GAG,exact nucleotide concordance,2937767,"criteria provided, single submitter",1,Bifunctional peroxisomal enzyme deficiency;Perrault syndrome,False,False,35,chr5,119478986,+,True,False,True,WildType
GABRA1,NM_001127644.2,280,P,Q,CCA,2,CAA,exact nucleotide concordance,2942901,"criteria provided, single submitter",1,"Idiopathic generalized epilepsy;Epilepsy, idiopathic generalized, susceptibility to, 13;Epilepsy, childhood absence 4",False,False,17,chr5,161891033,+,False,False,False,
HSD17B4,NM_000414.4,98,N,K,AAC,3,AAA,"same-position, alternate-base convergence",2944570,"criteria provided, single submitter",1,Bifunctional peroxisomal enzyme deficiency;Perrault syndrome,False,False,8,chr5,119475719,+,True,False,True,WildType
CDKL5,NM_001323289.2,209,P,T,CCT,1,ACT,exact nucleotide concordance,2947902,"criteria provided, single submitter",1,"Developmental and epileptic encephalopathy, 2;Angelman syndrome-like",False,False,70,chrX,18588024,+,False,False,False,
HADHA,NM_000182.5,272,A,D,GCC,2,GAC,exact nucleotide concordance,2934851,"criteria provided, single submitter",1,Mitochondrial trifunctional protein deficiency;Long chain 3-hydroxyacyl-CoA dehydrogenase deficiency,False,False,15,chr2,26214546,-,False,False,False,
SDHB,NM_003000.3,217,R,S,CGC,1,AGC,exact nucleotide concordance,2940286,"criteria provided, multiple submitters, no conflicts",2,Pheochromocytoma;Gastrointestinal stromal tumor;Pheochromocytoma/paraganglioma syndrome 4|Hereditary cancer-predisposing syndrome|not provided,True,False,6,chr1,17022724,-,False,False,False,
VHL,NM_000551.4,107,R,S,CGC,1,AGC,exact nucleotide concordance,2942065,"criteria provided, single submitter",1,Chuvash polycythemia;Von Hippel-Lindau syndrome,False,False,21,chr3,10142166,+,False,False,False,
FBN1,NM_000138.5,741,N,K,AAC,3,AAA,exact nucleotide concordance,2943749,"criteria provided, multiple submitters, no conflicts",2,Marfan syndrome;Familial thoracic aortic aneurysm and aortic dissection|Marfan syndrome,True,False,55,chr15,48497336,-,False,False,False,
SCN2A,NM_001371246.1,1643,A,E,GCA,2,GAA,exact nucleotide concordance,2949708,"criteria provided, single submitter",1,"Seizures, benign familial infantile, 3;Developmental and epileptic encephalopathy, 11",False,False,105,chr2,165388734,+,False,False,False,
VCP,NM_007126.5,95,R,S,CGC,1,AGC,exact nucleotide concordance,2954479,"criteria provided, single submitter",1,Frontotemporal dementia and/or amyotrophic lateral sclerosis 6;Inclusion body myopathy with Paget disease of bone and frontotemporal dementia,False,False,19,chr9,35067910,-,True,False,True,Vitro;Vivo;WildType
CC2D2A,NM_001378615.1,1528,R,S,CGT,1,AGT,exact nucleotide concordance,2948795,"criteria provided, single submitter",1,Joubert syndrome;Meckel-Gruber syndrome,False,False,85,chr4,15599614,+,True,False,True,WildType
SMPD1,NM_000543.5,498,R,S,CGT,1,AGT,exact nucleotide concordance,2952393,"criteria provided, single submitter",1,"Niemann-Pick disease, type B;Niemann-Pick disease, type A",False,False,5,chr11,6394203,+,True,False,True,Vitro;WildType
VHL,NM_000551.4,154,P,T,CCA,1,ACA,exact nucleotide concordance,2950212,"criteria provided, single submitter",1,Von Hippel-Lindau syndrome;Chuvash polycythemia,False,True,3,chr3,10146633,+,True,False,True,WildType
FBN1,NM_000138.5,1954,F,L,TTC,3,TTA,"same-position, alternate-base convergence",2950335,"criteria provided, single submitter",1,Marfan syndrome;Familial thoracic aortic aneurysm and aortic dissection,False,False,55,chr15,48445431,-,False,False,False,
GRIN2B,NM_000834.5,514,T,N,ACC,2,AAC,exact nucleotide concordance,2953439,"criteria provided, single submitter",1,"Intellectual disability, autosomal dominant 6;Developmental and epileptic encephalopathy, 27",False,False,40,chr12,13615227,-,True,False,True,Vitro;WildType
ARSA,NM_000487.6,288,T,N,ACC,2,AAC,exact nucleotide concordance,2960834,"criteria provided, single submitter",1,Metachromatic leukodystrophy,False,False,8,chr22,50626270,-,False,False,False,
SLC19A2,NM_006996.3,91,A,D,GCC,2,GAC,exact nucleotide concordance,2971416,"criteria provided, single submitter",1,not provided,False,False,67,chr1,169477690,-,True,False,True,WildType
NF1,NM_001042492.3,1610,A,E,GCA,2,GAA,exact nucleotide concordance,2972856,"criteria provided, single submitter",1,"Neurofibromatosis, type 1",False,False,6,chr17,31265333,+,False,False,False,
G6PC1,NM_000151.4,255,T,N,ACC,2,AAC,exact nucleotide concordance,2977907,"criteria provided, single submitter",1,Glycogen storage disease due to glucose-6-phosphatase deficiency type IA,False,False,201,chr17,42911116,+,True,False,True,WildType
DHCR7,NM_001360.3,93,T,K,ACG,2,AAG,exact nucleotide concordance,2968929,"criteria provided, single submitter",1,Smith-Lemli-Opitz syndrome,False,False,43,chr11,71444036,-,False,False,False,
NPC1,NM_000271.5,948,D,E,GAC,3,GAA,"same-position, alternate-base convergence",2976074,"criteria provided, single submitter",1,"Niemann-Pick disease, type C1",False,False,48,chr18,23539422,-,False,False,False,
ABCA4,NM_000350.3,1118,H,Q,CAC,3,CAA,"same-position, alternate-base convergence",3002946,"criteria provided, single submitter",1,not provided,False,False,25,chr1,94041377,-,True,False,True,Vitro
ABCC6,NM_001171.6,1339,R,S,CGC,1,AGC,exact nucleotide concordance,3008013,"criteria provided, single submitter",1,not provided,False,False,26,chr16,16154899,-,True,False,True,Vivo
CFTR,NM_000492.4,110,D,E,GAC,3,GAA,"same-position, alternate-base convergence",3019253,"criteria provided, multiple submitters, no conflicts",2,Cystic fibrosis|CFTR-related disorder,True,False,56,chr7,117530955,+,True,False,True,WildType
PKHD1,NM_138694.4,3209,S,R,AGC,3,AGA,"same-position, alternate-base convergence",3020607,"criteria provided, single submitter",1,Autosomal recessive polycystic kidney disease,False,False,202,chr6,51747989,-,True,False,True,Vitro;WildType
MMUT,NM_000255.4,624,Q,K,CAA,1,AAA,exact nucleotide concordance,3016394,"criteria provided, single submitter",1,not provided,False,False,61,chr6,49440292,-,True,False,True,Vitro;Vivo
HMBS,NM_000190.4,84,A,D,GCC,2,GAC,exact nucleotide concordance,3024100,no assertion criteria provided,0,"Leukoencephalopathy, porphyria-related",False,False,15,chr11,119089257,+,True,False,True,Vitro;Vivo
RPE65,NM_000329.3,145,A,D,GCT,2,GAT,exact nucleotide concordance,3024117,reviewed by expert panel,3,RPE65-related recessive retinopathy|Leber congenital amaurosis,True,False,61,chr1,68444592,-,False,False,False,
RHO,NM_000539.3,23,P,T,CCC,1,ACC,exact nucleotide concordance,3024160,"criteria provided, single submitter",1,Retinitis pigmentosa 4,False,False,66,chr3,129528800,+,True,False,True,Vitro;Vivo
ACTG2,NM_001615.4,178,R,S,CGC,1,AGC,exact nucleotide concordance,3024243,"criteria provided, single submitter",1,Visceral myopathy 1;Megacystis-microcolon-intestinal hypoperistalsis syndrome 5,False,False,80,chr2,73913565,+,True,False,True,WildType
SCN1A,NM_001165963.4,429,Q,K,CAG,1,AAG,exact nucleotide concordance,3024319,"criteria provided, single submitter",1,"Developmental and epileptic encephalopathy 6B;Migraine, familial hemiplegic, 3;Severe myoclonic epilepsy in infancy;Generalized epilepsy with febrile seizures plus, type 2",False,False,92,chr2,166046862,-,True,False,True,Vitro;WildType
GCK,NM_000162.5,228,T,K,ACG,2,AAG,exact nucleotide concordance,3024421,reviewed by expert panel,3,Monogenic diabetes,False,True,3,chr7,44147830,-,True,False,True,WildType
PAX6,NM_001368894.2,138,N,K,AAC,3,AAA,exact nucleotide concordance,3024449,no assertion criteria provided,0,"Coloboma, ocular, autosomal dominant",False,False,14,chr11,31800842,-,True,False,True,WildType
TDRD1,NM_001395205.1,296,S,Y,TCT,2,TAT,exact nucleotide concordance,3024497,"criteria provided, single submitter",1,Male infertility,False,False,85,chr10,114203473,+,False,False,False,
GTSF1,NM_144594.3,33,H,N,CAT,1,AAT,exact nucleotide concordance,3024513,"criteria provided, single submitter",1,Male infertility,False,False,20,chr12,54465087,-,False,False,False,
EZH2,NM_004456.5,132,P,T,CCT,1,ACT,exact nucleotide concordance,3027053,"criteria provided, single submitter",1,not provided,False,False,30,chr7,148829818,-,False,False,False,
KIF1A,NM_001244008.2,330,A,D,GCC,2,GAC,exact nucleotide concordance,3027205,"criteria provided, single submitter",1,not provided,False,False,30,chr2,240774231,-,False,False,False,
NSD1,NM_022455.5,1837,A,D,GCT,2,GAT,exact nucleotide concordance,3027455,"criteria provided, single submitter",1,Sotos syndrome,False,True,0,chr5,177273672,+,True,False,True,WildType
CYP4V2,NM_207352.4,433,F,L,TTC,3,TTA,different-position convergence,3027690,"criteria provided, single submitter",1,Retinal dystrophy,False,False,71,chr4,186209164,+,False,True,True,
USH2A,NM_206933.4,4913,N,K,AAC,3,AAA,exact nucleotide concordance,3028636,"criteria provided, single submitter",1,Retinal dystrophy,False,False,52,chr1,215647574,-,False,False,False,
DDX3X,NM_001356.5,386,P,H,CCT,2,CAT,exact nucleotide concordance,3032979,no assertion criteria provided,0,DDX3X-related disorder,False,False,13,chrX,41345311,+,False,False,False,
SCN1A,NM_001165963.4,1648,R,S,CGT,1,AGT,exact nucleotide concordance,3061392,no assertion criteria provided,0,SCN1A-related disorder,False,False,89,chr2,165992333,-,True,False,True,Vitro;WildType
UMOD,NM_003361.4,185,R,S,CGC,1,AGC,exact nucleotide concordance,3029895,"criteria provided, single submitter",1,UMOD-related disorder|Familial juvenile hyperuricemic nephropathy type 1,False,False,312,chr16,20348748,-,False,False,False,
COX11,NM_004375.5,247,P,T,CCA,1,ACA,exact nucleotide concordance,3061780,no assertion criteria provided,0,"Mitochondrial complex IV deficiency, nuclear type 23",False,False,90,chr17,54962825,-,False,False,False,
CCR2,NM_001123396.4,296,T,N,ACT,2,AAT,exact nucleotide concordance,3061927,no assertion criteria provided,0,Cystic disease of lung,False,False,196,chr3,46358414,+,True,False,True,Vivo;WildType
DIAPH1,NM_005219.5,264,S,Y,TCT,2,TAT,exact nucleotide concordance,3061932,no assertion criteria provided,0,Auditory neuropathy spectrum disorder,False,False,33,chr5,141580777,-,True,False,True,Vitro
MYO7A,NM_000260.4,282,A,D,GCC,2,GAC,exact nucleotide concordance,3062010,"criteria provided, single submitter",1,Usher syndrome type 1,False,False,4,chr11,77157388,+,True,False,True,Vivo
SLC16A2,NM_006517.5,210,S,Y,TCC,2,TAC,exact nucleotide concordance,3062067,"criteria provided, single submitter",1,Allan-Herndon-Dudley syndrome,False,False,53,chrX,74524412,+,False,False,False,
DDX3X,NM_001356.5,487,F,L,TTC,3,TTA,"same-position, alternate-base convergence",3062097,"criteria provided, single submitter",1,"Intellectual disability, X-linked 102",False,False,36,chrX,41346374,+,False,False,False,
AR,NM_000044.6,693,N,K,AAC,3,AAA,"same-position, alternate-base convergence",3062325,"criteria provided, single submitter",1,Androgen resistance syndrome,False,False,94,chrX,67711595,+,True,False,True,Vivo
PKD1,NM_001009944.3,3137,H,Q,CAC,3,CAA,"same-position, alternate-base convergence",3063587,"criteria provided, single submitter",1,"Polycystic kidney disease, adult type",False,False,13,chr16,2100553,-,False,False,False,
B4GALNT1,NM_001478.5,441,A,E,GCG,2,GAG,exact nucleotide concordance,3064127,"criteria provided, multiple submitters, no conflicts",2,Hereditary spastic paraplegia 26,True,False,62,chr12,57627680,-,False,False,False,
HSD17B4,NM_000414.4,515,H,Q,CAC,3,CAA,"same-position, alternate-base convergence",3064205,"criteria provided, single submitter",1,Perrault syndrome 1,False,False,28,chr5,119525257,+,False,False,False,
SCN1A,NM_001165963.4,146,T,K,ACA,2,AAA,exact nucleotide concordance,3064852,"criteria provided, single submitter",1,Severe myoclonic epilepsy in infancy,False,False,36,chr2,166056447,-,False,False,False,
AGO2,NM_012154.5,340,P,H,CCC,2,CAC,exact nucleotide concordance,3064546,"criteria provided, single submitter",1,Lessel-Kreienkamp syndrome,False,False,7,chr8,140557096,-,False,False,False,
CLCN7,NM_001287.6,465,A,D,GCC,2,GAC,exact nucleotide concordance,3064765,"criteria provided, single submitter",1,Autosomal recessive osteopetrosis 4,False,False,40,chr16,1451676,-,True,False,True,Vivo
G6PC1,NM_000151.4,192,A,E,GCA,2,GAA,exact nucleotide concordance,3065237,"criteria provided, single submitter",1,not provided,False,False,12,chr17,42910927,+,True,False,True,WildType
KIT,NM_000222.3,608,A,D,GCT,2,GAT,exact nucleotide concordance,3065265,"criteria provided, single submitter",1,Gastrointestinal stromal tumor,False,False,48,chr4,54727871,+,True,False,True,Vitro
COMP,NM_000095.3,529,T,N,ACC,2,AAC,exact nucleotide concordance,3065273,"criteria provided, single submitter",1,Multiple epiphyseal dysplasia type 1,False,False,82,chr19,18785755,-,False,False,False,
IGHMBP2,NM_002180.3,401,H,Q,CAC,3,CAA,"same-position, alternate-base convergence",3065312,"criteria provided, single submitter",1,Autosomal recessive distal spinal muscular atrophy 1,False,False,32,chr11,68929325,+,True,False,True,Vivo
CREBBP,NM_004380.3,1491,Q,K,CAA,1,AAA,exact nucleotide concordance,3065360,"criteria provided, single submitter",1,Rubinstein-Taybi syndrome due to CREBBP mutations,False,False,76,chr16,3736739,-,True,False,True,Vivo
PCCA,NM_000282.4,166,P,T,CCT,1,ACT,exact nucleotide concordance,3065456,"criteria provided, single submitter",1,Propionic acidemia,False,False,27,chr13,100209359,+,False,True,True,
DENND4A,NM_001320835.1,696,S,R,AGC,3,AGA,"same-position, alternate-base convergence",3065495,"criteria provided, single submitter",1,not provided,False,True,0,chr15,65703008,-,False,False,False,
ACTA1,NM_001100.4,257,F,L,TTC,3,TTA,different-position convergence,3065810,"criteria provided, single submitter",1,Actin accumulation myopathy,False,False,39,chr1,229432033,-,False,False,False,
KCNH2,NM_000238.4,621,S,R,AGC,3,AGA,exact nucleotide concordance,3066169,"criteria provided, single submitter",1,Long QT syndrome 2,False,False,82,chr7,150951530,-,False,False,False,
ANO4,NM_001286615.2,558,N,K,AAC,3,AAA,exact nucleotide concordance,3067132,"criteria provided, single submitter",1,Developmental and epileptic encephalopathy,False,False,27,chr12,101086797,+,False,False,False,
ANO4,NM_001286615.2,129,N,K,AAC,3,AAA,"same-position, alternate-base convergence",3067135,"criteria provided, single submitter",1,Developmental and epileptic encephalopathy,False,False,69,chr12,100942466,+,True,False,True,WildType
SLC4A1,NM_000342.4,705,D,E,GAC,3,GAA,"same-position, alternate-base convergence",3068136,"criteria provided, single submitter",1,Cryohydrocytosis,False,False,57,chr17,44253314,-,True,False,True,Vivo
TFAP2A,NM_001372066.1,213,F,L,TTC,3,TTA,"same-position, alternate-base convergence",3068210,"criteria provided, single submitter",1,Branchiooculofacial syndrome,False,False,100,chr6,10404639,-,False,False,False,
ATP8B1,NM_001374385.1,296,R,S,CGT,1,AGT,exact nucleotide concordance,3068233,"criteria provided, single submitter",1,"Cholestasis, intrahepatic, of pregnancy, 1",False,False,54,chr18,57695225,-,False,False,False,
FLNC,NM_001458.5,29,A,E,GCG,2,GAG,exact nucleotide concordance,3068249,"criteria provided, single submitter",1,Hypertrophic cardiomyopathy 26,False,False,85,chr7,128830723,+,False,False,False,
FOXL2,NM_023067.4,281,P,T,CCG,1,ACG,exact nucleotide concordance,3068252,"criteria provided, single submitter",1,"Blepharophimosis, ptosis, and epicanthus inversus syndrome",False,False,290,chr3,138945882,-,True,False,True,WildType
GCK,NM_000162.5,150,F,L,TTC,3,TTA,exact nucleotide concordance,3068510,reviewed by expert panel,3,Monogenic diabetes,True,False,33,chr7,44150989,-,True,False,True,Vivo
HNF4A,NM_175914.5,107,A,D,GCC,2,GAC,exact nucleotide concordance,3068530,reviewed by expert panel,3,Monogenic diabetes,False,True,0,chr20,44413694,+,True,False,True,Vitro;Vivo;WildType
BBS7,NM_176824.3,113,A,D,GCT,2,GAT,exact nucleotide concordance,3068537,no assertion criteria provided,0,Bardet-Biedl syndrome 7,False,True,3,chr4,121861507,-,False,False,False,
TYR,NM_000372.5,45,P,T,CCC,1,ACC,exact nucleotide concordance,3068865,"criteria provided, multiple submitters, no conflicts",2,"Oculocutaneous albinism|Oculocutaneous albinism type 1A;Oculocutaneous albinism type 1B;SKIN/HAIR/EYE PIGMENTATION 3, LIGHT/DARK SKIN",True,False,132,chr11,89178086,+,True,False,True,WildType
EPRS1,NM_004446.3,1482,P,T,CCC,1,ACC,exact nucleotide concordance,3069175,"criteria provided, single submitter",1,"Leukodystrophy, hypomyelinating, 15",False,False,55,chr1,219968901,-,False,False,False,
DDX23,NM_004818.3,574,N,K,AAC,3,AAA,exact nucleotide concordance,3069207,"criteria provided, single submitter",1,not provided,False,False,81,chr12,48833358,-,True,False,True,Vitro
DYNC1H1,NM_001376.5,1882,T,N,ACC,2,AAC,exact nucleotide concordance,3086436,"criteria provided, single submitter",1,Inborn genetic diseases,False,False,71,chr14,102006099,+,True,False,True,WildType
BAP1,NM_004656.4,169,H,Q,CAC,3,CAA,"same-position, alternate-base convergence",3132975,"criteria provided, single submitter",1,Hereditary cancer-predisposing syndrome,False,False,69,chr3,52407247,-,True,False,True,WildType
NSD1,NM_022455.5,1927,A,D,GCC,2,GAC,exact nucleotide concordance,3202274,"criteria provided, single submitter",1,Inborn genetic diseases,False,False,112,chr5,177280722,+,True,False,True,WildType
MSH2,NM_000251.3,696,P,Q,CCA,2,CAA,exact nucleotide concordance,3230831,"criteria provided, single submitter",1,Hereditary cancer-predisposing syndrome,False,False,81,chr2,47476448,+,True,False,True,Vitro
ACTA1,NM_001100.4,68,T,N,ACC,2,AAC,exact nucleotide concordance,3233255,"criteria provided, single submitter",1,Nemaline myopathy,False,False,73,chr1,229432807,-,False,False,False,
CACNA1C,NM_000719.7,518,R,S,CGC,1,AGC,exact nucleotide concordance,3233417,no assertion criteria provided,0,Long QT syndrome;Timothy syndrome,False,False,43,chr12,2566465,+,False,False,False,
HNF1B,NM_000458.4,165,R,S,CGT,1,AGT,exact nucleotide concordance,3234050,"criteria provided, single submitter",1,Renal cysts and diabetes syndrome,False,False,51,chr17,37739491,-,True,False,True,WildType
TGFBR2,NM_003242.6,531,A,D,GCC,2,GAC,exact nucleotide concordance,3235255,"criteria provided, single submitter",1,Loeys-Dietz syndrome 2,False,False,67,chr3,30691487,+,True,False,True,Vitro;Vivo
CHD3,NM_001005273.3,1160,P,T,CCC,1,ACC,exact nucleotide concordance,3235799,"criteria provided, single submitter",1,Snijders Blok-Campeau syndrome,False,False,17,chr17,7903044,+,True,False,True,Vivo
KCNQ2,NM_172107.4,548,F,L,TTC,3,TTA,exact nucleotide concordance,3235879,"criteria provided, single submitter",1,Seizure,False,False,12,chr20,63413569,-,True,False,True,Vivo
KCNQ1,NM_000218.3,591,R,S,CGC,1,AGC,exact nucleotide concordance,3235934,"criteria provided, single submitter",1,Long QT syndrome 1,False,False,23,chr11,2778014,+,False,False,False,
USH2A,NM_206933.4,394,P,T,CCA,1,ACA,exact nucleotide concordance,3236157,"criteria provided, single submitter",1,Usher syndrome type 2A,False,False,36,chr1,216324316,-,False,False,False,
KCNB1,NM_004975.4,313,H,N,CAC,1,AAC,exact nucleotide concordance,3236683,"criteria provided, single submitter",1,"Developmental and epileptic encephalopathy, 26",False,False,369,chr20,49374623,-,True,False,True,Vitro;WildType
FOXC1,NM_001453.3,79,P,T,CCG,1,ACG,exact nucleotide concordance,3236698,"criteria provided, single submitter",1,Anterior segment dysgenesis 3,False,False,234,chr6,1610680,+,False,False,False,
RB1,NM_000321.3,702,Q,K,CAA,1,AAA,exact nucleotide concordance,3237063,"criteria provided, single submitter",1,Retinoblastoma,False,True,2,chr13,48459831,+,False,False,False,
SCN1A,NM_001165963.4,940,S,Y,TCC,2,TAC,exact nucleotide concordance,4854630,"criteria provided, multiple submitters, no conflicts",2,"Generalized epilepsy with febrile seizures plus, type 2|Epilepsy",True,False,127,chr2,166037903,-,True,False,True,WildType
RYR1,NM_000540.3,2508,R,S,CGT,1,AGT,exact nucleotide concordance,3237453,"criteria provided, single submitter",1,Congenital multicore myopathy with external ophthalmoplegia,False,False,77,chr19,38500898,+,False,False,False,
DDX3X,NM_001356.5,578,H,Q,CAC,3,CAA,exact nucleotide concordance,3237506,"criteria provided, single submitter",1,"Intellectual disability, X-linked 102",False,False,35,chrX,41346977,+,True,False,True,WildType
ACTG1,NM_001614.5,32,P,H,CCT,2,CAT,exact nucleotide concordance,3238813,"criteria provided, single submitter",1,Baraitser-winter syndrome 2,False,False,28,chr17,81512260,-,False,False,False,
MYH7,NM_000257.4,1045,R,S,CGC,1,AGC,exact nucleotide concordance,3242034,"criteria provided, single submitter",1,Hypertrophic cardiomyopathy 1,False,False,33,chr14,23422292,-,True,False,True,WildType
NDP,NM_000266.4,61,L,I,CTC,1,ATC,exact nucleotide concordance,3242164,"criteria provided, single submitter",1,Atrophia bulborum hereditaria,False,False,6,chrX,43950020,-,True,False,True,Vitro;Vivo;WildType
UGT1A1,NM_000463.3,83,F,L,TTC,3,TTA,different-position convergence,3242206,"criteria provided, single submitter",1,Gilbert syndrome|Crigler-Najjar syndrome type 1,False,False,246,chr2,233760534,+,False,False,False,
F8,NM_000132.4,415,A,D,GCT,2,GAT,exact nucleotide concordance,3242380,reviewed by expert panel,3,Hereditary factor VIII deficiency disease,True,False,27,chrX,154966453,-,True,False,True,Vitro;Vivo;WildType
ABCA4,NM_000350.3,2075,N,K,AAC,3,AAA,"same-position, alternate-base convergence",3248668,no assertion criteria provided,0,Retinal dystrophy,False,False,57,chr1,94001915,-,True,False,True,Vivo
NR2E3,NM_014249.4,346,Q,K,CAG,1,AAG,exact nucleotide concordance,3248764,no assertion criteria provided,0,Retinal dystrophy,False,False,41,chr15,71814053,+,True,False,True,WildType
RHO,NM_000539.3,346,A,D,GCC,2,GAC,exact nucleotide concordance,3248806,no assertion criteria provided,0,Retinal dystrophy,False,False,10,chr3,129533708,+,True,True,True,WildType
PDE6A,NM_000440.3,402,T,K,ACA,2,AAA,exact nucleotide concordance,3248808,no assertion criteria provided,0,Retinal dystrophy,False,False,58,chr5,149899433,-,False,False,False,
ABCA4,NM_000350.3,752,S,R,AGC,3,AGA,exact nucleotide concordance,3248993,no assertion criteria provided,0,Retinal dystrophy,False,False,95,chr1,94056727,-,True,False,True,Vivo
PRPF31,NM_015629.4,303,A,D,GCC,2,GAC,exact nucleotide concordance,3249312,"criteria provided, single submitter",1,Retinal dystrophy,False,False,37,chr19,54126580,+,False,False,False,
BEST1,NM_004183.4,468,P,Q,CCA,2,CAA,exact nucleotide concordance,3249710,no assertion criteria provided,0,Retinal dystrophy,False,False,302,chr11,61962557,+,True,False,True,Vitro;WildType
RPGRIP1,NM_020366.4,674,P,H,CCC,2,CAC,exact nucleotide concordance,3249836,"criteria provided, multiple submitters, no conflicts",2,Retinal dystrophy|Cone-rod dystrophy 13;Leber congenital amaurosis 6,True,False,194,chr14,21324876,+,True,False,True,Vitro;Vivo;WildType
RDH12,NM_152443.3,48,N,K,AAC,3,AAA,exact nucleotide concordance,3249852,no assertion criteria provided,0,Retinal dystrophy,False,False,43,chr14,67724548,+,True,False,True,Vitro;WildType
BEST1,NM_004183.4,31,L,M,CTG,1,ATG,exact nucleotide concordance,3249885,"criteria provided, single submitter",1,Retinal dystrophy,False,False,61,chr11,61951897,+,False,False,False,
BEST1,NM_004183.4,144,S,R,AGC,3,AGA,exact nucleotide concordance,3249928,no assertion criteria provided,0,Retinal dystrophy,False,False,49,chr11,61955902,+,False,False,False,
USH2A,NM_206933.4,3669,S,R,AGC,3,AGA,exact nucleotide concordance,3250220,"criteria provided, single submitter",1,Retinal dystrophy|Retinitis pigmentosa 39,False,False,40,chr1,215766721,-,False,False,False,
IMPG2,NM_016247.4,1107,A,D,GCC,2,GAC,exact nucleotide concordance,3250280,no assertion criteria provided,0,Retinal dystrophy,False,False,86,chr3,101231059,-,True,False,True,WildType
ABCA4,NM_000350.3,1781,A,E,GCA,2,GAA,exact nucleotide concordance,3250284,"criteria provided, single submitter",1,Retinal dystrophy,False,False,29,chr1,94014661,-,False,False,False,
CDH23,NM_022124.6,1206,P,T,CCC,1,ACC,exact nucleotide concordance,3250334,no assertion criteria provided,0,Retinal dystrophy,False,False,36,chr10,71730505,+,True,False,True,WildType
STAR,NM_000349.3,182,R,S,CGT,1,AGT,exact nucleotide concordance,3251758,"criteria provided, multiple submitters, no conflicts",2,Congenital lipoid adrenal hyperplasia due to STAR deficency,True,False,78,chr8,38146069,-,True,False,True,WildType
RPE65,NM_000329.3,180,H,Q,CAC,3,CAA,exact nucleotide concordance,3251847,"criteria provided, multiple submitters, no conflicts",2,Leber congenital amaurosis|Leber congenital amaurosis 2;Retinitis pigmentosa 20;Retinitis pigmentosa 87 with choroidal involvement,True,False,44,chr1,68440956,-,True,False,True,Vivo
ADA,NM_000022.4,156,R,S,CGC,1,AGC,exact nucleotide concordance,3251901,"criteria provided, single submitter",1,Severe combined immunodeficiency disease,False,False,12,chr20,44625581,-,False,False,False,
SERPING1,NM_000062.3,270,T,N,ACC,2,AAC,exact nucleotide concordance,3252006,"criteria provided, single submitter",1,Hereditary angioedema type 1,False,False,80,chr11,57606133,+,True,False,True,WildType
FH,NM_000143.4,142,Q,K,CAG,1,AAG,exact nucleotide concordance,3252225,"criteria provided, multiple submitters, no conflicts",2,not provided|Hereditary cancer-predisposing syndrome,True,False,45,chr1,241512098,-,True,False,True,Vitro
MED13,NM_005121.3,327,P,Q,CCA,2,CAA,exact nucleotide concordance,3252618,"criteria provided, single submitter",1,not provided,False,False,29,chr17,62031473,-,True,False,True,Vitro
MAPK1,NM_002745.5,323,P,H,CCC,2,CAC,exact nucleotide concordance,3253018,"criteria provided, single submitter",1,not provided,False,True,1,chr22,21769319,-,False,False,False,
MYH10,NM_001256012.3,395,L,I,CTT,1,ATT,exact nucleotide concordance,3253330,"criteria provided, single submitter",1,not provided,False,False,23,chr17,8546639,-,True,False,True,WildType
GJA3,NM_021954.4,32,F,L,TTC,3,TTA,exact nucleotide concordance,3253669,"criteria provided, single submitter",1,Cataract 14 multiple types,False,False,95,chr13,20143193,-,False,False,False,
KCNQ2,NM_172107.4,285,P,T,CCC,1,ACC,exact nucleotide concordance,3254539,"criteria provided, single submitter",1,"Developmental and epileptic encephalopathy, 7",False,False,36,chr20,63439672,-,False,False,False,
KCNQ2,NM_172107.4,294,A,E,GCG,2,GAG,exact nucleotide concordance,3254540,"criteria provided, single submitter",1,"Developmental and epileptic encephalopathy, 7",False,False,46,chr20,63439644,-,False,False,False,
SOX4,NM_003107.3,112,A,E,GCG,2,GAG,exact nucleotide concordance,3254652,"criteria provided, single submitter",1,Coffin-Siris syndrome 10,False,False,334,chr6,21594869,+,False,False,False,
AGO1,NM_012199.5,417,Q,K,CAG,1,AAG,exact nucleotide concordance,3254954,"criteria provided, single submitter",1,"Neurodevelopmental disorder with language delay and behavioral abnormalities, with or without seizures",False,False,14,chr1,35902056,+,False,False,False,
ZMYM3,NM_201599.3,870,P,Q,CCA,2,CAA,exact nucleotide concordance,3255096,"criteria provided, single submitter",1,"Intellectual developmental disorder, X-linked 112",False,False,36,chrX,71246062,-,False,False,False,
TUBB2B,NM_178012.5,81,F,L,TTC,3,TTA,"same-position, alternate-base convergence",3255101,"criteria provided, single submitter",1,Complex cortical dysplasia with other brain malformations 7,False,False,34,chr6,3226193,-,True,False,True,WildType
GLRA1,NM_000171.4,100,R,S,CGC,1,AGC,exact nucleotide concordance,3255377,"criteria provided, single submitter",1,Hyperekplexia 1,False,False,45,chr5,151859963,-,True,True,True,Vivo;WildType
PLP1,NM_000533.5,116,T,K,ACG,2,AAG,exact nucleotide concordance,3255420,"criteria provided, single submitter",1,Pelizaeus-Merzbacher disease,False,False,106,chrX,103786620,+,False,False,False,
PLP1,NM_000533.5,243,A,E,GCA,2,GAA,exact nucleotide concordance,3255451,"criteria provided, single submitter",1,Pelizaeus-Merzbacher disease,False,False,31,chrX,103789364,+,True,False,True,Vivo
PLP1,NM_000533.5,32,F,L,TTC,3,TTA,different-position convergence,3255463,"criteria provided, multiple submitters, no conflicts",2,Pelizaeus-Merzbacher disease,True,False,89,chrX,103785671,+,True,False,True,
SCN1A,NM_001165963.4,1427,Q,K,CAA,1,AAA,exact nucleotide concordance,3255525,"criteria provided, single submitter",1,Severe myoclonic epilepsy in infancy,False,False,5,chr2,166002477,-,False,False,False,
SCN1A,NM_001165963.4,936,D,E,GAC,3,GAA,"same-position, alternate-base convergence",3255527,"criteria provided, single submitter",1,Severe myoclonic epilepsy in infancy,False,False,138,chr2,166037914,-,True,False,True,WildType
HPRT1,NM_000194.3,139,T,N,ACT,2,AAT,exact nucleotide concordance,3255603,"criteria provided, single submitter",1,Lesch-Nyhan syndrome,False,False,13,chrX,134493521,+,False,False,False,
IDS,NM_000202.8,82,A,E,GCA,2,GAA,exact nucleotide concordance,3255625,"criteria provided, single submitter",1,"Mucopolysaccharidosis, MPS-II",False,False,4,chrX,149503485,-,False,False,False,
IDS,NM_000202.8,85,A,D,GCC,2,GAC,exact nucleotide concordance,3255633,"criteria provided, multiple submitters, no conflicts",2,"Mucopolysaccharidosis, MPS-II|Mucopolysaccharidosis, MPS-III-A",True,False,13,chrX,149503476,-,False,False,False,
IDS,NM_000202.8,86,P,Q,CCG,2,CAG,exact nucleotide concordance,3255636,"criteria provided, single submitter",1,"Mucopolysaccharidosis, MPS-II",False,False,16,chrX,149503473,-,False,True,True,
IDS,NM_000202.8,87,S,R,AGC,3,AGA,exact nucleotide concordance,3255639,"criteria provided, single submitter",1,"Mucopolysaccharidosis, MPS-II",False,False,20,chrX,149503469,-,False,False,False,
IDS,NM_000202.8,88,R,S,CGC,1,AGC,exact nucleotide concordance,3255641,"criteria provided, single submitter",1,"Mucopolysaccharidosis, MPS-II",False,False,21,chrX,149503468,-,False,False,False,
IDS,NM_000202.8,117,S,Y,TCC,2,TAC,exact nucleotide concordance,3255681,"criteria provided, single submitter",1,"Mucopolysaccharidosis, MPS-II",False,False,68,chrX,149503380,-,False,False,False,
IDS,NM_000202.8,121,Q,K,CAG,1,AAG,exact nucleotide concordance,3255686,"criteria provided, single submitter",1,"Mucopolysaccharidosis, MPS-II",False,False,57,chrX,149503369,-,False,False,False,
IDS,NM_000202.8,130,T,N,ACC,2,AAC,exact nucleotide concordance,3255693,"criteria provided, single submitter",1,"Mucopolysaccharidosis, MPS-II",False,False,29,chrX,149503341,-,False,False,False,
IDS,NM_000202.8,205,A,D,GCC,2,GAC,exact nucleotide concordance,3255781,"criteria provided, single submitter",1,"Mucopolysaccharidosis, MPS-II",False,False,94,chrX,149498201,-,False,False,False,
IDS,NM_000202.8,228,P,T,CCA,1,ACA,exact nucleotide concordance,3255802,"criteria provided, single submitter",1,"Mucopolysaccharidosis, MPS-II",False,False,26,chrX,149498133,-,False,False,False,
IDS,NM_000202.8,229,H,Q,CAC,3,CAA,exact nucleotide concordance,3255806,"criteria provided, single submitter",1,"Mucopolysaccharidosis, MPS-II",False,False,21,chrX,149498128,-,False,False,False,
IDS,NM_000202.8,266,P,H,CCC,2,CAC,exact nucleotide concordance,3255844,"criteria provided, single submitter",1,"Mucopolysaccharidosis, MPS-II",False,False,82,chrX,149496428,-,False,False,False,
IDS,NM_000202.8,299,S,R,AGC,3,AGA,"same-position, alternate-base convergence",3255876,"criteria provided, single submitter",1,"Mucopolysaccharidosis, MPS-II",False,False,17,chrX,149490423,-,True,False,True,Vitro
IDS,NM_000202.8,346,A,D,GCC,2,GAC,exact nucleotide concordance,3255938,"criteria provided, multiple submitters, no conflicts",2,"Mucopolysaccharidosis, MPS-II",True,False,30,chrX,149487068,-,False,False,False,
IDS,NM_000202.8,61,S,Y,TCC,2,TAC,exact nucleotide concordance,3256002,"criteria provided, single submitter",1,"Mucopolysaccharidosis, MPS-II",False,False,58,chrX,149504215,-,False,False,False,
IDS,NM_000202.8,464,S,R,AGC,3,AGA,"same-position, alternate-base convergence",3256041,"criteria provided, single submitter",1,"Mucopolysaccharidosis, MPS-II",False,False,211,chrX,149483007,-,False,False,False,
IDS,NM_000202.8,469,P,H,CCT,2,CAT,exact nucleotide concordance,3256047,"criteria provided, single submitter",1,"Mucopolysaccharidosis, MPS-II",False,False,225,chrX,149482993,-,False,False,False,
IDS,NM_000202.8,68,A,E,GCA,2,GAA,exact nucleotide concordance,3256061,"criteria provided, single submitter",1,"Mucopolysaccharidosis, MPS-II",False,False,37,chrX,149504194,-,False,False,False,
IDS,NM_000202.8,480,P,Q,CCG,2,CAG,exact nucleotide concordance,3256062,"criteria provided, single submitter",1,"Mucopolysaccharidosis, MPS-II",False,False,214,chrX,149482960,-,True,False,True,WildType
IDS,NM_000202.8,79,A,E,GCG,2,GAG,exact nucleotide concordance,3256102,"criteria provided, single submitter",1,"Mucopolysaccharidosis, MPS-II",False,False,4,chrX,149504161,-,True,False,True,WildType
IDS,NM_000202.8,80,Q,K,CAG,1,AAG,exact nucleotide concordance,3256104,"criteria provided, single submitter",1,"Mucopolysaccharidosis, MPS-II",False,True,2,chrX,149504159,-,True,False,True,WildType
SERPING1,NM_000062.3,459,A,D,GCC,2,GAC,exact nucleotide concordance,3256137,"criteria provided, single submitter",1,Hereditary angioedema type 1,False,False,126,chr11,57614454,+,True,False,True,WildType
SERPING1,NM_000062.3,460,S,Y,TCC,2,TAC,exact nucleotide concordance,3256138,"criteria provided, single submitter",1,Hereditary angioedema type 1,False,False,124,chr11,57614457,+,True,False,True,WildType
IL2RG,NM_000206.3,86,T,N,ACT,2,AAT,exact nucleotide concordance,3256570,"criteria provided, single submitter",1,"Combined immunodeficiency, X-linked",False,False,12,chrX,71110909,-,True,False,True,Vitro;WildType
FOXF1,NM_001451.3,77,F,L,TTC,3,TTA,different-position convergence,3256575,"criteria provided, single submitter",1,Alveolar capillary dysplasia with pulmonary venous misalignment,False,False,228,chr16,86510798,+,False,False,False,
HNF1B,NM_000458.4,117,D,E,GAC,3,GAA,exact nucleotide concordance,3256657,"criteria provided, single submitter",1,Renal cysts and diabetes syndrome,False,False,6,chr17,37739633,-,True,False,True,Vitro
CYP7B1,NM_004820.5,296,N,K,AAC,3,AAA,"same-position, alternate-base convergence",3256741,no assertion criteria provided,0,Congenital bile acid synthesis defect 3,False,False,37,chr8,64615195,-,True,False,True,WildType
DHDDS,NM_205861.3,34,D,E,GAC,3,GAA,exact nucleotide concordance,3256789,no assertion criteria provided,0,Retinitis pigmentosa 59,False,False,38,chr1,26438206,+,True,False,True,WildType
TRIO,NM_007118.4,1425,P,Q,CCA,2,CAA,exact nucleotide concordance,3257550,"criteria provided, single submitter",1,not provided,False,False,37,chr5,14394093,+,False,False,False,
CASR,NM_000388.4,835,A,D,GCC,2,GAC,exact nucleotide concordance,3263506,"criteria provided, multiple submitters, no conflicts",2,Nephrolithiasis/nephrocalcinosis|Autosomal dominant hypocalcemia 1,True,False,733,chr3,122284458,+,False,False,False,
MYH7,NM_000257.4,199,A,E,GCA,2,GAA,exact nucleotide concordance,3297521,"criteria provided, multiple submitters, no conflicts",2,Cardiovascular phenotype|Hypertrophic cardiomyopathy,True,False,43,chr14,23431804,-,False,False,False,
HBB,NM_000518.5,109,N,K,AAC,3,AAA,"same-position, alternate-base convergence",3336287,"criteria provided, multiple submitters, no conflicts",2,beta Thalassemia|not provided|8 conditions,True,False,11,chr11,5225715,-,True,False,True,Vitro;WildType
SERPING1,NM_000062.3,173,S,R,AGC,3,AGA,exact nucleotide concordance,3336719,"criteria provided, single submitter",1,Hereditary angioedema type 1,False,False,31,chr11,57600346,+,True,False,True,Vitro;Vivo;WildType
SERPING1,NM_000062.3,185,A,D,GCT,2,GAT,exact nucleotide concordance,3336826,"criteria provided, single submitter",1,Hereditary angioedema type 1,False,True,3,chr11,57602038,+,True,False,True,Vitro;Vivo;WildType
ENG,NM_001114753.3,329,S,R,AGC,3,AGA,"same-position, alternate-base convergence",3336874,"criteria provided, single submitter",1,Hereditary hemorrhagic telangiectasia,False,False,4,chr9,127824804,-,True,False,True,Vivo;WildType
MMP2,NM_004530.6,396,S,R,AGC,3,AGA,exact nucleotide concordance,3336911,"criteria provided, single submitter",1,not provided,False,False,7,chr16,55491808,+,True,False,True,WildType
DNMT3A,NM_022552.5,777,P,H,CCT,2,CAT,exact nucleotide concordance,3337047,"criteria provided, single submitter",1,not provided,False,False,7,chr2,25239208,-,True,False,True,WildType
GNRHR,NM_000406.3,163,A,D,GCC,2,GAC,exact nucleotide concordance,3337153,"criteria provided, single submitter",1,not provided,False,False,34,chr4,67753848,-,True,False,True,WildType
KIF1A,NM_001244008.2,99,T,K,ACG,2,AAG,exact nucleotide concordance,3337222,"criteria provided, single submitter",1,not provided,False,False,67,chr2,240788118,-,False,False,False,
MYH7,NM_000257.4,430,A,E,GCA,2,GAA,exact nucleotide concordance,3337362,"criteria provided, single submitter",1,not provided,False,False,31,chr14,23429073,-,True,False,True,Vitro;Vivo
NFIX,NM_001365902.3,106,S,Y,TCC,2,TAC,exact nucleotide concordance,3337393,"criteria provided, single submitter",1,not provided,False,False,242,chr19,13025310,+,True,False,True,Vivo
ACVRL1,NM_000020.3,306,A,E,GCG,2,GAG,exact nucleotide concordance,3337783,"criteria provided, single submitter",1,not provided,False,False,131,chr12,51915369,+,False,False,False,
AR,NM_000044.6,765,F,L,TTC,3,TTA,different-position convergence,3337810,"criteria provided, single submitter",1,not provided,False,False,25,chrX,67717597,+,True,False,True,
ARSA,NM_000487.6,400,F,L,TTC,3,TTA,exact nucleotide concordance,3337816,"criteria provided, single submitter",1,not provided,False,False,10,chr22,50625589,-,False,False,False,
SERPING1,NM_000062.3,333,A,D,GCC,2,GAC,exact nucleotide concordance,3338034,"criteria provided, single submitter",1,Hereditary angioedema type 1,False,False,31,chr11,57606516,+,True,False,True,Vivo;WildType
SCN2A,NM_001371246.1,885,T,N,ACC,2,AAC,exact nucleotide concordance,3338177,no assertion criteria provided,0,Autism,False,False,91,chr2,165344646,+,False,False,False,
HNF1A,NM_000545.8,224,P,H,CCT,2,CAT,exact nucleotide concordance,3338324,no assertion criteria provided,0,Maturity-onset diabetes of the young type 3,False,False,42,chr12,120993664,+,False,False,False,
GAA,NM_000152.5,243,D,E,GAC,3,GAA,exact nucleotide concordance,3338327,"criteria provided, single submitter",1,"Glycogen storage disease, type II",False,False,36,chr17,80107593,+,False,False,False,
KCNH2,NM_000238.4,422,A,D,GCT,2,GAT,exact nucleotide concordance,3338328,"criteria provided, single submitter",1,Long QT syndrome,False,False,136,chr7,150952717,-,True,False,True,WildType
SATB1,NM_002971.6,451,S,R,AGC,3,AGA,exact nucleotide concordance,3338613,"criteria provided, single submitter",1,SATB1-related disorder,False,False,66,chr3,18386465,-,False,False,False,
FLNA,NM_001110556.2,253,D,E,GAC,3,GAA,"same-position, alternate-base convergence",3338826,"criteria provided, single submitter",1,not provided,False,False,38,chrX,154367506,-,False,False,False,
VWF,NM_000552.5,1205,R,S,CGT,1,AGT,exact nucleotide concordance,3338883,"criteria provided, single submitter",1,not provided,False,False,61,chr12,6021961,-,True,False,True,WildType
LIPA,NM_000235.4,295,H,N,CAC,1,AAC,exact nucleotide concordance,3339391,"criteria provided, single submitter",1,Cholesteryl ester storage disease,False,False,11,chr10,89222522,-,True,False,True,Vitro;WildType
VARS1,NM_006295.3,1068,T,K,ACG,2,AAG,exact nucleotide concordance,3340106,"criteria provided, single submitter",1,"Neurodevelopmental disorder with microcephaly, seizures, and cortical atrophy",False,False,85,chr6,31779693,-,False,False,False,
PTEN,NM_000314.8,137,A,E,GCA,2,GAA,exact nucleotide concordance,3340217,"criteria provided, single submitter",1,not provided,False,False,82,chr10,87933169,+,True,False,True,WildType
THRB,NM_001354712.2,459,F,L,TTC,3,TTA,"same-position, alternate-base convergence",3340413,"criteria provided, single submitter",1,not provided,False,False,9,chr3,24122893,-,False,False,False,
PPP3CA,NM_000944.5,160,F,L,TTC,3,TTA,exact nucleotide concordance,3340564,"criteria provided, single submitter",1,not provided,False,False,16,chr4,101099627,-,False,False,False,
LHX2,NM_004789.4,316,N,K,AAC,3,AAA,"same-position, alternate-base convergence",3340743,"criteria provided, single submitter",1,not provided,False,False,14,chr9,124032434,+,True,False,True,WildType
RUNX2,NM_001024630.4,160,N,K,AAC,3,AAA,"same-position, alternate-base convergence",3340830,"criteria provided, single submitter",1,not provided,False,False,56,chr6,45431919,+,True,False,True,WildType
CHD8,NM_001170629.2,696,Q,K,CAA,1,AAA,exact nucleotide concordance,3340949,"criteria provided, single submitter",1,not provided,False,False,56,chr14,21414357,-,True,False,True,Vivo;WildType
SLC9A6,NM_001379110.1,138,P,H,CCT,2,CAT,exact nucleotide concordance,3341161,no assertion criteria provided,0,Christianson syndrome,False,False,34,chrX,135998151,+,False,False,False,
SPI1,NM_003120.3,175,F,L,TTC,3,TTA,exact nucleotide concordance,3341179,no assertion criteria provided,0,Agammaglobulinemia,False,False,31,chr11,47355515,-,False,False,False,
PKLR,NM_000298.6,498,R,S,CGC,1,AGC,exact nucleotide concordance,3341366,"criteria provided, single submitter",1,Pyruvate kinase deficiency of red cells,False,False,55,chr1,155291882,-,True,True,True,WildType
NFIB,NM_001190737.2,110,D,E,GAC,3,GAA,exact nucleotide concordance,3342513,"criteria provided, single submitter",1,not provided,False,False,232,chr9,14307221,-,False,False,False,
TECTA,NM_005422.4,1982,A,D,GCC,2,GAC,exact nucleotide concordance,3342518,"criteria provided, single submitter",1,not provided,False,False,54,chr11,121168871,+,False,False,False,
RORA,NM_134261.3,338,A,D,GCC,2,GAC,exact nucleotide concordance,3342822,"criteria provided, single submitter",1,not provided,False,False,62,chr15,60503597,-,False,False,False,
GRIN1,NM_007327.4,732,D,E,GAC,3,GAA,"same-position, alternate-base convergence",3342850,"criteria provided, multiple submitters, no conflicts",2,"not provided|Neurodevelopmental disorder with or without hyperkinetic movements and seizures, autosomal dominant",True,False,24,chr9,137163193,+,True,False,True,WildType
KCNC2,NM_139137.4,437,T,N,ACC,2,AAC,exact nucleotide concordance,3342853,"criteria provided, single submitter",1,not provided,False,False,305,chr12,75050695,-,False,False,False,
KCNK9,NM_001282534.2,131,R,S,CGC,1,AGC,exact nucleotide concordance,3342854,"criteria provided, single submitter",1,not provided,False,False,107,chr8,139618992,-,True,False,True,Vitro;Vivo
FLT4,NM_182925.5,1162,F,L,TTC,3,TTA,exact nucleotide concordance,3343300,"criteria provided, single submitter",1,not provided,False,False,51,chr5,180612557,-,False,False,False,
TUBB,NM_178014.4,68,L,I,CTA,1,ATA,exact nucleotide concordance,3343375,"criteria provided, single submitter",1,not provided,False,False,35,chr6,30722953,+,False,False,False,
DDX3X,NM_001356.5,404,A,D,GCT,2,GAT,exact nucleotide concordance,3343830,"criteria provided, single submitter",1,not provided,False,False,40,chrX,41345444,+,True,False,True,WildType
FOXC1,NM_001453.3,127,R,S,CGC,1,AGC,exact nucleotide concordance,3344356,no assertion criteria provided,0,FOXC1-related disorder,False,False,378,chr6,1610824,+,False,False,False,
CYP21A2,NM_000500.9,114,S,Y,TCC,2,TAC,exact nucleotide concordance,3347624,no assertion criteria provided,0,CYP21A2-related disorder,False,False,48,chr6,32039142,+,False,False,False,
SHH,NM_000193.4,347,P,Q,CCG,2,CAG,exact nucleotide concordance,3345617,"criteria provided, single submitter",1,SHH-related disorder|Holoprosencephaly 3,False,False,349,chr7,155803249,-,False,False,False,
SCN2A,NM_001371246.1,1335,P,Q,CCA,2,CAA,exact nucleotide concordance,3349133,no assertion criteria provided,0,SCN2A-related disorder,False,False,31,chr2,165374716,+,True,False,True,WildType
DYNC1H1,NM_001376.5,2351,A,E,GCG,2,GAG,exact nucleotide concordance,3349885,"criteria provided, single submitter",1,DYNC1H1-related disorder,False,False,37,chr14,102015142,+,True,False,True,WildType
PCSK1,NM_000439.5,508,Q,K,CAA,1,AAA,exact nucleotide concordance,3355111,no assertion criteria provided,0,PCSK1-related disorder,False,False,66,chr5,96398945,-,True,False,True,WildType
GBA1,NM_000157.4,166,D,E,GAC,3,GAA,exact nucleotide concordance,3355963,no assertion criteria provided,0,GBA1-related disorder,False,False,43,chr1,155238607,-,False,False,False,
KLF1,NM_006563.5,338,P,T,CCC,1,ACC,exact nucleotide concordance,3358912,no assertion criteria provided,0,"Anemia, congenital dyserythropoietic, type IVb",False,False,77,chr19,12884962,-,False,False,False,
SIX3,NM_005413.4,134,A,E,GCG,2,GAG,exact nucleotide concordance,3359075,"criteria provided, single submitter",1,Holoprosencephaly 2,False,False,400,chr2,44942505,+,False,False,False,
SLC3A1,NM_000341.4,216,T,K,ACG,2,AAG,exact nucleotide concordance,3359153,no assertion criteria provided,0,Cystinuria,False,False,36,chr2,44281423,+,False,False,False,
SLC34A3,NM_001177316.2,171,S,R,AGC,3,AGA,different-position convergence,3359163,no assertion criteria provided,0,Autosomal recessive hypophosphatemic bone disease,False,False,49,chr9,137233066,+,True,False,True,
SLC3A1,NM_000341.4,635,T,K,ACA,2,AAA,exact nucleotide concordance,3359200,no assertion criteria provided,0,Cystinuria,False,False,154,chr2,44320485,+,True,False,True,Vitro
FOXE1,NM_004473.4,116,R,S,CGC,1,AGC,exact nucleotide concordance,3362432,"criteria provided, single submitter",1,"Thyroid cancer, nonmedullary, 4",False,False,345,chr9,97854260,+,False,False,False,
EP300,NM_001429.4,641,Q,K,CAG,1,AAG,exact nucleotide concordance,3362786,"criteria provided, single submitter",1,Rubinstein-Taybi syndrome due to EP300 haploinsufficiency,False,False,42,chr22,41141090,+,True,False,True,WildType
AICDA,NM_020661.4,111,A,E,GCG,2,GAG,exact nucleotide concordance,3366472,"criteria provided, single submitter",1,Hyper-IgM syndrome type 2,False,False,95,chr12,8605310,-,False,False,False,
CHST6,NM_021615.5,204,P,Q,CCG,2,CAG,exact nucleotide concordance,3366790,"criteria provided, single submitter",1,Macular corneal dystrophy,False,False,577,chr16,75479218,-,False,False,False,
SRPK3,NM_014370.4,458,T,N,ACT,2,AAT,exact nucleotide concordance,3370405,no assertion criteria provided,0,"Intellectual developmental disorder, X-linked 114",False,False,16,chrX,153784950,+,False,False,False,
TECPR2,NM_014844.5,949,A,E,GCG,2,GAG,exact nucleotide concordance,3376690,"criteria provided, single submitter",1,Hereditary spastic paraplegia 49,False,False,87,chr14,102443740,+,True,False,True,Vivo;WildType
LPL,NM_000237.3,211,T,K,ACA,2,AAA,exact nucleotide concordance,3376967,"criteria provided, single submitter",1,"Hyperlipoproteinemia, type I",False,False,90,chr8,19954210,+,True,False,True,Vitro
CHD5,NM_015557.3,1102,A,E,GCA,2,GAA,exact nucleotide concordance,3376984,"criteria provided, single submitter",1,Parenti-mignot neurodevelopmental syndrome,False,False,42,chr1,6130286,-,True,False,True,Vivo;WildType
GMPPB,NM_021971.4,241,P,T,CCT,1,ACT,exact nucleotide concordance,3377065,"criteria provided, single submitter",1,"Muscular dystrophy-dystroglycanopathy (congenital with brain and eye anomalies), type A14",False,False,47,chr3,49722278,-,False,False,False,
SMARCA2,NM_003070.5,989,T,K,ACA,2,AAA,exact nucleotide concordance,3377170,"criteria provided, single submitter",1,Nicolaides-Baraitser syndrome,False,False,25,chr9,2096739,+,False,False,False,
SCN8A,NM_001330260.2,1558,N,K,AAC,3,AAA,exact nucleotide concordance,3377217,"criteria provided, single submitter",1,"Developmental and epileptic encephalopathy, 13",False,False,121,chr12,51794520,+,False,False,False,
ACTB,NM_001101.5,264,P,H,CCT,2,CAT,exact nucleotide concordance,3378018,"criteria provided, single submitter",1,not provided,False,False,11,chr7,5528292,-,False,False,False,
DUOX2,NM_001363711.2,122,P,T,CCC,1,ACC,exact nucleotide concordance,3378026,"criteria provided, multiple submitters, no conflicts",2,not provided|Thyroid dyshormonogenesis 6,True,False,38,chr15,45111917,-,False,False,False,
SCN1A,NM_001165963.4,1713,S,R,AGC,3,AGA,"same-position, alternate-base convergence",3380952,"criteria provided, single submitter",1,not provided,False,False,286,chr2,165992136,-,True,False,True,WildType
KISS1,NM_002256.4,115,N,K,AAC,3,AAA,"same-position, alternate-base convergence",3381872,"criteria provided, single submitter",1,Hypogonadotropic hypogonadism 13 with or without anosmia,False,False,72,chr1,204190556,-,False,False,False,
ASS1,NM_054012.4,184,N,K,AAC,3,AAA,exact nucleotide concordance,3381969,"criteria provided, single submitter",1,Citrullinemia type I,False,False,14,chr9,130470890,+,False,False,False,
CSF1R,NM_001288705.3,855,P,T,CCC,1,ACC,exact nucleotide concordance,3382005,"criteria provided, single submitter",1,"Leukoencephalopathy, diffuse hereditary, with spheroids 1",False,False,8,chr5,150055328,-,True,False,True,Vivo;WildType
KCNA1,NM_000217.3,409,S,Y,TCC,2,TAC,exact nucleotide concordance,3382352,"criteria provided, single submitter",1,Episodic ataxia type 1,False,False,262,chr12,4912604,+,False,False,False,
CHD2,NM_001271.4,543,S,Y,TCC,2,TAC,exact nucleotide concordance,3382683,"criteria provided, single submitter",1,Developmental and epileptic encephalopathy 94,False,False,91,chr15,92953482,+,True,False,True,Vivo;WildType
IGF1R,NM_000875.5,1212,P,T,CCC,1,ACC,exact nucleotide concordance,3382778,"criteria provided, single submitter",1,Growth delay due to insulin-like growth factor I resistance,False,False,46,chr15,98948620,+,True,False,True,Vivo;WildType
KCNT2,NM_198503.5,187,A,D,GCC,2,GAC,exact nucleotide concordance,3383425,"criteria provided, single submitter",1,See cases,False,False,16,chr1,196465371,-,False,False,False,
SMC3,NM_005445.4,36,S,Y,TCT,2,TAT,exact nucleotide concordance,3383908,"criteria provided, single submitter",1,not provided,False,False,15,chr10,110573722,+,False,False,False,
GCK,NM_000162.5,78,D,E,GAC,3,GAA,"same-position, alternate-base convergence",3383930,reviewed by expert panel,3,Monogenic diabetes,True,False,25,chr7,44152400,-,True,False,True,Vivo;WildType
EDA,NM_001399.5,156,R,S,CGC,1,AGC,exact nucleotide concordance,3384338,"criteria provided, single submitter",1,not provided,False,False,36,chrX,69957096,+,True,False,True,WildType
ALDH7A1,NM_001182.5,192,T,K,ACG,2,AAG,exact nucleotide concordance,3384681,"criteria provided, single submitter",1,Pyridoxine-dependent epilepsy,False,False,57,chr5,126577154,-,True,False,True,WildType
SGCA,NM_000023.4,98,R,S,CGT,1,AGT,exact nucleotide concordance,3384982,"criteria provided, multiple submitters, no conflicts",2,Autosomal recessive limb-girdle muscular dystrophy|Autosomal recessive limb-girdle muscular dystrophy type 2D,True,False,20,chr17,50167716,+,False,False,False,
SLC26A4,NM_000441.2,32,F,L,TTC,3,TTA,different-position convergence,3387798,"criteria provided, multiple submitters, no conflicts",2,Pendred syndrome,True,False,70,chr7,107661735,+,False,False,False,
DYNC1H1,NM_001376.5,1962,R,S,CGC,1,AGC,exact nucleotide concordance,3387953,"criteria provided, single submitter",1,not provided,False,False,66,chr14,102008244,+,False,False,False,
ACADVL,NM_000018.4,158,T,N,ACC,2,AAC,exact nucleotide concordance,3389450,"criteria provided, single submitter",1,not provided,False,False,4,chr17,7221054,+,True,False,True,Vitro;WildType
KIF1A,NM_001244008.2,245,S,R,AGC,3,AGA,different-position convergence,3389696,"criteria provided, single submitter",1,not provided,False,False,12,chr2,240783804,-,False,False,False,
VWF,NM_000552.5,879,D,E,GAC,3,GAA,exact nucleotide concordance,3390365,reviewed by expert panel,3,von Willebrand disease type 2N,True,False,48,chr12,6034736,-,True,False,True,Vitro;WildType
GATA6,NM_005257.6,453,T,N,ACC,2,AAC,exact nucleotide concordance,3390972,"criteria provided, single submitter",1,"Neutropenia, severe congenital, 8, autosomal dominant|Pancreatic hypoplasia-diabetes-congenital heart disease syndrome",False,False,55,chr18,22181508,+,False,False,False,
SCN8A,NM_001330260.2,857,S,Y,TCC,2,TAC,exact nucleotide concordance,3391489,"criteria provided, single submitter",1,not provided,False,False,25,chr12,51765696,+,False,False,False,
TCF4,NM_001083962.2,327,A,E,GCA,2,GAA,exact nucleotide concordance,3393035,"criteria provided, single submitter",1,"Corneal dystrophy, Fuchs endothelial, 3;Pitt-Hopkins syndrome",False,False,10,chr18,55261476,-,True,False,True,Vivo;WildType
ATP2B2,NM_001001331.4,707,D,E,GAC,3,GAA,exact nucleotide concordance,3456781,"criteria provided, single submitter",1,not specified,False,False,15,chr3,10358706,-,True,False,True,Vivo
TBL1XR1,NM_024665.7,265,H,N,CAT,1,AAT,exact nucleotide concordance,3453736,"criteria provided, single submitter",1,Inborn genetic diseases,False,False,26,chr3,177047371,-,True,False,True,WildType
ACVRL1,NM_000020.3,328,H,Q,CAC,3,CAA,"same-position, alternate-base convergence",3485591,"criteria provided, single submitter",1,Cardiovascular phenotype,False,False,64,chr12,51915436,+,True,False,True,Vivo
PKD1,NM_001009944.3,2128,N,K,AAC,3,AAA,exact nucleotide concordance,3579368,"criteria provided, single submitter",1,"Polycystic kidney disease, adult type",False,False,531,chr16,2108783,-,False,False,False,
SLC12A3,NM_001126108.2,375,T,N,ACC,2,AAC,exact nucleotide concordance,3580999,"criteria provided, multiple submitters, no conflicts",2,Familial hypokalemia-hypomagnesemia,True,False,28,chr16,56878105,+,True,False,True,Vitro;Vivo
SLC12A3,NM_001126108.2,560,P,H,CCT,2,CAT,exact nucleotide concordance,3581021,"criteria provided, single submitter",1,Familial hypokalemia-hypomagnesemia,False,False,9,chr16,56884058,+,False,False,False,
PRKCG,NM_002739.5,74,H,N,CAT,1,AAT,exact nucleotide concordance,3584067,"criteria provided, multiple submitters, no conflicts",2,Spinocerebellar ataxia type 14|not provided,True,False,17,chr19,53884178,+,True,False,True,WildType
SLC12A1,NM_000338.3,510,A,D,GCC,2,GAC,exact nucleotide concordance,3577280,"criteria provided, single submitter",1,Bartter disease type 1,False,False,31,chr15,48246985,+,True,False,True,Vitro;Vivo;WildType
TSHR,NM_000369.5,528,R,S,CGC,1,AGC,exact nucleotide concordance,3576837,"criteria provided, single submitter",1,Hypothyroidism due to TSH receptor mutations;Familial gestational hyperthyroidism;Familial hyperthyroidism due to mutations in TSH receptor,False,False,700,chr14,81143640,+,True,False,True,Vitro
SCNN1B,NM_000336.3,617,P,T,CCC,1,ACC,exact nucleotide concordance,3580021,"criteria provided, single submitter",1,"Bronchiectasis with or without elevated sweat chloride 1;Pseudohypoaldosteronism, type IB2, autosomal recessive;Liddle syndrome 1",False,False,74,chr16,23380727,+,False,False,False,
SLC12A3,NM_001126108.2,949,N,K,AAC,3,AAA,"same-position, alternate-base convergence",3581072,"criteria provided, single submitter",1,Familial hypokalemia-hypomagnesemia,False,False,9,chr16,56902499,+,True,False,True,Vitro;Vivo
PMM2,NM_000303.3,31,F,L,TTC,3,TTA,exact nucleotide concordance,3581380,"criteria provided, multiple submitters, no conflicts",2,PMM2-congenital disorder of glycosylation,True,False,26,chr16,8801825,+,False,False,False,
HJV,NM_213653.4,103,F,L,TTC,3,TTA,different-position convergence,3591369,"criteria provided, single submitter",1,Hemochromatosis type 2A,False,False,209,chr1,146019525,-,False,False,False,
TRPC6,NM_004621.6,889,Q,K,CAG,1,AAG,exact nucleotide concordance,3598781,"criteria provided, multiple submitters, no conflicts",2,Focal segmental glomerulosclerosis 2|not provided,True,False,20,chr11,101453086,-,True,False,True,WildType
ASS1,NM_054012.4,285,P,Q,CCA,2,CAA,exact nucleotide concordance,3596480,"criteria provided, single submitter",1,Citrullinemia type I,False,False,15,chr9,130489348,+,True,False,True,Vitro;Vivo;WildType
PDHA1,NM_000284.4,250,P,T,CCT,1,ACT,exact nucleotide concordance,3598206,"criteria provided, single submitter",1,Pyruvate dehydrogenase E1-alpha deficiency,False,False,11,chrX,19355493,+,True,False,True,Vivo;WildType
PTEN,NM_000314.8,123,H,N,CAC,1,AAC,exact nucleotide concordance,3572467,"criteria provided, single submitter",1,not provided,False,False,113,chr10,87933126,+,True,False,True,WildType
DNM1,NM_001288739.2,65,T,N,ACC,2,AAC,exact nucleotide concordance,3572927,"criteria provided, single submitter",1,Developmental and epileptic encephalopathy,False,False,32,chr9,128218263,+,False,False,False,
ATRX,NM_000489.6,1759,H,N,CAT,1,AAT,exact nucleotide concordance,3573532,"criteria provided, single submitter",1,not provided,False,True,2,chrX,77618979,-,True,False,True,Vitro;WildType
FBN1,NM_000138.5,2223,N,K,AAC,3,AAA,exact nucleotide concordance,3600252,no assertion criteria provided,0,Marfan syndrome,False,False,52,chr15,48432936,-,True,False,True,WildType
COCH,NM_004086.3,516,P,Q,CCG,2,CAG,exact nucleotide concordance,3601051,"criteria provided, single submitter",1,Autosomal dominant nonsyndromic hearing loss 9,False,False,69,chr14,30889685,+,True,False,True,WildType
COCH,NM_004086.3,51,P,Q,CCA,2,CAA,exact nucleotide concordance,3601053,"criteria provided, single submitter",1,Autosomal dominant nonsyndromic hearing loss 9,False,False,69,chr14,30877641,+,False,False,False,
GIPC3,NM_133261.3,263,A,E,GCG,2,GAG,exact nucleotide concordance,3601140,"criteria provided, multiple submitters, no conflicts",2,Autosomal recessive nonsyndromic hearing loss 15,False,True,0,chr19,3590039,+,False,False,False,
LOXHD1,NM_001384474.1,2024,T,K,ACG,2,AAG,exact nucleotide concordance,3601210,"criteria provided, multiple submitters, no conflicts",2,Autosomal recessive nonsyndromic hearing loss 77,True,False,21,chr18,46485130,-,False,False,False,
MYO15A,NM_016239.4,1513,A,E,GCA,2,GAA,exact nucleotide concordance,3601340,"criteria provided, single submitter",1,Autosomal recessive nonsyndromic hearing loss 3,False,False,55,chr17,18135766,+,True,False,True,WildType
MYO15A,NM_016239.4,1554,A,D,GCC,2,GAC,exact nucleotide concordance,3601342,"criteria provided, single submitter",1,Autosomal recessive nonsyndromic hearing loss 3,False,False,5,chr17,18136568,+,True,False,True,WildType
MYO15A,NM_016239.4,1675,F,L,TTC,3,TTA,different-position convergence,3601353,"criteria provided, single submitter",1,Autosomal recessive nonsyndromic hearing loss 3,False,False,15,chr17,18138826,+,True,False,True,
MYO15A,NM_016239.4,2098,D,E,GAC,3,GAA,"same-position, alternate-base convergence",3601369,"criteria provided, single submitter",1,Autosomal recessive nonsyndromic hearing loss 3,False,False,20,chr17,18145892,+,False,False,False,
MYO15A,NM_016239.4,2793,S,Y,TCC,2,TAC,exact nucleotide concordance,3601398,"criteria provided, multiple submitters, no conflicts",2,Autosomal recessive nonsyndromic hearing loss 3,True,False,37,chr17,18155351,+,True,False,True,WildType
MYO7A,NM_000260.4,96,T,K,ACG,2,AAG,exact nucleotide concordance,3601466,"criteria provided, single submitter",1,Autosomal recessive nonsyndromic hearing loss 2,False,True,1,chr11,77155908,+,False,False,False,
MYO7A,NM_000260.4,1887,P,T,CCG,1,ACG,exact nucleotide concordance,3601491,"criteria provided, single submitter",1,Autosomal recessive nonsyndromic hearing loss 2,False,False,22,chr11,77206119,+,True,False,True,WildType
PAX3,NM_181458.4,80,H,Q,CAC,3,CAA,exact nucleotide concordance,3601576,"criteria provided, single submitter",1,Waardenburg syndrome type 1,False,False,81,chr2,222297059,-,False,False,False,
PAX3,NM_181458.4,268,S,R,AGC,3,AGA,exact nucleotide concordance,3601594,"criteria provided, single submitter",1,Waardenburg syndrome type 1,False,False,11,chr2,222221376,-,False,False,False,
POU3F4,NM_000307.5,147,H,Q,CAC,3,CAA,"same-position, alternate-base convergence",3601662,"criteria provided, single submitter",1,X-linked mixed hearing loss with perilymphatic gusher,False,False,440,chrX,83508765,+,False,False,False,
POU4F3,NM_002700.3,198,R,S,CGC,1,AGC,exact nucleotide concordance,3601695,"criteria provided, single submitter",1,Autosomal dominant nonsyndromic hearing loss 15,False,False,425,chr5,146340019,+,True,False,True,WildType
SLC26A4,NM_000441.2,451,A,E,GCA,2,GAA,exact nucleotide concordance,3601739,"criteria provided, single submitter",1,Autosomal recessive nonsyndromic hearing loss 4,False,False,10,chr7,107694631,+,True,False,True,WildType
SOX10,NM_006941.4,131,N,K,AAC,3,AAA,exact nucleotide concordance,3601825,"criteria provided, single submitter",1,Waardenburg syndrome type 4C,False,False,35,chr22,37983392,-,False,False,False,
GCK,NM_000162.5,394,R,S,CGC,1,AGC,exact nucleotide concordance,3602130,reviewed by expert panel,3,Monogenic diabetes|not provided,True,False,73,chr7,44145570,-,False,False,False,
GABRB3,NM_000814.6,52,L,I,CTA,1,ATA,exact nucleotide concordance,3602133,"criteria provided, single submitter",1,"Developmental and epileptic encephalopathy, 43",False,False,18,chr15,26772699,-,False,False,False,
HUWE1,NM_031407.7,3258,S,R,AGC,3,AGA,exact nucleotide concordance,3602192,"criteria provided, single submitter",1,"Thyroid cancer, nonmedullary, 1|not provided",False,False,261,chrX,53549220,-,True,False,True,Vitro;WildType
AP1G1,NM_001128.6,42,D,E,GAC,3,GAA,exact nucleotide concordance,3602540,"criteria provided, single submitter",1,not provided,False,False,75,chr16,71789354,-,False,False,False,
KCNQ1,NM_000218.3,233,L,M,CTG,1,ATG,exact nucleotide concordance,3603667,"criteria provided, single submitter",1,Long QT syndrome,False,False,13,chr11,2572026,+,False,False,False,
ABCC6,NM_001171.6,1414,R,S,CGT,1,AGT,exact nucleotide concordance,3616170,"criteria provided, single submitter",1,not provided,False,False,31,chr16,16150741,-,False,False,False,
SLC12A3,NM_001126108.2,331,P,H,CCT,2,CAT,exact nucleotide concordance,3621861,"criteria provided, single submitter",1,not provided,False,False,27,chr16,56872683,+,True,False,True,Vitro;WildType
ABCA4,NM_000350.3,640,P,T,CCC,1,ACC,exact nucleotide concordance,3629462,"criteria provided, single submitter",1,Severe early-childhood-onset retinal dystrophy,False,False,19,chr1,94062596,-,True,False,True,Vivo;WildType
ARSA,NM_000487.6,283,D,E,GAC,3,GAA,"same-position, alternate-base convergence",3629608,"criteria provided, single submitter",1,Metachromatic leukodystrophy,False,False,5,chr22,50626596,-,False,False,False,
HJV,NM_213653.4,172,D,E,GAC,3,GAA,"same-position, alternate-base convergence",3629998,"criteria provided, multiple submitters, no conflicts",2,Hemochromatosis type 2A,True,False,141,chr1,146019316,-,True,False,True,WildType
RYR1,NM_000540.3,3711,T,K,ACG,2,AAG,exact nucleotide concordance,3636243,"criteria provided, single submitter",1,RYR1-related disorder,False,False,9,chr19,38529048,+,True,False,True,Vivo
SCN1A,NM_001165963.4,1845,N,K,AAC,3,AAA,"same-position, alternate-base convergence",3633998,"criteria provided, single submitter",1,Early-infantile DEE,False,False,495,chr2,165991740,-,True,False,True,Vitro;Vivo
SCN1A,NM_001165963.4,1486,F,L,TTC,3,TTA,exact nucleotide concordance,3634012,"criteria provided, single submitter",1,Early-infantile DEE,False,False,18,chr2,165998056,-,True,False,True,WildType
BEST1,NM_004183.4,17,F,L,TTC,3,TTA,different-position convergence,3634169,"criteria provided, single submitter",1,not provided,False,False,48,chr11,61951855,+,True,False,True,
BEST1,NM_004183.4,237,T,K,ACA,2,AAA,exact nucleotide concordance,3634175,"criteria provided, single submitter",1,not provided,False,False,4,chr11,61957460,+,True,False,True,WildType
MYO7A,NM_000260.4,1244,P,T,CCC,1,ACC,exact nucleotide concordance,3634266,"criteria provided, single submitter",1,not provided,False,False,20,chr11,77190119,+,False,False,False,
ARSA,NM_000487.6,182,P,T,CCA,1,ACA,exact nucleotide concordance,3637805,"criteria provided, single submitter",1,Metachromatic leukodystrophy,False,False,78,chr22,50626974,-,False,False,False,
NLRP3,NM_001243133.2,566,F,L,TTC,3,TTA,"same-position, alternate-base convergence",3633876,"criteria provided, single submitter",1,Cryopyrin associated periodic syndrome,False,False,452,chr1,247425147,+,False,False,False,
TGFBR2,NM_003242.6,530,T,K,ACA,2,AAA,exact nucleotide concordance,3635628,"criteria provided, single submitter",1,Familial thoracic aortic aneurysm and aortic dissection,False,False,64,chr3,30691484,+,True,False,True,Vitro;Vivo
LDLR,NM_000527.5,432,L,M,CTG,1,ATG,exact nucleotide concordance,3636904,"criteria provided, single submitter",1,Familial hypercholesterolemia,False,False,64,chr19,11113385,+,True,False,True,WildType
TTR,NM_000371.4,80,T,N,ACT,2,AAT,exact nucleotide concordance,3649160,"criteria provided, single submitter",1,"Amyloidosis, hereditary systemic 1",False,False,38,chr18,31595158,+,True,False,True,Vivo;WildType
SETBP1,NM_015559.3,877,S,R,AGC,3,AGA,exact nucleotide concordance,3652435,"criteria provided, single submitter",1,not provided,False,False,1369,chr18,44951971,+,True,False,True,Vitro
CHD8,NM_001170629.2,1156,S,Y,TCT,2,TAT,exact nucleotide concordance,3662944,"criteria provided, single submitter",1,not provided,False,False,51,chr14,21403504,-,True,False,True,WildType
ACADVL,NM_000018.4,212,A,D,GCC,2,GAC,exact nucleotide concordance,3664515,"criteria provided, single submitter",1,Very long chain acyl-CoA dehydrogenase deficiency,False,False,12,chr17,7221964,+,True,True,True,Vitro;WildType
FOXC1,NM_001453.3,128,H,Q,CAC,3,CAA,"same-position, alternate-base convergence",3664581,"criteria provided, single submitter",1,Axenfeld-Rieger syndrome type 3,False,False,383,chr6,1610829,+,False,False,False,
ABCA4,NM_000350.3,2026,L,M,CTG,1,ATG,exact nucleotide concordance,3660694,"criteria provided, single submitter",1,not provided,False,False,70,chr1,94005512,-,False,False,False,
PAX3,NM_181458.4,50,P,T,CCG,1,ACG,exact nucleotide concordance,3658450,"criteria provided, single submitter",1,not provided,False,False,62,chr2,222297151,-,True,False,True,Vivo
NF1,NM_001042492.3,1000,R,S,CGT,1,AGT,exact nucleotide concordance,3682242,"criteria provided, single submitter",1,"Neurofibromatosis, type 1",False,False,7,chr17,31230267,+,False,False,False,
ACADVL,NM_000018.4,450,R,S,CGT,1,AGT,exact nucleotide concordance,3686695,"criteria provided, single submitter",1,Very long chain acyl-CoA dehydrogenase deficiency,False,False,15,chr17,7223983,+,True,False,True,WildType
DYSF,NM_001130987.2,809,P,Q,CCG,2,CAG,exact nucleotide concordance,3684221,"criteria provided, single submitter",1,Neuromuscular disease caused by qualitative or quantitative defects of dysferlin,False,False,16,chr2,71564074,+,False,False,False,
APP,NM_000484.4,713,A,E,GCG,2,GAG,exact nucleotide concordance,3690355,"criteria provided, single submitter",1,Alzheimer disease,False,False,73,chr21,25891795,-,True,False,True,Vitro;Vivo
G6PC1,NM_000151.4,257,P,T,CCC,1,ACC,exact nucleotide concordance,3700937,"criteria provided, single submitter",1,Glycogen storage disease due to glucose-6-phosphatase deficiency type IA,False,False,206,chr17,42911121,+,True,False,True,WildType
ABCA4,NM_000350.3,1986,T,N,ACT,2,AAT,exact nucleotide concordance,3701252,"criteria provided, single submitter",1,not provided,False,False,48,chr1,94007682,-,False,False,False,
MEF2C,NM_002397.5,16,N,K,AAC,3,AAA,"same-position, alternate-base convergence",3704386,"criteria provided, single submitter",1,"Neurodevelopmental disorder with hypotonia, stereotypic hand movements, and impaired language",False,False,6,chr5,88823741,-,False,False,False,
CHRNA4,NM_000744.7,313,T,N,ACC,2,AAC,exact nucleotide concordance,3707646,"criteria provided, single submitter",1,Familial sleep-related hypermotor epilepsy,False,False,554,chr20,63350473,-,False,False,False,
ABCC8,NM_000352.6,887,T,N,ACC,2,AAC,exact nucleotide concordance,3716938,"criteria provided, single submitter",1,not provided,False,False,34,chr11,17410550,-,False,False,False,
TCF4,NM_001083962.2,578,R,S,CGT,1,AGT,exact nucleotide concordance,3719765,"criteria provided, single submitter",1,Pitt-Hopkins syndrome,False,False,82,chr18,55228994,-,True,False,True,Vivo;WildType
HEXA,NM_000520.6,465,D,E,GAC,3,GAA,"same-position, alternate-base convergence",3719775,"criteria provided, single submitter",1,Tay-Sachs disease,False,False,26,chr15,72346261,-,True,False,True,Vivo;WildType
KCNQ1,NM_000218.3,140,S,R,AGC,3,AGA,different-position convergence,3719869,"criteria provided, single submitter",1,Long QT syndrome,False,False,31,chr11,2527959,+,True,False,True,
NKX2-5,NM_004387.4,181,Q,K,CAG,1,AAG,exact nucleotide concordance,3721197,"criteria provided, single submitter",1,Atrial septal defect 7,False,False,206,chr5,173233003,-,False,False,False,
ABCD1,NM_000033.4,223,A,D,GCT,2,GAT,exact nucleotide concordance,3724614,"criteria provided, single submitter",1,"Adrenoleukodystrophy|Thyroid cancer, nonmedullary, 1",False,False,232,chrX,153725934,+,False,False,False,
FOXL2,NM_023067.4,104,H,N,CAC,1,AAC,exact nucleotide concordance,3728131,"criteria provided, single submitter",1,not provided,False,False,309,chr3,138946413,-,False,False,False,
ABCA4,NM_000350.3,2082,A,D,GCC,2,GAC,exact nucleotide concordance,3718932,"criteria provided, single submitter",1,not provided,False,False,37,chr1,94001895,-,True,False,True,Vivo
RUNX2,NM_001024630.4,118,S,R,AGC,3,AGA,exact nucleotide concordance,3720692,"criteria provided, single submitter",1,not provided,False,False,69,chr6,45422888,+,True,False,True,WildType
GJB1,NM_000166.6,138,S,R,AGC,3,AGA,"same-position, alternate-base convergence",3724265,"criteria provided, single submitter",1,Charcot-Marie-Tooth Neuropathy X,False,False,413,chrX,71224121,+,False,False,False,
BTK,NM_000061.3,526,N,K,AAC,3,AAA,"same-position, alternate-base convergence",3724301,"criteria provided, multiple submitters, no conflicts",2,X-linked agammaglobulinemia with growth hormone deficiency|X-linked agammaglobulinemia,True,False,11,chrX,101354683,-,False,False,False,
SCN1A,NM_001165963.4,804,N,K,AAC,3,AAA,"same-position, alternate-base convergence",3720372,"criteria provided, single submitter",1,Early-infantile DEE,False,True,3,chr2,166041234,-,False,False,False,
NDUFS1,NM_005006.7,522,Q,K,CAA,1,AAA,exact nucleotide concordance,3720401,"criteria provided, multiple submitters, no conflicts",2,not provided,True,False,10,chr2,206130232,-,True,False,True,Vitro
PEX1,NM_000466.3,77,N,K,AAC,3,AAA,exact nucleotide concordance,3720564,"criteria provided, single submitter",1,Zellweger spectrum disorders,False,False,42,chr7,92522144,-,False,False,False,
ATRX,NM_000489.6,1737,S,Y,TCT,2,TAT,exact nucleotide concordance,3730866,"criteria provided, single submitter",1,not provided,False,False,62,chrX,77620457,-,False,False,False,
RAF1,NM_002880.4,151,F,L,TTC,3,TTA,"same-position, alternate-base convergence",3730878,"criteria provided, single submitter",1,not provided,False,False,29,chr3,12608894,-,False,False,False,
CREBBP,NM_004380.3,1725,D,E,GAC,3,GAA,"same-position, alternate-base convergence",3730890,"criteria provided, single submitter",1,not provided,False,True,2,chr16,3729872,-,True,False,True,WildType
KCNQ2,NM_172107.4,184,A,D,GCC,2,GAC,exact nucleotide concordance,3730937,"criteria provided, single submitter",1,not provided,False,False,36,chr20,63444798,-,False,False,False,
AR,NM_000044.6,871,A,E,GCG,2,GAG,exact nucleotide concordance,3759649,"criteria provided, single submitter",1,Kennedy disease;Androgen resistance syndrome,False,False,4,chrX,67723690,+,True,False,True,WildType
NAGLU,NM_000263.4,674,R,S,CGC,1,AGC,exact nucleotide concordance,3756134,"criteria provided, single submitter",1,"Charcot-Marie-Tooth disease axonal type 2V;Mucopolysaccharidosis, MPS-III-B",False,False,212,chr17,42544026,+,True,False,True,Vivo
SDHC,NM_003001.5,50,R,S,CGT,1,AGT,exact nucleotide concordance,3757977,"criteria provided, single submitter",1,Pheochromocytoma/paraganglioma syndrome 3;Gastrointestinal stromal tumor,False,False,31,chr1,161328466,+,False,False,False,
SNCA,NM_000345.4,53,A,E,GCA,2,GAA,exact nucleotide concordance,3759096,"criteria provided, single submitter",1,Lewy body dementia;Autosomal dominant Parkinson disease 1,False,False,5,chr4,89828148,-,True,False,True,WildType
FBN1,NM_000138.5,1173,N,K,AAC,3,AAA,exact nucleotide concordance,3759290,"criteria provided, single submitter",1,Marfan syndrome;Familial thoracic aortic aneurysm and aortic dissection,False,False,55,chr15,48487145,-,True,False,True,Vivo;WildType
SMPD1,NM_000543.5,198,A,D,GCC,2,GAC,exact nucleotide concordance,3754296,"criteria provided, single submitter",1,"Niemann-Pick disease, type B;Niemann-Pick disease, type A",False,False,274,chr11,6391658,+,True,False,True,Vitro;Vivo;WildType
SCN2A,NM_001371246.1,1574,F,L,TTC,3,TTA,different-position convergence,3753671,"criteria provided, single submitter",1,"Developmental and epileptic encephalopathy, 11;Seizures, benign familial infantile, 3",False,False,102,chr2,165386914,+,True,False,True,
KIF1A,NM_001244008.2,249,L,M,CTG,1,ATG,exact nucleotide concordance,3753714,"criteria provided, single submitter",1,"Neuropathy, hereditary sensory, type 2C;Hereditary spastic paraplegia 30;Intellectual disability, autosomal dominant 9",False,False,24,chr2,240783792,-,False,False,False,
KIF1A,NM_001244008.2,70,Q,K,CAG,1,AAG,exact nucleotide concordance,3753720,"criteria provided, single submitter",1,"Neuropathy, hereditary sensory, type 2C;Hereditary spastic paraplegia 30;Intellectual disability, autosomal dominant 9",False,False,24,chr2,240788206,-,True,False,True,Vivo;WildType
ANO5,NM_213599.3,273,L,I,CTT,1,ATT,exact nucleotide concordance,3753728,"criteria provided, single submitter",1,Gnathodiaphyseal dysplasia;Autosomal recessive limb-girdle muscular dystrophy type 2L,False,False,54,chr11,22239623,+,True,False,True,WildType
KICS2,NM_152440.5,296,D,E,GAC,3,GAA,exact nucleotide concordance,3747844,no assertion criteria provided,0,"Intellectual developmental disorder, autosomal recessive 83",False,False,366,chr12,64194292,-,False,False,False,
THAP1,NM_018105.3,12,N,K,AAC,3,AAA,exact nucleotide concordance,3764153,"criteria provided, single submitter",1,not provided,False,False,35,chr8,42843059,-,True,False,True,WildType
MYT1L,NM_001303052.2,687,P,T,CCC,1,ACC,exact nucleotide concordance,3764182,"criteria provided, single submitter",1,not provided,False,False,26,chr2,1892261,-,False,False,False,
SLC4A1,NM_000342.4,730,R,S,CGT,1,AGT,exact nucleotide concordance,3765086,"criteria provided, single submitter",1,not provided,False,False,123,chr17,44253241,-,True,False,True,WildType
SRY,NM_003140.3,91,S,R,AGC,3,AGA,"same-position, alternate-base convergence",3765518,no assertion criteria provided,0,"46,XY sex reversal 1",False,False,272,chrY,2787331,-,False,False,False,
RYR2,NM_001035.3,4087,F,L,TTC,3,TTA,different-position convergence,3766443,"criteria provided, single submitter",1,Catecholaminergic polymorphic ventricular tachycardia 1,False,False,296,chr1,237783971,+,True,False,True,
GLE1,NM_001003722.2,595,P,H,CCT,2,CAT,exact nucleotide concordance,3767208,"criteria provided, single submitter",1,Lethal arthrogryposis-anterior horn cell disease syndrome,False,False,7,chr9,128537993,+,True,False,True,Vitro;Vivo;WildType
TJP2,NM_004817.4,969,P,Q,CCA,2,CAA,exact nucleotide concordance,3767327,"criteria provided, single submitter",1,Autosomal recessive nonsyndromic hearing loss 4,False,False,25,chr9,69249400,+,False,False,False,
TMC1,NM_138691.3,189,F,L,TTC,3,TTA,different-position convergence,3767329,"criteria provided, single submitter",1,Autosomal recessive nonsyndromic hearing loss 7,False,False,29,chr9,72751879,+,True,False,True,
ABCA4,NM_000350.3,1075,A,D,GCC,2,GAC,exact nucleotide concordance,3767360,"criteria provided, single submitter",1,Severe early-childhood-onset retinal dystrophy,False,False,33,chr1,94042865,-,True,False,True,Vivo;WildType
TYR,NM_000372.5,481,A,E,GCG,2,GAG,exact nucleotide concordance,3768245,"criteria provided, single submitter",1,Oculocutaneous albinism,False,False,75,chr11,89295218,+,False,False,False,
SLC26A4,NM_000441.2,140,P,H,CCT,2,CAT,exact nucleotide concordance,3768304,"criteria provided, single submitter",1,Pendred syndrome,False,True,3,chr7,107674167,+,True,False,True,Vitro;Vivo;WildType
TYR,NM_000372.5,482,A,E,GCG,2,GAG,exact nucleotide concordance,3769568,no assertion criteria provided,0,Oculocutaneous albinism type 1A,False,False,78,chr11,89295221,+,False,False,False,
TYR,NM_000372.5,363,H,Q,CAC,3,CAA,exact nucleotide concordance,3769570,no assertion criteria provided,0,Oculocutaneous albinism type 1A,False,False,52,chr11,89227875,+,True,False,True,Vitro
TYR,NM_000372.5,380,S,Y,TCT,2,TAT,exact nucleotide concordance,3769578,no assertion criteria provided,0,Oculocutaneous albinism type 1A,False,False,45,chr11,89227925,+,False,False,False,
TYR,NM_000372.5,201,A,D,GCC,2,GAC,exact nucleotide concordance,3769585,no assertion criteria provided,0,Oculocutaneous albinism type 1A,False,False,217,chr11,89178555,+,True,False,True,WildType
PDE4D,NM_001104631.2,299,S,Y,TCC,2,TAC,exact nucleotide concordance,3769802,"criteria provided, single submitter",1,not provided,False,False,25,chr5,59038884,-,True,False,True,WildType
PFAS,NM_012393.3,264,N,K,AAC,3,AAA,"same-position, alternate-base convergence",3770161,"criteria provided, single submitter",1,Phosphoribosylformylglycineamidine synthase deficiency,False,False,29,chr17,8256378,+,False,False,False,
SCN1A,NM_001165963.4,346,P,Q,CCA,2,CAA,exact nucleotide concordance,3770207,"criteria provided, single submitter",1,"Developmental and epileptic encephalopathy 6B;Generalized epilepsy with febrile seizures plus, type 2;Febrile seizures, familial, 3a;Severe myoclonic epilepsy in infancy",False,False,8,chr2,166047760,-,True,False,True,WildType
SCN1A,NM_001165963.4,1526,P,T,CCA,1,ACA,exact nucleotide concordance,3770210,"criteria provided, single submitter",1,"Generalized epilepsy with febrile seizures plus, type 2;Severe myoclonic epilepsy in infancy",False,False,5,chr2,165996018,-,True,False,True,Vitro
SCN1A,NM_001165963.4,1323,P,T,CCT,1,ACT,exact nucleotide concordance,3773645,"criteria provided, single submitter",1,"Generalized epilepsy with febrile seizures plus, type 1",False,False,35,chr2,166009754,-,False,False,False,
BICD2,NM_001003800.2,190,S,R,AGC,3,AGA,exact nucleotide concordance,3773706,"criteria provided, single submitter",1,Autosomal dominant childhood-onset proximal spinal muscular atrophy with contractures,False,False,36,chr9,92722692,-,True,False,True,WildType
OFD1,NM_003611.3,642,A,D,GCC,2,GAC,exact nucleotide concordance,3773741,no assertion criteria provided,0,Orofaciodigital syndrome I,False,False,270,chrX,13760385,+,False,False,False,
PRDM12,NM_021619.3,152,A,D,GCC,2,GAC,exact nucleotide concordance,3773873,"criteria provided, single submitter",1,Congenital insensitivity to pain-hypohidrosis syndrome,False,False,40,chr9,130668198,+,True,False,True,Vitro;Vivo
OBSCN,NM_001386125.1,677,L,M,CTG,1,ATG,exact nucleotide concordance,3774599,no assertion criteria provided,0,"Rhabdomyolysis, susceptibility to, 1",False,False,66,chr1,228215763,+,True,False,True,Vivo;WildType
SHH,NM_000193.4,110,A,D,GCC,2,GAC,exact nucleotide concordance,3775122,"criteria provided, single submitter",1,Solitary median maxillary central incisor syndrome,False,False,28,chr7,155806529,-,False,False,False,
SHH,NM_000193.4,150,T,K,ACG,2,AAG,exact nucleotide concordance,3775142,"criteria provided, single submitter",1,Holoprosencephaly 3,False,False,113,chr7,155806409,-,False,False,False,
SHH,NM_000193.4,241,F,L,TTC,3,TTA,different-position convergence,3775144,"criteria provided, single submitter",1,Holoprosencephaly 3,False,False,158,chr7,155803568,-,False,False,False,
SHH,NM_000193.4,226,A,E,GCG,2,GAG,exact nucleotide concordance,3775152,"criteria provided, single submitter",1,Holoprosencephaly 3,False,False,114,chr7,155803612,-,False,False,False,
SMARCA2,NM_003070.5,1161,H,Q,CAC,3,CAA,"same-position, alternate-base convergence",3775603,"criteria provided, single submitter",1,Nicolaides-Baraitser syndrome,False,False,26,chr9,2115848,+,True,False,True,Vitro;Vivo
TNPO2,NM_001382241.1,725,A,D,GCC,2,GAC,exact nucleotide concordance,3776150,"criteria provided, single submitter",1,"Intellectual developmental disorder with hypotonia, impaired speech, and dysmorphic facies",False,False,35,chr19,12703463,-,True,False,True,WildType
EFNB1,NM_004429.5,135,T,N,ACC,2,AAC,exact nucleotide concordance,3776329,"criteria provided, single submitter",1,not provided,False,True,2,chrX,68838892,+,False,False,False,
WDR62,NM_001083961.2,381,H,N,CAC,1,AAC,exact nucleotide concordance,3776336,"criteria provided, single submitter",1,not provided,False,False,92,chr19,36073439,+,True,False,True,Vitro
KCNT1,NM_020822.3,274,L,I,CTC,1,ATC,exact nucleotide concordance,3776340,"criteria provided, single submitter",1,not provided,False,False,34,chr9,135758474,+,True,False,True,WildType
HUWE1,NM_031407.7,1385,Q,K,CAG,1,AAG,exact nucleotide concordance,3776345,"criteria provided, single submitter",1,not provided,False,False,38,chrX,53590442,-,True,False,True,WildType
RYR2,NM_001035.3,165,A,D,GCC,2,GAC,exact nucleotide concordance,3776659,"criteria provided, single submitter",1,not provided,False,False,30,chr1,237377353,+,True,False,True,Vivo
DARS2,NM_018122.5,184,Q,K,CAG,1,AAG,exact nucleotide concordance,3776813,"criteria provided, single submitter",1,Leukoencephalopathy with brain stem and spinal cord involvement-high lactate syndrome,False,False,57,chr1,173833433,+,True,False,True,Vitro
DSG4,NM_177986.5,526,F,L,TTC,3,TTA,different-position convergence,3777044,"criteria provided, single submitter",1,Hypotrichosis 6,False,False,60,chr18,31403574,+,False,False,False,
LMBRD2,NM_001007527.2,476,F,L,TTC,3,TTA,"same-position, alternate-base convergence",3777058,"criteria provided, single submitter",1,Developmental delay with variable neurologic and brain abnormalities,False,False,8,chr5,36116468,-,True,False,True,Vitro;WildType
FOXI1,NM_012188.5,293,S,R,AGC,3,AGA,exact nucleotide concordance,3777221,"criteria provided, single submitter",1,Autosomal recessive nonsyndromic hearing loss 4,False,False,258,chr5,170108353,+,True,False,True,Vitro;Vivo;WildType
MYO7A,NM_000260.4,1288,A,D,GCC,2,GAC,exact nucleotide concordance,3777234,"criteria provided, single submitter",1,Usher syndrome type 1,False,False,61,chr11,77190809,+,True,False,True,Vivo;WildType
PLA2G6,NM_003560.4,549,F,L,TTC,3,TTA,exact nucleotide concordance,3778377,"criteria provided, single submitter",1,not provided,False,False,55,chr22,38120854,-,True,False,True,Vivo
SCN1A,NM_001165963.4,1300,T,K,ACA,2,AAA,exact nucleotide concordance,3778727,"criteria provided, single submitter",1,"Generalized epilepsy with febrile seizures plus, type 1",False,False,19,chr2,166009822,-,True,False,True,Vitro
KDM2A,NM_012308.3,811,H,N,CAC,1,AAC,exact nucleotide concordance,3778796,"criteria provided, single submitter",1,KDM2A-related neurodevelopmental disorder,False,False,337,chr11,67250461,+,True,False,True,WildType
SLC26A7,NM_052832.4,325,A,D,GCT,2,GAT,exact nucleotide concordance,3778828,"criteria provided, single submitter",1,Congenital hypothyroidism,False,False,52,chr8,91340499,+,True,False,True,Vitro;Vivo
TK2,NM_004614.5,139,A,E,GCA,2,GAA,exact nucleotide concordance,3778838,"criteria provided, single submitter",1,Mitochondrial disease,False,False,33,chr16,66529027,-,False,False,False,
TPM1,NM_001018005.2,14,D,E,GAC,3,GAA,"same-position, alternate-base convergence",3780971,"criteria provided, single submitter",1,Dilated cardiomyopathy 1Y,False,False,41,chr15,63042871,+,False,False,False,
MUTYH,NM_001128425.2,220,A,D,GCT,2,GAT,exact nucleotide concordance,3875925,"criteria provided, single submitter",1,Hereditary cancer-predisposing syndrome,False,False,31,chr1,45332436,-,False,False,False,
MTM1,NM_000252.3,287,A,D,GCC,2,GAC,exact nucleotide concordance,3875443,"criteria provided, single submitter",1,Inborn genetic diseases,False,False,7,chrX,150645864,+,False,False,False,
GPN2,NM_018066.4,121,H,Q,CAC,3,CAA,exact nucleotide concordance,3891299,no assertion criteria provided,0,Perrault syndrome 1,False,False,48,chr1,26889734,-,False,False,False,
FLNB,NM_001457.4,164,N,K,AAC,3,AAA,exact nucleotide concordance,3893190,"criteria provided, single submitter",1,Larsen syndrome,False,False,49,chr3,58077245,+,True,False,True,WildType
GABRB3,NM_000814.6,120,D,E,GAC,3,GAA,"same-position, alternate-base convergence",3894574,"criteria provided, single submitter",1,"Developmental and epileptic encephalopathy, 43",False,False,101,chr15,26621415,-,True,False,True,Vivo;WildType
PRKAG2,NM_016203.4,383,H,Q,CAC,3,CAA,"same-position, alternate-base convergence",3894683,"criteria provided, single submitter",1,Cardiovascular phenotype,False,False,42,chr7,151568800,-,False,False,False,
CDKL5,NM_001323289.2,40,A,E,GCG,2,GAG,exact nucleotide concordance,3895522,"criteria provided, single submitter",1,"Developmental and epileptic encephalopathy, 2",False,False,19,chrX,18564496,+,False,False,False,
LPL,NM_000237.3,220,S,R,AGC,3,AGA,"same-position, alternate-base convergence",3896141,"criteria provided, single submitter",1,"Hyperlipoproteinemia, type I",False,False,115,chr8,19954238,+,True,False,True,Vitro
LDLR,NM_000527.5,610,S,Y,TCC,2,TAC,exact nucleotide concordance,3896748,"criteria provided, single submitter",1,"Hypercholesterolemia, familial, 1",False,False,16,chr19,11116982,+,True,False,True,WildType
ZNF142,NM_001379659.1,1495,F,L,TTC,3,TTA,exact nucleotide concordance,3896763,"criteria provided, single submitter",1,Neurodevelopmental disorder with impaired speech and hyperkinetic movements,False,False,603,chr2,218642631,-,False,False,False,
CAPN3,NM_000070.3,449,N,K,AAC,3,AAA,exact nucleotide concordance,3896794,"criteria provided, single submitter",1,Autosomal recessive limb-girdle muscular dystrophy type 2A,False,False,7,chr15,42399645,+,True,False,True,Vitro;Vivo;WildType
SOD1,NM_000454.5,116,R,S,CGC,1,AGC,exact nucleotide concordance,3897014,"criteria provided, single submitter",1,Amyotrophic lateral sclerosis type 1,False,False,11,chr21,31667364,+,True,False,True,WildType
TK2,NM_004614.5,215,L,I,CTC,1,ATC,exact nucleotide concordance,3897043,"criteria provided, single submitter",1,"Progressive external ophthalmoplegia with mitochondrial DNA deletions, autosomal recessive 3;Mitochondrial DNA depletion syndrome, myopathic form",False,False,24,chr16,66513787,-,False,False,False,
TYMP,NM_001953.5,114,D,E,GAC,3,GAA,"same-position, alternate-base convergence",3897055,"criteria provided, single submitter",1,Mitochondrial DNA depletion syndrome 1,False,False,75,chr22,50529211,-,False,False,False,
DNM1L,NM_001278464.2,90,N,K,AAC,3,AAA,"same-position, alternate-base convergence",3897542,"criteria provided, single submitter",1,"Encephalopathy, lethal, due to defective mitochondrial peroxisomal fission 1",False,False,19,chr12,32705844,+,False,False,False,
ALPL,NM_000478.6,102,N,K,AAC,3,AAA,exact nucleotide concordance,3897563,"criteria provided, single submitter",1,Hypophosphatasia,False,False,8,chr1,21563118,+,True,False,True,WildType
SMARCB1,NM_003073.5,366,R,S,CGC,1,AGC,exact nucleotide concordance,3897791,"criteria provided, multiple submitters, no conflicts",2,"Intellectual disability, autosomal dominant 15",True,False,22,chr22,23833681,+,True,False,True,WildType
IRF6,NM_006147.4,39,P,H,CCC,2,CAC,exact nucleotide concordance,3898627,"criteria provided, single submitter",1,not provided,False,False,58,chr1,209801298,-,True,False,True,Vivo;WildType
KCNQ1,NM_000218.3,365,N,K,AAC,3,AAA,"same-position, alternate-base convergence",3898708,"criteria provided, single submitter",1,not provided,False,False,33,chr11,2585274,+,True,False,True,WildType
FOXF1,NM_001451.3,82,F,L,TTC,3,TTA,exact nucleotide concordance,3899466,"criteria provided, single submitter",1,not provided,False,False,245,chr16,86510815,+,False,False,False,
GREB1L,NM_001142966.3,1451,F,L,TTC,3,TTA,exact nucleotide concordance,3900002,no assertion criteria provided,0,Renal hypodysplasia/aplasia 3,False,False,15,chr18,21505934,+,True,False,True,Vitro
SAMD9,NM_017654.4,937,Q,K,CAG,1,AAG,exact nucleotide concordance,3901292,"criteria provided, single submitter",1,MIRAGE syndrome,False,False,1961,chr7,93103289,-,False,False,False,
SLC26A4,NM_000441.2,421,Q,K,CAG,1,AAG,exact nucleotide concordance,3901481,"criteria provided, single submitter",1,not provided,False,True,2,chr7,107690235,+,False,False,False,
PHEX,NM_000444.6,671,P,T,CCT,1,ACT,exact nucleotide concordance,3901531,"criteria provided, single submitter",1,not provided,False,False,45,chrX,22227552,+,True,False,True,Vivo
GRIN2B,NM_000834.5,628,S,Y,TCC,2,TAC,exact nucleotide concordance,3901889,"criteria provided, single submitter",1,"Developmental and epileptic encephalopathy, 27",False,False,102,chr12,13608730,-,False,False,False,
COQ4,NM_016035.5,144,T,N,ACC,2,AAC,exact nucleotide concordance,3906251,"criteria provided, single submitter",1,Neonatal encephalomyopathy-cardiomyopathy-respiratory distress syndrome,False,False,28,chr9,128332181,+,True,False,True,Vitro;Vivo
SPTBN1,NM_003128.3,157,F,L,TTC,3,TTA,"same-position, alternate-base convergence",3906255,"criteria provided, single submitter",1,"Developmental delay, impaired speech, and behavioral abnormalities",False,True,3,chr2,54612331,+,True,False,True,Vitro;WildType
LMNA,NM_005572.4,62,R,S,CGC,1,AGC,exact nucleotide concordance,3907369,"criteria provided, multiple submitters, no conflicts",2,Primary familial dilated cardiomyopathy|Charcot-Marie-Tooth disease type 2,True,False,172,chr1,156115102,+,False,False,False,
TYR,NM_000372.5,490,A,D,GCC,2,GAC,exact nucleotide concordance,3907545,"criteria provided, multiple submitters, no conflicts",2,Oculocutaneous albinism|Oculocutaneous albinism type 1,True,False,102,chr11,89295245,+,False,False,False,
WDFY3,NM_014991.6,2626,P,H,CCT,2,CAT,exact nucleotide concordance,3910528,"criteria provided, single submitter",1,not provided,False,True,1,chr4,84715382,-,False,False,False,
ATP2A2,NM_170665.4,39,N,K,AAC,3,AAA,exact nucleotide concordance,3911752,"criteria provided, single submitter",1,not provided,False,True,1,chr12,110281906,+,True,False,True,WildType
GPR143,NM_000273.3,4,P,Q,CCG,2,CAG,exact nucleotide concordance,3911891,"criteria provided, single submitter",1,not provided,False,False,10,chrX,9765807,-,False,False,False,
TMEM63B,NM_018426.3,481,T,N,ACC,2,AAC,exact nucleotide concordance,3910004,no assertion criteria provided,0,Developmental and epileptic encephalopathy 118,False,False,28,chr6,44149887,+,True,False,True,Vivo
ACTB,NM_001101.5,331,A,D,GCT,2,GAT,exact nucleotide concordance,4056392,"criteria provided, single submitter",1,Baraitser-Winter syndrome 1,False,False,7,chr7,5527884,-,True,False,True,WildType
TBL1XR1,NM_024665.7,230,S,Y,TCT,2,TAT,exact nucleotide concordance,4056394,"criteria provided, single submitter",1,"Intellectual disability, autosomal dominant 41",False,False,13,chr3,177050010,-,True,False,True,WildType
NDUFAF5,NM_024120.5,55,Q,K,CAG,1,AAG,exact nucleotide concordance,4056399,"criteria provided, single submitter",1,"Mitochondrial complex I deficiency, nuclear type 16",False,False,59,chr20,13785231,+,False,False,False,
EFTUD2,NM_004247.4,778,P,T,CCC,1,ACC,exact nucleotide concordance,4056430,"criteria provided, single submitter",1,Mandibulofacial dysostosis-microcephaly syndrome,False,False,15,chr17,44854284,-,True,False,True,Vivo;WildType
GATA4,NM_001308093.3,274,N,K,AAC,3,AAA,exact nucleotide concordance,4056434,"criteria provided, single submitter",1,Atrial septal defect 2,False,False,35,chr8,11750146,+,False,False,False,
ATG4D,NM_032885.6,295,A,D,GCC,2,GAC,exact nucleotide concordance,4057230,no assertion criteria provided,0,Spermatogenic failure 101,False,False,48,chr19,10548952,+,False,False,False,
RMND1,NM_017909.4,373,P,H,CCT,2,CAT,exact nucleotide concordance,4057264,no assertion criteria provided,0,Autosomal recessive Combined oxidative phosphorylation deficiency 11,False,False,38,chr6,151417361,-,False,False,False,
SIAH1,NM_003031.4,96,F,L,TTC,3,TTA,"same-position, alternate-base convergence",4057265,no assertion criteria provided,0,Buratti-Harel syndrome,False,False,287,chr16,48362141,-,True,False,True,Vitro
EHMT2,NM_006709.5,1158,F,L,TTC,3,TTA,different-position convergence,4057267,"criteria provided, single submitter",1,Kleefstra-like syndrome,False,False,19,chr6,31880245,-,False,False,False,
STAR,NM_000349.3,148,N,K,AAC,3,AAA,exact nucleotide concordance,4062012,"criteria provided, single submitter",1,Congenital lipoid adrenal hyperplasia due to STAR deficency,False,False,21,chr8,38146310,-,True,False,True,Vitro;Vivo
CPS1,NM_001875.5,812,A,D,GCT,2,GAT,exact nucleotide concordance,4065330,"criteria provided, single submitter",1,"Congenital hyperammonemia, type I",False,False,43,chr2,210612160,+,False,False,False,
FKRP,NM_024301.5,312,R,S,CGC,1,AGC,exact nucleotide concordance,4068103,"criteria provided, single submitter",1,Autosomal recessive limb-girdle muscular dystrophy type 2I|Walker-Warburg congenital muscular dystrophy,False,False,554,chr19,46756384,+,False,False,False,
LDLR,NM_000527.5,211,H,Q,CAC,3,CAA,"same-position, alternate-base convergence",4069778,"criteria provided, single submitter",1,Familial hypercholesterolemia,False,False,61,chr19,11105539,+,True,False,True,Vivo;WildType
PYGM,NM_005609.4,365,A,E,GCG,2,GAG,exact nucleotide concordance,4060643,"criteria provided, single submitter",1,"Glycogen storage disease, type V",False,True,1,chr11,64754024,-,False,False,False,
PDHA1,NM_000284.4,110,P,H,CCC,2,CAC,exact nucleotide concordance,4070308,no assertion criteria provided,0,Pyruvate dehydrogenase E1-alpha deficiency,False,False,37,chrX,19351318,+,False,False,False,
PDHA1,NM_000284.4,121,H,Q,CAC,3,CAA,exact nucleotide concordance,4070311,no assertion criteria provided,0,Pyruvate dehydrogenase E1-alpha deficiency,False,False,55,chrX,19351352,+,True,False,True,Vitro;Vivo;WildType
PDHA1,NM_000284.4,217,P,T,CCT,1,ACT,exact nucleotide concordance,4070353,no assertion criteria provided,0,Pyruvate dehydrogenase E1-alpha deficiency,False,False,45,chrX,19355394,+,False,False,False,
PDHA1,NM_000284.4,231,T,K,ACG,2,AAG,exact nucleotide concordance,4070359,no assertion criteria provided,0,Pyruvate dehydrogenase E1-alpha deficiency,False,False,67,chrX,19355437,+,False,False,False,
PDHA1,NM_000284.4,288,R,S,CGT,1,AGT,exact nucleotide concordance,4070377,no assertion criteria provided,0,Pyruvate dehydrogenase E1-alpha deficiency,False,False,30,chrX,19357682,+,False,False,False,
PDHA1,NM_000284.4,296,D,E,GAC,3,GAA,"same-position, alternate-base convergence",4070381,no assertion criteria provided,0,Pyruvate dehydrogenase E1-alpha deficiency,False,False,11,chrX,19357708,+,True,False,True,WildType
PDHA1,NM_000284.4,88,R,S,CGT,1,AGT,exact nucleotide concordance,4070443,no assertion criteria provided,0,Pyruvate dehydrogenase E1-alpha deficiency,False,False,29,chrX,19350081,+,False,False,False,
GCK,NM_000162.5,156,H,N,CAC,1,AAC,exact nucleotide concordance,4070585,"criteria provided, single submitter",1,not provided,False,False,17,chr7,44150973,-,True,False,True,Vivo
B3GALT1,NM_020981.4,134,S,R,AGC,3,AGA,"same-position, alternate-base convergence",4070970,no assertion criteria provided,0,"Hypercholesterolemia, familial, 1",False,False,401,chr2,167869441,+,False,False,False,
TNNI3,NM_000363.5,157,A,E,GCG,2,GAG,exact nucleotide concordance,4072018,"criteria provided, single submitter",1,Dilated cardiomyopathy 1FF,False,False,79,chr19,55154109,-,True,False,True,Vivo;WildType
VCP,NM_007126.5,188,P,H,CCT,2,CAT,exact nucleotide concordance,4072034,"criteria provided, single submitter",1,Inclusion body myopathy with Paget disease of bone and frontotemporal dementia type 1,False,False,13,chr9,35065264,-,False,False,False,
FOXG1,NM_005249.5,227,N,K,AAC,3,AAA,exact nucleotide concordance,4072113,"criteria provided, single submitter",1,Microcephaly,False,False,680,chr14,28767960,+,False,False,False,
FLNC,NM_001458.5,1940,S,R,AGC,3,AGA,"same-position, alternate-base convergence",4072413,"criteria provided, single submitter",1,Hypertrophic cardiomyopathy 26,False,False,22,chr7,128851606,+,True,False,True,Vivo;WildType
MMP21,NM_147191.1,420,D,E,GAC,3,GAA,"same-position, alternate-base convergence",4075076,"criteria provided, single submitter",1,Congenital heart disease,False,False,22,chr10,125767682,-,False,False,False,
AGA,NM_000027.4,32,N,K,AAC,3,AAA,exact nucleotide concordance,4075197,"criteria provided, single submitter",1,Intellectual disability,False,False,31,chr4,177442280,-,False,False,False,
XPO1,NM_003400.4,448,T,K,ACA,2,AAA,exact nucleotide concordance,4073396,"criteria provided, single submitter",1,XPO1-associated Neurodevelopmental Disorder,False,False,41,chr2,61492956,-,True,False,True,Vivo
PROP1,NM_006261.5,122,A,D,GCT,2,GAT,exact nucleotide concordance,4073474,no assertion criteria provided,0,"Pituitary hormone deficiency, combined, 2",False,False,22,chr5,177993025,-,True,False,True,WildType
PROP1,NM_006261.5,132,L,I,CTT,1,ATT,exact nucleotide concordance,4073475,no assertion criteria provided,0,"Pituitary hormone deficiency, combined, 2",False,False,51,chr5,177992996,-,True,False,True,Vitro;WildType
PROP1,NM_006261.5,202,P,H,CCT,2,CAT,exact nucleotide concordance,4073479,no assertion criteria provided,0,"Pituitary hormone deficiency, combined, 2",False,False,76,chr5,177992785,-,True,False,True,Vitro;Vivo;WildType
PROP1,NM_006261.5,190,Q,K,CAG,1,AAG,exact nucleotide concordance,4073485,no assertion criteria provided,0,"Pituitary hormone deficiency, combined, 2",False,False,113,chr5,177992822,-,False,False,False,
PROP1,NM_006261.5,193,D,E,GAC,3,GAA,"same-position, alternate-base convergence",4073486,no assertion criteria provided,0,"Pituitary hormone deficiency, combined, 2",False,False,102,chr5,177992811,-,False,False,False,
PROP1,NM_006261.5,200,P,T,CCA,1,ACA,exact nucleotide concordance,4073491,no assertion criteria provided,0,"Pituitary hormone deficiency, combined, 2",False,False,83,chr5,177992792,-,True,False,True,Vitro;Vivo;WildType
PROP1,NM_006261.5,134,P,H,CCT,2,CAT,exact nucleotide concordance,4073501,no assertion criteria provided,0,"Pituitary hormone deficiency, combined, 2",False,False,58,chr5,177992989,-,True,False,True,Vitro;WildType
GRIN2A,NM_001134407.3,637,F,L,TTC,3,TTA,different-position convergence,4073637,"criteria provided, single submitter",1,Seizure,False,False,98,chr16,9829521,-,True,False,True,
SCN3A,NM_006922.4,201,A,E,GCA,2,GAA,exact nucleotide concordance,4073661,"criteria provided, single submitter",1,Seizure,False,True,0,chr2,165164392,-,True,False,True,WildType
KCNQ2,NM_172107.4,223,S,Y,TCT,2,TAT,exact nucleotide concordance,4073662,"criteria provided, single submitter",1,Seizure,False,False,22,chr20,63444681,-,False,False,False,
SCN1A,NM_001165963.4,1739,P,T,CCC,1,ACC,exact nucleotide concordance,4073683,"criteria provided, single submitter",1,Seizure,False,False,362,chr2,165992060,-,True,False,True,Vivo;WildType
AARS1,NM_001605.3,608,T,K,ACG,2,AAG,exact nucleotide concordance,4075438,"criteria provided, single submitter",1,not provided,False,False,37,chr16,70259149,-,True,False,True,WildType
SLC22A5,NM_003060.4,187,Q,K,CAG,1,AAG,exact nucleotide concordance,4075840,"criteria provided, single submitter",1,Renal carnitine transport defect,False,False,61,chr5,132384208,+,True,False,True,Vivo
GCH1,NM_000161.3,182,Q,K,CAG,1,AAG,exact nucleotide concordance,4075841,no assertion criteria provided,0,Dystonia 5,False,True,2,chr14,54845850,-,True,False,True,WildType
SLC22A5,NM_003060.4,213,A,E,GCA,2,GAA,exact nucleotide concordance,4075844,"criteria provided, single submitter",1,Renal carnitine transport defect,False,False,14,chr5,132384287,+,True,False,True,Vitro
ELANE,NM_001972.4,57,A,D,GCC,2,GAC,exact nucleotide concordance,4076134,no assertion criteria provided,0,"Neutropenia, severe congenital, 1, autosomal dominant",False,False,54,chr19,852978,+,False,False,False,
ELANE,NM_001972.4,127,A,D,GCC,2,GAC,exact nucleotide concordance,4076148,no assertion criteria provided,0,"Neutropenia, severe congenital, 1, autosomal dominant",False,False,13,chr19,855577,+,True,False,True,Vitro
SCN1A,NM_001165963.4,993,S,R,AGC,3,AGA,"same-position, alternate-base convergence",4077373,"criteria provided, single submitter",1,not provided,False,False,32,chr2,166036498,-,True,False,True,WildType
MC4R,NM_005912.3,139,S,R,AGC,3,AGA,exact nucleotide concordance,4077401,no assertion criteria provided,0,adipositas,False,False,416,chr18,60371933,-,False,False,False,
GAMT,NM_000156.6,231,P,H,CCC,2,CAC,exact nucleotide concordance,4081414,"criteria provided, single submitter",1,Deficiency of guanidinoacetate methyltransferase,False,False,19,chr19,1397378,-,False,False,False,
RYR1,NM_000540.3,4921,F,L,TTC,3,TTA,exact nucleotide concordance,4077477,"criteria provided, single submitter",1,not provided,False,False,40,chr19,38585059,+,False,False,False,
SCN1A,NM_001165963.4,1722,T,N,ACC,2,AAC,exact nucleotide concordance,4077484,"criteria provided, single submitter",1,not provided,False,False,312,chr2,165992110,-,True,False,True,WildType
IARS1,NM_002161.6,553,P,H,CCT,2,CAT,exact nucleotide concordance,4081860,"criteria provided, single submitter",1,"Growth retardation, intellectual developmental disorder, hypotonia, and hepatopathy",False,False,42,chr9,92264971,-,False,False,False,
MCOLN1,NM_020533.3,515,A,E,GCG,2,GAG,exact nucleotide concordance,4082035,no assertion criteria provided,0,Mucolipidosis type IV,False,False,31,chr19,7530470,+,True,False,True,WildType
POLD1,NM_002691.4,478,S,R,AGC,3,AGA,different-position convergence,4082309,"criteria provided, single submitter",1,Hereditary cancer-predisposing syndrome,False,False,48,chr19,50406455,+,True,False,True,
LMX1B,NM_001174147.2,137,H,Q,CAC,3,CAA,exact nucleotide concordance,4082344,"criteria provided, single submitter",1,Nail-patella syndrome,False,False,84,chr9,126690920,+,True,True,True,Vivo
SOX11,NM_003108.4,102,A,E,GCG,2,GAG,exact nucleotide concordance,4082371,"criteria provided, multiple submitters, no conflicts",2,Intellectual developmental disorder with microcephaly and with or without ocular malformations or hypogonadotropic hypogonadism|not provided,True,False,304,chr2,5693026,+,False,False,False,
HSD17B4,NM_000414.4,549,A,E,GCA,2,GAA,exact nucleotide concordance,4083435,"criteria provided, single submitter",1,not provided,False,False,34,chr5,119525989,+,True,False,True,WildType
ELFN1,NM_001128636.4,50,P,H,CCC,2,CAC,exact nucleotide concordance,4083482,no assertion criteria provided,0,Dursun-Ozgul neurodevelopmental syndrome,False,False,148,chr7,1744745,+,False,True,True,
EHMT1,NM_024757.5,846,A,D,GCT,2,GAT,exact nucleotide concordance,4086085,"criteria provided, single submitter",1,Kleefstra syndrome 1,False,False,31,chr9,137798844,+,True,False,True,Vitro
HPRT1,NM_000194.3,162,S,R,AGC,3,AGA,"same-position, alternate-base convergence",4086105,"criteria provided, single submitter",1,Lesch-Nyhan syndrome,False,True,0,chrX,134498390,+,False,False,False,
ALPL,NM_000478.6,109,D,E,GAC,3,GAA,exact nucleotide concordance,4086795,"criteria provided, multiple submitters, no conflicts",2,Hypophosphatasia,True,False,29,chr1,21563139,+,True,False,True,WildType
ALPL,NM_000478.6,134,T,N,ACT,2,AAT,exact nucleotide concordance,4086804,"criteria provided, single submitter",1,Hypophosphatasia,False,False,71,chr1,21563213,+,False,False,False,
ALPL,NM_000478.6,290,F,L,TTC,3,TTA,"same-position, alternate-base convergence",4086840,"criteria provided, multiple submitters, no conflicts",2,Hypophosphatasia,True,False,7,chr1,21573672,+,True,False,True,Vitro;Vivo;WildType
ALPL,NM_000478.6,328,F,L,TTC,3,TTA,different-position convergence,4086850,"criteria provided, single submitter",1,Hypophosphatasia,False,False,15,chr1,21573784,+,True,False,True,
ALPL,NM_000478.6,348,A,D,GCC,2,GAC,exact nucleotide concordance,4086860,"criteria provided, multiple submitters, no conflicts",2,Hypophosphatasia,True,False,45,chr1,21575778,+,False,False,False,
ALPL,NM_000478.6,371,T,N,ACT,2,AAT,exact nucleotide concordance,4086868,"criteria provided, single submitter",1,Hypophosphatasia,False,False,77,chr1,21575847,+,True,False,True,WildType
ALPL,NM_000478.6,379,H,N,CAT,1,AAT,exact nucleotide concordance,4086869,"criteria provided, single submitter",1,Hypophosphatasia,False,False,54,chr1,21575870,+,False,False,False,
ALPL,NM_000478.6,443,A,E,GCG,2,GAG,exact nucleotide concordance,4086895,"criteria provided, single submitter",1,Hypophosphatasia,False,False,18,chr1,21577401,+,False,False,False,
GLA,NM_000169.3,69,F,L,TTC,3,TTA,different-position convergence,4087300,"criteria provided, single submitter",1,Fabry disease,False,False,10,chrX,101403975,-,False,False,False,
GLA,NM_000169.3,73,A,E,GCA,2,GAA,exact nucleotide concordance,4087306,"criteria provided, single submitter",1,Fabry disease,False,False,23,chrX,101403962,-,False,False,False,
GLA,NM_000169.3,93,D,E,GAC,3,GAA,"same-position, alternate-base convergence",4087324,"criteria provided, single submitter",1,Fabry disease,False,False,84,chrX,101403901,-,True,False,True,Vivo
GLA,NM_000169.3,141,T,N,ACC,2,AAC,exact nucleotide concordance,4087366,"criteria provided, single submitter",1,Fabry disease,False,False,52,chrX,101401757,-,False,False,False,
GLA,NM_000169.3,160,A,D,GCT,2,GAT,exact nucleotide concordance,4087382,"criteria provided, single submitter",1,Fabry disease,False,False,68,chrX,101401700,-,False,False,False,
GLA,NM_000169.3,201,S,Y,TCC,2,TAC,exact nucleotide concordance,4087427,"criteria provided, single submitter",1,Fabry disease,False,False,37,chrX,101400703,-,False,False,False,
GLA,NM_000169.3,235,S,Y,TCC,2,TAC,exact nucleotide concordance,4087474,"criteria provided, single submitter",1,Fabry disease,False,False,64,chrX,101398882,-,True,False,True,WildType
GLA,NM_000169.3,257,A,D,GCT,2,GAT,exact nucleotide concordance,4087498,"criteria provided, single submitter",1,Fabry disease,False,False,31,chrX,101398816,-,False,False,False,
GLA,NM_000169.3,279,Q,K,CAG,1,AAG,exact nucleotide concordance,4087541,"criteria provided, single submitter",1,Fabry disease,False,False,33,chrX,101398534,-,True,False,True,WildType
GLA,NM_000169.3,280,Q,K,CAA,1,AAA,exact nucleotide concordance,4087544,"criteria provided, single submitter",1,Fabry disease,False,False,36,chrX,101398531,-,True,False,True,WildType
GLA,NM_000169.3,285,A,D,GCC,2,GAC,exact nucleotide concordance,4087551,"criteria provided, single submitter",1,Fabry disease,False,False,52,chrX,101398515,-,True,False,True,WildType
GLA,NM_000169.3,293,P,H,CCT,2,CAT,exact nucleotide concordance,4087563,"criteria provided, single submitter",1,Fabry disease,False,False,76,chrX,101398491,-,True,False,True,Vitro
GLA,NM_000169.3,40,P,H,CCT,2,CAT,exact nucleotide concordance,4087564,"criteria provided, single submitter",1,Fabry disease,False,False,75,chrX,101407785,-,True,False,True,Vivo
GLA,NM_000169.3,293,P,T,CCT,1,ACT,exact nucleotide concordance,4087565,"criteria provided, single submitter",1,Fabry disease,False,False,75,chrX,101398492,-,True,False,True,Vitro
GLA,NM_000169.3,352,A,D,GCT,2,GAT,exact nucleotide concordance,4087626,"criteria provided, single submitter",1,Fabry disease,False,False,55,chrX,101398044,-,True,False,True,WildType
GLA,NM_000169.3,355,N,K,AAC,3,AAA,exact nucleotide concordance,4087629,"criteria provided, single submitter",1,Fabry disease,False,False,65,chrX,101398034,-,True,False,True,WildType
GLA,NM_000169.3,377,A,D,GCC,2,GAC,exact nucleotide concordance,4087643,"criteria provided, single submitter",1,Fabry disease,False,False,130,chrX,101397969,-,False,False,False,
GLA,NM_000169.3,409,P,T,CCC,1,ACC,exact nucleotide concordance,4087665,"criteria provided, multiple submitters, no conflicts",2,Fabry disease,True,False,65,chrX,101397874,-,False,False,False,
GLA,NM_000169.3,412,T,N,ACT,2,AAT,exact nucleotide concordance,4087670,"criteria provided, single submitter",1,Fabry disease,False,False,55,chrX,101397864,-,False,False,False,
TP53,NM_000546.6,239,N,K,AAC,3,AAA,exact nucleotide concordance,4189258,"criteria provided, single submitter",1,Hereditary cancer-predisposing syndrome,False,False,44,chr17,7674246,-,True,False,True,Vivo
BRSK2,NM_001256627.2,184,P,H,CCC,2,CAC,exact nucleotide concordance,4216379,"criteria provided, single submitter",1,Inborn genetic diseases,False,False,13,chr11,1443126,+,False,True,True,
RYR1,NM_000540.3,2234,R,S,CGC,1,AGC,exact nucleotide concordance,4277460,"criteria provided, single submitter",1,King Denborough syndrome,False,False,36,chr19,38496445,+,True,False,True,Vivo
ABCC8,NM_000352.6,478,A,D,GCC,2,GAC,exact nucleotide concordance,4277582,"criteria provided, single submitter",1,"Hyperinsulinemic hypoglycemia, familial, 1",False,False,34,chr11,17443212,-,False,False,False,
ATP8B1,NM_001374385.1,213,L,I,CTC,1,ATC,exact nucleotide concordance,4277624,"criteria provided, single submitter",1,"Cholestasis, intrahepatic, of pregnancy, 1",False,False,9,chr18,57697679,-,True,False,True,Vitro;WildType
EEF1A2,NM_001958.5,343,Q,K,CAG,1,AAG,exact nucleotide concordance,4277778,"criteria provided, single submitter",1,"Intellectual disability, autosomal dominant 38",False,True,2,chr20,63490481,-,False,False,False,
MYO5B,NM_001080467.3,471,F,L,TTC,3,TTA,different-position convergence,4277796,"criteria provided, single submitter",1,Congenital microvillous atrophy,False,False,6,chr18,49962400,-,True,False,True,
ATP1A2,NM_000702.4,690,T,K,ACG,2,AAG,exact nucleotide concordance,4277857,"criteria provided, single submitter",1,"Migraine, familial hemiplegic, 2",False,False,46,chr1,160135249,+,True,False,True,WildType
HMGCS2,NM_005518.4,311,S,Y,TCT,2,TAT,exact nucleotide concordance,4278298,"criteria provided, single submitter",1,3-hydroxy-3-methylglutaryl-CoA synthase deficiency,False,False,81,chr1,119757357,-,True,False,True,Vitro
KITLG,NM_000899.5,34,T,N,ACT,2,AAT,exact nucleotide concordance,4278563,"criteria provided, single submitter",1,not provided,False,False,28,chr12,88545780,-,False,False,False,
PRF1,NM_001083116.3,148,A,D,GCC,2,GAC,exact nucleotide concordance,4278565,"criteria provided, single submitter",1,not provided,False,False,96,chr10,70600460,-,False,False,False,
SIX1,NM_005982.4,174,N,K,AAC,3,AAA,"same-position, alternate-base convergence",4278572,"criteria provided, multiple submitters, no conflicts",2,not provided|Branchiootic syndrome 2,True,False,38,chr14,60648668,-,False,False,False,
PTPN11,NM_002834.5,458,H,Q,CAC,3,CAA,"same-position, alternate-base convergence",4278637,"criteria provided, single submitter",1,not provided,False,False,5,chr12,112486624,+,True,False,True,Vivo;WildType
CPS1,NM_001875.5,592,L,M,CTG,1,ATG,exact nucleotide concordance,4279031,"criteria provided, single submitter",1,"Congenital hyperammonemia, type I",False,False,62,chr2,210602268,+,False,False,False,
TCIRG1,NM_006019.4,339,S,R,AGC,3,AGA,exact nucleotide concordance,4279069,no assertion criteria provided,0,Autosomal recessive osteopetrosis 1,False,True,3,chr11,68044341,+,False,False,False,
NOD2,NM_001370466.1,782,Q,K,CAG,1,AAG,exact nucleotide concordance,4279075,no assertion criteria provided,0,Blau syndrome,False,False,37,chr16,50712336,+,True,False,True,WildType
RS1,NM_000330.4,141,R,S,CGC,1,AGC,exact nucleotide concordance,4279569,reviewed by expert panel,3,Juvenile retinoschisis,True,False,94,chrX,18644531,-,True,False,True,Vitro;WildType
MTOR,NM_004958.4,2102,D,E,GAC,3,GAA,exact nucleotide concordance,4279701,"criteria provided, single submitter",1,MTOR-related disorder,False,False,45,chr1,11127055,-,True,False,True,Vivo;WildType
C3,NM_000064.4,1094,A,D,GCC,2,GAC,exact nucleotide concordance,4280193,"criteria provided, single submitter",1,Atypical hemolytic-uremic syndrome,False,False,50,chr19,6693033,-,False,False,False,
CFB,NM_001710.6,367,S,R,AGC,3,AGA,"same-position, alternate-base convergence",4280406,"criteria provided, single submitter",1,Atypical hemolytic-uremic syndrome,False,False,64,chr6,31948894,+,False,False,False,
ABCD1,NM_000033.4,396,A,E,GCA,2,GAA,exact nucleotide concordance,4280627,"criteria provided, single submitter",1,Adrenoleukodystrophy,False,False,37,chrX,153736217,+,False,False,False,
EFTUD2,NM_004247.4,183,S,R,AGC,3,AGA,"same-position, alternate-base convergence",4280648,"criteria provided, single submitter",1,Mandibulofacial dysostosis-microcephaly syndrome,False,False,20,chr17,44880624,-,False,False,False,
STUB1,NM_005861.4,131,F,L,TTC,3,TTA,exact nucleotide concordance,4280814,"criteria provided, single submitter",1,not provided,False,False,34,chr16,681472,+,False,False,False,
SMARCA2,NM_003070.5,1146,S,R,AGC,3,AGA,"same-position, alternate-base convergence",4281483,"criteria provided, single submitter",1,not provided,False,False,18,chr9,2110399,+,False,False,False,
SRY,NM_003140.3,113,A,E,GCA,2,GAA,exact nucleotide concordance,4281671,"criteria provided, single submitter",1,Differences in sex development,False,False,277,chrY,2787266,-,False,False,False,
CFH,NM_000186.4,53,R,S,CGC,1,AGC,exact nucleotide concordance,4291433,"criteria provided, single submitter",1,Atypical hemolytic-uremic syndrome,False,False,87,chr1,196673076,+,False,False,False,
CFH,NM_000186.4,88,P,T,CCT,1,ACT,exact nucleotide concordance,4291558,"criteria provided, single submitter",1,Factor H deficiency,False,False,17,chr1,196673874,+,False,False,False,
CACNA1C,NM_000719.7,567,F,L,TTC,3,TTA,"same-position, alternate-base convergence",4292479,"criteria provided, single submitter",1,"Neurodevelopmental disorder with hypotonia, language delay, and skeletal defects with or without seizures",False,False,31,chr12,2567600,+,False,False,False,
PIK3CA,NM_006218.4,1052,T,K,ACA,2,AAA,exact nucleotide concordance,4292889,"criteria provided, single submitter",1,PIK3CA-related disorder,False,False,52,chr3,179234312,+,True,False,True,Vivo;WildType
NOD2,NM_001370466.1,576,H,N,CAC,1,AAC,exact nucleotide concordance,4292961,"criteria provided, single submitter",1,Blau syndrome,False,False,655,chr16,50711718,+,False,False,False,
SMARCA2,NM_003070.5,1160,A,D,GCT,2,GAT,exact nucleotide concordance,4293260,"criteria provided, single submitter",1,Nicolaides-Baraitser syndrome,False,False,22,chr9,2115844,+,True,False,True,Vitro;Vivo
SCN8A,NM_001330260.2,1795,F,L,TTC,3,TTA,different-position convergence,4293383,"criteria provided, single submitter",1,"Developmental and epileptic encephalopathy, 13",False,False,560,chr12,51806869,+,False,False,False,
SCN8A,NM_001330260.2,1323,A,D,GCC,2,GAC,exact nucleotide concordance,4293410,"criteria provided, single submitter",1,SCN8A-related disorder,False,False,25,chr12,51786567,+,False,False,False,
SGCA,NM_000023.4,64,A,D,GCC,2,GAC,exact nucleotide concordance,4293792,"criteria provided, single submitter",1,Autosomal recessive limb-girdle muscular dystrophy type 2D,False,False,33,chr17,50167615,+,True,False,True,Vivo
SOX11,NM_003108.4,114,P,H,CCC,2,CAC,exact nucleotide concordance,4293973,"criteria provided, single submitter",1,Intellectual developmental disorder with microcephaly and with or without ocular malformations or hypogonadotropic hypogonadism,False,False,340,chr2,5693062,+,False,False,False,
PBX1,NM_002585.4,252,F,L,TTC,3,TTA,different-position convergence,4294371,"criteria provided, single submitter",1,"Congenital anomalies of kidney and urinary tract syndrome with or without hearing loss, abnormal ears, or developmental delay",False,False,52,chr1,164807594,+,True,False,True,
PLCB4,NM_001377142.1,360,D,E,GAC,3,GAA,"same-position, alternate-base convergence",4294389,"criteria provided, single submitter",1,Auriculocondylar syndrome 2,False,False,15,chr20,9387478,+,False,False,False,
EDA,NM_001399.5,306,Q,K,CAG,1,AAG,exact nucleotide concordance,4495877,"criteria provided, single submitter",1,"Thyroid cancer, nonmedullary, 1|Hypohidrotic X-linked ectodermal dysplasia",False,False,8,chrX,70033520,+,True,False,True,WildType
SETD1B,NM_001353345.2,1748,R,S,CGC,1,AGC,exact nucleotide concordance,4526184,"criteria provided, single submitter",1,Intellectual developmental disorder with seizures and language delay,False,False,71,chr12,121825271,+,True,False,True,WildType
SGCB,NM_000232.5,181,S,R,AGC,3,AGA,"same-position, alternate-base convergence",4526261,"criteria provided, single submitter",1,Autosomal recessive limb-girdle muscular dystrophy,False,False,78,chr4,52028808,-,False,False,False,
ANK1,NM_000037.4,1057,T,N,ACC,2,AAC,exact nucleotide concordance,4526380,"criteria provided, single submitter",1,Hereditary spherocytosis type 1,False,False,54,chr8,41694749,-,False,False,False,
NEUROG1,NM_006161.3,100,R,S,CGC,1,AGC,exact nucleotide concordance,4526418,"criteria provided, single submitter",1,"Cranial dysinnervation disorder, congenital, with absent corneal reflex and developmental delay",False,False,297,chr5,135535393,-,False,False,False,
PLA2G6,NM_003560.4,646,P,H,CCC,2,CAC,exact nucleotide concordance,4526586,"criteria provided, single submitter",1,PLA2G6-associated neurodegeneration (PLAN),False,False,57,chr22,38115624,-,False,False,False,
COL1A1,NM_000088.4,555,P,T,CCC,1,ACC,exact nucleotide concordance,4526692,"criteria provided, single submitter",1,Osteogenesis imperfecta type I,False,False,5,chr17,50194135,-,True,True,True,Vivo
SLC7A9,NM_014270.5,237,Q,K,CAA,1,AAA,exact nucleotide concordance,4526834,"criteria provided, single submitter",1,Cystinuria,False,False,4,chr19,32860646,-,True,False,True,WildType
HNF4A,NM_175914.5,85,D,E,GAC,3,GAA,exact nucleotide concordance,4526861,"criteria provided, single submitter",1,Maturity-onset diabetes of the young type 1;Type 2 diabetes mellitus;Fanconi renotubular syndrome 4 with maturity-onset diabetes of the young,False,False,30,chr20,44407411,+,True,False,True,Vitro;WildType
SCN8A,NM_001330260.2,1405,A,D,GCC,2,GAC,exact nucleotide concordance,4528278,"criteria provided, single submitter",1,not provided,False,False,13,chr12,51786813,+,False,False,False,
MED13,NM_005121.3,326,T,K,ACA,2,AAA,exact nucleotide concordance,4528344,"criteria provided, single submitter",1,Intellectual developmental disorder 61,False,False,32,chr17,62031476,-,True,False,True,Vitro
OAS2,NM_002535.3,524,F,L,TTC,3,TTA,"same-position, alternate-base convergence",4528895,no assertion criteria provided,0,Autoinflammation and autoimmunity with immune dysregulation 2,False,False,84,chr12,113006516,+,False,False,False,
CPS1,NM_001875.5,1391,T,K,ACG,2,AAG,exact nucleotide concordance,4528922,"criteria provided, single submitter",1,"Congenital hyperammonemia, type I",False,False,10,chr2,210675738,+,False,False,False,
MLH1,NM_000249.4,640,P,H,CCC,2,CAC,exact nucleotide concordance,4529509,"criteria provided, single submitter",1,Lynch syndrome 1,False,False,22,chr3,37048539,+,True,False,True,Vitro;WildType
KMT2C,NM_170606.3,1277,P,Q,CCA,2,CAA,exact nucleotide concordance,4529697,"criteria provided, single submitter",1,not provided,False,False,11,chr7,152207311,-,False,False,False,
SCN1A,NM_001165963.4,791,P,T,CCA,1,ACA,exact nucleotide concordance,4530658,"criteria provided, single submitter",1,Seizure,False,False,44,chr2,166041275,-,False,False,False,
ACTB,NM_001101.5,70,P,T,CCC,1,ACC,exact nucleotide concordance,4530851,"criteria provided, single submitter",1,not provided,False,False,84,chr7,5529316,-,False,False,False,
NT5C2,NM_001351169.2,486,H,N,CAT,1,AAT,exact nucleotide concordance,4531311,"criteria provided, single submitter",1,Hereditary spastic paraplegia 45,False,False,6,chr10,103089902,-,True,False,True,WildType
KERA,NM_007035.4,176,N,K,AAC,3,AAA,"same-position, alternate-base convergence",4531440,"criteria provided, single submitter",1,Cornea plana 2,False,False,358,chr12,91055754,-,False,False,False,
SLC12A3,NM_001126108.2,352,T,K,ACA,2,AAA,exact nucleotide concordance,4531615,"criteria provided, single submitter",1,Familial hypokalemia-hypomagnesemia,False,False,40,chr16,56872746,+,True,False,True,Vitro;Vivo;WildType
SPAST,NM_014946.4,408,A,D,GCT,2,GAT,exact nucleotide concordance,4531859,"criteria provided, single submitter",1,Hereditary spastic paraplegia 4,False,False,22,chr2,32128457,+,False,False,False,
CSF1R,NM_001288705.3,818,P,H,CCT,2,CAT,exact nucleotide concordance,4531974,"criteria provided, single submitter",1,"Leukoencephalopathy, diffuse hereditary, with spheroids 1",False,False,10,chr5,150056127,-,False,False,False,
MEF2C,NM_002397.5,20,T,K,ACA,2,AAA,exact nucleotide concordance,4532004,"criteria provided, single submitter",1,"Neurodevelopmental disorder with hypotonia, stereotypic hand movements, and impaired language",False,False,4,chr5,88804797,-,False,False,False,
ATRX,NM_000489.6,189,H,Q,CAC,3,CAA,exact nucleotide concordance,4532784,"criteria provided, single submitter",1,"Intellectual disability-hypotonic facies syndrome, X-linked, 1",False,False,27,chrX,77688845,-,True,False,True,WildType
COL4A5,NM_033380.3,1656,A,E,GCA,2,GAA,exact nucleotide concordance,4533196,"criteria provided, single submitter",1,X-linked Alport syndrome,False,False,27,chrX,108695412,+,False,False,False,
EGR2,NM_000399.5,384,H,N,CAC,1,AAC,exact nucleotide concordance,4533284,"criteria provided, single submitter",1,Dejerine-Sottas disease,False,False,281,chr10,62813488,-,False,True,True,
SLC39A13,NM_001128225.3,111,S,R,AGC,3,AGA,"same-position, alternate-base convergence",4533311,"criteria provided, single submitter",1,"Ehlers-Danlos syndrome, spondylocheirodysplastic type",False,False,31,chr11,47411957,+,True,False,True,WildType
CPAP,NM_018451.5,1316,T,K,ACG,2,AAG,exact nucleotide concordance,4533324,"criteria provided, single submitter",1,"Microcephaly 1, primary, autosomal recessive",False,False,70,chr13,24883247,-,False,False,False,
RAC2,NM_002872.5,29,P,H,CCC,2,CAC,exact nucleotide concordance,4533860,"criteria provided, single submitter",1,not provided,False,False,21,chr22,37241608,-,False,False,False,
RS1,NM_000330.4,138,T,N,ACC,2,AAC,exact nucleotide concordance,4534628,"criteria provided, single submitter",1,not provided,False,False,86,chrX,18644539,-,True,False,True,Vitro;WildType
SOX11,NM_003108.4,120,P,T,CCC,1,ACC,exact nucleotide concordance,4534813,"criteria provided, single submitter",1,not provided,False,False,357,chr2,5693079,+,False,False,False,
ALOX12B,NM_001139.3,416,N,K,AAC,3,AAA,exact nucleotide concordance,4535766,"criteria provided, single submitter",1,Lamellar ichthyosis,False,False,27,chr17,8077017,-,True,False,True,WildType
SPTBN1,NM_003128.3,671,T,N,ACC,2,AAC,exact nucleotide concordance,4537010,"criteria provided, single submitter",1,"Developmental delay, impaired speech, and behavioral abnormalities",False,False,213,chr2,54629146,+,False,False,False,
PPA2,NM_176869.3,99,P,T,CCT,1,ACT,exact nucleotide concordance,4537396,"criteria provided, single submitter",1,"Sudden cardiac failure, infantile",False,False,26,chr4,105449376,-,False,False,False,
GAMT,NM_000156.6,128,H,Q,CAC,3,CAA,"same-position, alternate-base convergence",4537502,reviewed by expert panel,3,Deficiency of guanidinoacetate methyltransferase,True,False,7,chr19,1399531,-,True,False,True,Vivo
CLDN5,NM_001363066.2,58,S,R,AGC,3,AGA,"same-position, alternate-base convergence",4537854,"criteria provided, single submitter",1,not provided,False,False,173,chr22,19524082,-,False,False,False,
PPP2R1A,NM_014225.6,178,T,N,ACC,2,AAC,exact nucleotide concordance,4537882,"criteria provided, multiple submitters, no conflicts",2,not provided|Houge-Janssens syndrome 2,True,False,29,chr19,52212715,+,False,False,False,
HNRNPR,NM_005826.5,152,P,Q,CCA,2,CAA,exact nucleotide concordance,4540100,"criteria provided, single submitter",1,not provided,False,False,43,chr1,23333561,-,True,False,True,Vivo
CASR,NM_000388.4,183,F,L,TTC,3,TTA,different-position convergence,4540599,"criteria provided, single submitter",1,Familial hyperparathyroidism or Hypocalciuric hypercalcaemia,False,False,54,chr3,122261582,+,True,True,True,
ATP7B,NM_000053.4,760,P,H,CCT,2,CAT,exact nucleotide concordance,4540620,"criteria provided, single submitter",1,Wilson disease,False,False,76,chr13,51958387,-,False,False,False,
EPAS1,NM_001430.5,540,F,L,TTC,3,TTA,"same-position, alternate-base convergence",4540647,"criteria provided, single submitter",1,not provided,False,False,65,chr2,46380292,+,True,False,True,Vitro;Vivo
F11,NM_000128.4,150,T,K,ACG,2,AAG,exact nucleotide concordance,4541022,"criteria provided, single submitter",1,not provided,False,False,36,chr4,186274239,+,True,False,True,WildType
ATP7B,NM_000053.4,1363,S,Y,TCT,2,TAT,exact nucleotide concordance,4541779,"criteria provided, single submitter",1,not provided,False,False,36,chr13,51935629,-,True,False,True,Vivo
ALPL,NM_000478.6,384,T,K,ACA,2,AAA,exact nucleotide concordance,4542551,"criteria provided, single submitter",1,Hypophosphatasia,False,False,38,chr1,21575886,+,False,False,False,
FBXO11,NM_001190274.2,909,T,K,ACA,2,AAA,exact nucleotide concordance,4619821,"criteria provided, single submitter",1,Inborn genetic diseases,False,False,58,chr2,47808176,-,True,False,True,Vitro;WildType
ACTB,NM_001101.5,349,L,M,CTG,1,ATG,exact nucleotide concordance,4681092,"criteria provided, single submitter",1,not provided,False,False,60,chr7,5527831,-,True,False,True,WildType
CASR,NM_000388.4,171,S,R,AGC,3,AGA,"same-position, alternate-base convergence",4682117,"criteria provided, single submitter",1,Familial hyperparathyroidism or Hypocalciuric hypercalcaemia,False,False,20,chr3,122261548,+,True,False,True,Vitro;WildType
ALB,NM_000477.7,242,R,S,CGC,1,AGC,exact nucleotide concordance,4682120,"criteria provided, single submitter",1,Hyperthyroidism,False,False,10,chr4,73412006,+,False,False,False,
RS1,NM_000330.4,179,N,K,AAC,3,AAA,"same-position, alternate-base convergence",4683102,"criteria provided, single submitter",1,Juvenile retinoschisis,False,False,14,chrX,18642142,-,True,False,True,WildType
ZIC2,NM_007129.5,357,H,Q,CAC,3,CAA,"same-position, alternate-base convergence",4685000,"criteria provided, single submitter",1,Holoprosencephaly 5,False,False,4,chr13,99983135,+,False,False,False,
SCN8A,NM_001330260.2,1768,N,K,AAC,3,AAA,exact nucleotide concordance,4685081,"criteria provided, single submitter",1,not provided,False,False,508,chr12,51806790,+,False,False,False,
BAIAP2,NM_001144888.2,340,T,K,ACA,2,AAA,exact nucleotide concordance,4685566,no assertion criteria provided,0,Developmental and epileptic encephalopathy 120,False,False,47,chr17,81104061,+,False,False,False,
DEAF1,NM_021008.4,237,P,T,CCC,1,ACC,exact nucleotide concordance,4686173,"criteria provided, single submitter",1,not provided,False,False,44,chr11,686953,-,True,False,True,Vivo;WildType
NALCN,NM_052867.4,324,T,K,ACA,2,AAA,exact nucleotide concordance,4686594,"criteria provided, single submitter",1,"Congenital contractures of the limbs and face, hypotonia, and developmental delay",False,False,28,chr13,101292066,-,False,False,False,
ABCA4,NM_000350.3,14,N,K,AAC,3,AAA,exact nucleotide concordance,4687186,"criteria provided, single submitter",1,Stargardt disease,False,False,24,chr1,94121004,-,False,False,False,
CHST6,NM_021615.5,54,S,Y,TCC,2,TAC,exact nucleotide concordance,4687723,"criteria provided, single submitter",1,Macular corneal dystrophy,False,False,160,chr16,75479668,-,False,False,False,
ARHGAP19,NM_032900.6,151,Q,K,CAG,1,AAG,exact nucleotide concordance,4687859,no assertion criteria provided,0,"Charcot-Marie-Tooth disease, axonal, type 2KK",False,False,47,chr10,97263582,-,True,False,True,WildType
GCK,NM_000162.5,416,H,Q,CAC,3,CAA,"same-position, alternate-base convergence",4687875,reviewed by expert panel,3,Monogenic diabetes,True,False,5,chr7,44145502,-,False,False,False,
WFS1,NM_006005.3,326,A,E,GCG,2,GAG,exact nucleotide concordance,4687962,"criteria provided, single submitter",1,Autosomal dominant nonsyndromic hearing loss 6,False,False,115,chr4,6300772,+,True,False,True,WildType
PSEN1,NM_000021.4,88,P,H,CCT,2,CAT,exact nucleotide concordance,4689754,"criteria provided, single submitter",1,Alzheimer disease 3,False,False,75,chr14,73170972,+,True,False,True,Vitro;WildType
ATP6V0A4,NM_020632.3,813,F,L,TTC,3,TTA,"same-position, alternate-base convergence",4690273,"criteria provided, single submitter",1,"Renal tubular acidosis, distal, 3, with or without sensorineural hearing loss",False,False,9,chr7,138706708,-,True,False,True,Vitro;Vivo
RYR2,NM_001035.3,3943,A,D,GCT,2,GAT,exact nucleotide concordance,4697937,"criteria provided, single submitter",1,Catecholaminergic polymorphic ventricular tachycardia 1,False,False,52,chr1,237778718,+,True,False,True,Vivo
SLC12A1,NM_000338.3,508,A,D,GCC,2,GAC,exact nucleotide concordance,4701425,"criteria provided, single submitter",1,not provided,False,False,37,chr15,48246979,+,True,False,True,Vitro;Vivo;WildType
LIPA,NM_000235.4,98,N,K,AAC,3,AAA,exact nucleotide concordance,4691978,"criteria provided, multiple submitters, no conflicts",2,Wolman disease|Lysosomal acid lipase deficiency,True,False,64,chr10,89228334,-,True,False,True,WildType
ABCD1,NM_000033.4,194,D,E,GAC,3,GAA,exact nucleotide concordance,4705094,"criteria provided, single submitter",1,Adrenoleukodystrophy,False,False,318,chrX,153725848,+,False,False,False,
RS1,NM_000330.4,103,L,I,CTC,1,ATC,exact nucleotide concordance,4706755,"criteria provided, single submitter",1,not provided,False,False,19,chrX,18647210,-,False,False,False,
BCKDHA,NM_000709.4,259,P,H,CCC,2,CAC,exact nucleotide concordance,4708281,"criteria provided, single submitter",1,Maple syrup urine disease,False,False,77,chr19,41422293,+,False,False,False,
COMP,NM_000095.3,415,N,K,AAC,3,AAA,"same-position, alternate-base convergence",4710526,"criteria provided, single submitter",1,not provided,False,False,9,chr19,18786541,-,True,False,True,Vivo;WildType
RYR1,NM_000540.3,4867,S,R,AGC,3,AGA,exact nucleotide concordance,4710547,"criteria provided, single submitter",1,RYR1-related disorder,False,False,45,chr19,38580459,+,False,False,False,
NDP,NM_000266.4,118,A,D,GCC,2,GAC,exact nucleotide concordance,4710741,"criteria provided, single submitter",1,not provided,False,False,49,chrX,43949848,-,False,False,False,
NKX2-5,NM_004387.4,188,N,K,AAC,3,AAA,"same-position, alternate-base convergence",4710044,"criteria provided, single submitter",1,Atrial septal defect 7,False,False,229,chr5,173232980,-,False,False,False,
KCNQ1,NM_000218.3,320,P,T,CCC,1,ACC,exact nucleotide concordance,4709530,"criteria provided, single submitter",1,Long QT syndrome,False,False,36,chr11,2583471,+,False,True,True,
MEN1,NM_001370259.2,153,D,E,GAC,3,GAA,"same-position, alternate-base convergence",4709859,"criteria provided, single submitter",1,"Multiple endocrine neoplasia, type 1",False,False,13,chr11,64808086,-,True,False,True,Vitro;Vivo
FGF23,NM_020638.3,157,F,L,TTC,3,TTA,exact nucleotide concordance,4709911,"criteria provided, single submitter",1,not provided,False,False,155,chr12,4370628,-,True,False,True,WildType
BTK,NM_000061.3,373,L,I,CTC,1,ATC,exact nucleotide concordance,4710829,"criteria provided, single submitter",1,X-linked agammaglobulinemia with growth hormone deficiency,False,False,14,chrX,101357569,-,False,False,False,
TGFBR2,NM_003242.6,516,T,K,ACG,2,AAG,exact nucleotide concordance,4747212,"criteria provided, single submitter",1,Familial thoracic aortic aneurysm and aortic dissection,False,False,22,chr3,30691442,+,False,False,False,
ACADM,NM_000016.6,317,Q,K,CAA,1,AAA,exact nucleotide concordance,4743378,"criteria provided, single submitter",1,Medium-chain acyl-coenzyme A dehydrogenase deficiency,False,True,3,chr1,75761125,+,False,False,False,
TUBA1A,NM_006009.4,387,A,D,GCC,2,GAC,exact nucleotide concordance,4745169,"criteria provided, single submitter",1,not provided,False,False,196,chr12,49185206,-,False,False,False,
DYSF,NM_001130987.2,1876,D,E,GAC,3,GAA,exact nucleotide concordance,4746987,"criteria provided, single submitter",1,Neuromuscular disease caused by qualitative or quantitative defects of dysferlin,False,False,14,chr2,71669193,+,False,False,False,
CPAMD8,NM_015692.5,1386,T,N,ACC,2,AAC,exact nucleotide concordance,4738944,"criteria provided, single submitter",1,not provided,False,False,42,chr19,16904320,-,False,False,False,
SRD5A2,NM_000348.4,118,F,L,TTC,3,TTA,"same-position, alternate-base convergence",4741035,"criteria provided, single submitter",1,3-Oxo-5 alpha-steroid delta 4-dehydrogenase deficiency,False,False,72,chr2,31533694,-,False,False,False,
ABCA4,NM_000350.3,2060,L,M,CTG,1,ATG,exact nucleotide concordance,4745892,"criteria provided, single submitter",1,not provided,False,False,30,chr1,94001962,-,False,False,False,
ABCA4,NM_000350.3,653,R,S,CGC,1,AGC,exact nucleotide concordance,4745910,"criteria provided, single submitter",1,not provided,False,False,19,chr1,94060740,-,True,False,True,WildType
FH,NM_000143.4,410,P,Q,CCA,2,CAA,exact nucleotide concordance,4745917,"criteria provided, single submitter",1,not provided,False,False,7,chr1,241502450,-,True,False,True,Vivo
FH,NM_000143.4,193,T,K,ACA,2,AAA,exact nucleotide concordance,4745924,"criteria provided, single submitter",1,not provided,False,False,22,chr1,241508763,-,False,False,False,
BTD,NM_001370658.1,214,T,N,ACC,2,AAC,exact nucleotide concordance,4745934,"criteria provided, single submitter",1,Biotinidase deficiency,False,False,241,chr3,15644557,+,False,False,False,
SLC22A5,NM_003060.4,68,P,Q,CCA,2,CAA,exact nucleotide concordance,4751530,"criteria provided, single submitter",1,Renal carnitine transport defect,False,False,190,chr5,132370175,+,False,False,False,
POLG,NM_002693.3,781,A,D,GCT,2,GAT,exact nucleotide concordance,4754421,"criteria provided, single submitter",1,Progressive sclerosing poliodystrophy,False,False,76,chr15,89322826,-,True,False,True,Vitro;WildType
KMT5B,NM_017635.5,311,F,L,TTC,3,TTA,exact nucleotide concordance,4755429,"criteria provided, single submitter",1,"Intellectual disability, autosomal dominant 51",False,False,44,chr11,68171059,-,True,False,True,Vivo;WildType
TUBB2B,NM_178012.5,384,Q,K,CAG,1,AAG,exact nucleotide concordance,4755430,"criteria provided, single submitter",1,Complex cortical dysplasia with other brain malformations 7,False,False,188,chr6,3224939,-,False,False,False,
RARB,NM_000965.5,225,A,D,GCC,2,GAC,exact nucleotide concordance,4755515,"criteria provided, single submitter",1,"Microphthalmia, syndromic 12",False,False,64,chr3,25580610,+,True,False,True,WildType
ZFHX3,NM_006885.4,3618,P,Q,CCG,2,CAG,exact nucleotide concordance,4759510,no assertion criteria provided,0,"Epilepsy, idiopathic generalized 20",False,False,259,chr16,72787423,-,True,False,True,Vivo
GAA,NM_000152.5,594,R,S,CGC,1,AGC,exact nucleotide concordance,4761456,"criteria provided, single submitter",1,"Glycogen storage disease, type II",False,False,25,chr17,80112603,+,False,False,False,
ALPL,NM_000478.6,294,D,E,GAC,3,GAA,exact nucleotide concordance,4768519,"criteria provided, single submitter",1,not provided,False,False,19,chr1,21573684,+,True,False,True,Vitro;Vivo;WildType
GALT,NM_000155.4,201,R,S,CGT,1,AGT,exact nucleotide concordance,4763823,"criteria provided, single submitter",1,Deficiency of UDPglucose-hexose-1-phosphate uridylyltransferase,False,False,36,chr9,34648370,+,True,False,True,Vitro
D2HGDH,NM_152783.5,474,A,E,GCG,2,GAG,exact nucleotide concordance,4765381,"criteria provided, single submitter",1,D-2-hydroxyglutaric aciduria 1,False,False,114,chr2,241767824,+,False,False,False,
KIF1A,NM_001244008.2,68,A,E,GCG,2,GAG,exact nucleotide concordance,4789387,"criteria provided, single submitter",1,"Neuropathy, hereditary sensory, type 2C;Hereditary spastic paraplegia 30;Intellectual disability, autosomal dominant 9",False,False,19,chr2,240788211,-,True,False,True,Vivo;WildType
GRIN2B,NM_000834.5,952,P,Q,CCG,2,CAG,exact nucleotide concordance,4789473,"criteria provided, single submitter",1,"Intellectual disability, autosomal dominant 6;Developmental and epileptic encephalopathy, 27",False,False,256,chr12,13564383,-,True,True,True,Vivo
GCH1,NM_000161.3,196,A,D,GCC,2,GAC,exact nucleotide concordance,4783774,"criteria provided, single submitter",1,GTP cyclohydrolase I deficiency;Dystonia 5,False,False,39,chr14,54845807,-,True,False,True,WildType
PSEN1,NM_000021.4,388,F,L,TTC,3,TTA,"same-position, alternate-base convergence",4783777,"criteria provided, single submitter",1,"Pick disease;Alzheimer disease 3;Acne inversa, familial, 3;Frontotemporal dementia",False,False,34,chr14,73217160,+,True,False,True,WildType
FUS,NM_004960.4,521,R,S,CGC,1,AGC,exact nucleotide concordance,4783811,"criteria provided, single submitter",1,"Amyotrophic lateral sclerosis type 6;Tremor, hereditary essential, 4",False,False,19,chr16,31191418,+,True,False,True,Vitro
F9,NM_000133.4,315,D,E,GAC,3,GAA,exact nucleotide concordance,4783890,"criteria provided, single submitter",1,"Hereditary factor IX deficiency disease;Thrombophilia, X-linked, due to factor 9 defect",False,False,106,chrX,139561630,+,False,False,False,
AR,NM_000044.6,691,D,E,GAC,3,GAA,exact nucleotide concordance,4788967,"criteria provided, single submitter",1,Androgen resistance syndrome;Kennedy disease,False,False,100,chrX,67711589,+,True,False,True,Vivo
IRF6,NM_006147.4,6,R,S,CGC,1,AGC,exact nucleotide concordance,4795446,"criteria provided, single submitter",1,not provided,False,False,15,chr1,209801398,-,True,False,True,Vitro;WildType
F8,NM_000132.4,303,A,E,GCG,2,GAG,exact nucleotide concordance,4795910,"criteria provided, single submitter",1,Hereditary factor VIII deficiency disease,False,False,101,chrX,154969432,-,True,False,True,Vitro;WildType
LDLR,NM_000527.5,153,F,L,TTC,3,TTA,different-position convergence,4812843,"criteria provided, single submitter",1,Familial hypercholesterolemia,False,False,143,chr19,11105363,+,True,False,True,
TMC1,NM_138691.3,583,N,K,AAC,3,AAA,"same-position, alternate-base convergence",4796009,"criteria provided, single submitter",1,Autosomal recessive nonsyndromic hearing loss 7,False,False,14,chr9,72816196,+,False,False,False,
GJB2,NM_004004.6,194,F,L,TTC,3,TTA,different-position convergence,4796582,"criteria provided, single submitter",1,7 conditions,False,False,101,chr13,20189002,-,False,False,False,
FBN1,NM_000138.5,1238,D,E,GAC,3,GAA,exact nucleotide concordance,4796683,"criteria provided, single submitter",1,Thoracic aortic aneurysm or dissection,False,True,1,chr15,48483942,-,True,False,True,WildType
CBL,NM_005188.4,398,H,N,CAC,1,AAC,exact nucleotide concordance,4800612,"criteria provided, single submitter",1,RASopathy,False,False,35,chr11,119278262,+,False,False,False,
ABCD1,NM_000033.4,163,R,S,CGC,1,AGC,exact nucleotide concordance,4802199,"criteria provided, single submitter",1,Adrenoleukodystrophy,False,False,413,chrX,153725753,+,False,False,False,
ABCD1,NM_000033.4,170,A,D,GCC,2,GAC,exact nucleotide concordance,4802200,"criteria provided, single submitter",1,Adrenoleukodystrophy,False,False,391,chrX,153725775,+,False,True,True,
SLC12A1,NM_000338.3,544,P,T,CCC,1,ACC,exact nucleotide concordance,4805806,"criteria provided, single submitter",1,not provided,False,False,54,chr15,48247406,+,True,False,True,WildType
ALPL,NM_000478.6,393,N,K,AAC,3,AAA,"same-position, alternate-base convergence",4799873,"criteria provided, single submitter",1,not provided,False,False,10,chr1,21575914,+,True,False,True,Vivo
NRAS,NM_002524.5,50,T,N,ACC,2,AAC,exact nucleotide concordance,4799925,"criteria provided, single submitter",1,RASopathy,False,False,37,chr1,114713941,-,False,False,False,
GJA8,NM_005267.5,52,F,L,TTC,3,TTA,"same-position, alternate-base convergence",4799939,"criteria provided, single submitter",1,Cataract 1 multiple types,False,False,155,chr1,147908111,+,False,False,False,
USH2A,NM_206933.4,4232,P,T,CCA,1,ACA,exact nucleotide concordance,4800029,"criteria provided, single submitter",1,not provided,False,False,399,chr1,215675217,-,True,False,True,WildType
RYR2,NM_001035.3,2229,L,I,CTT,1,ATT,exact nucleotide concordance,4800083,"criteria provided, single submitter",1,Catecholaminergic polymorphic ventricular tachycardia 1,False,True,3,chr1,237633707,+,True,False,True,Vitro
PRPH2,NM_000322.5,210,P,H,CCT,2,CAT,exact nucleotide concordance,4801345,"criteria provided, single submitter",1,PRPH2-related disorder,False,False,47,chr6,42704564,-,True,False,True,Vivo
CYP11B1,NM_000497.4,454,R,S,CGC,1,AGC,exact nucleotide concordance,4802769,"criteria provided, single submitter",1,not provided,False,False,38,chr8,142874995,-,True,False,True,Vivo
MYT1L,NM_001303052.2,563,S,R,AGC,3,AGA,different-position convergence,4812834,"criteria provided, single submitter",1,Early onset severe obesity,False,False,22,chr2,1912042,-,True,False,True,
HTRA1,NM_002775.5,352,S,Y,TCC,2,TAC,exact nucleotide concordance,4812856,"criteria provided, single submitter",1,"Leukodystrophy, Adult-Onset",False,False,49,chr10,122508705,+,True,False,True,Vivo;WildType
LDLR,NM_000527.5,136,D,E,GAC,3,GAA,"same-position, alternate-base convergence",4812876,"criteria provided, single submitter",1,Familial hypercholesterolemia,False,False,94,chr19,11105314,+,False,False,False,
EIF2B3,NM_020365.5,89,S,Y,TCT,2,TAT,exact nucleotide concordance,4813330,"criteria provided, single submitter",1,Vanishing white matter disease,False,False,28,chr1,44978343,-,True,False,True,WildType
ZC4H2,NM_018684.4,200,A,E,GCA,2,GAA,exact nucleotide concordance,4813338,"criteria provided, single submitter",1,"Wieacker-Wolff syndrome, female-restricted",False,False,37,chrX,64917859,-,False,False,False,
PLP1,NM_000533.5,216,P,T,CCT,1,ACT,exact nucleotide concordance,4813545,"criteria provided, single submitter",1,Pelizaeus-Merzbacher disease,False,False,23,chrX,103788460,+,False,False,False,
KCNQ4,NM_004700.4,549,F,L,TTC,3,TTA,"same-position, alternate-base convergence",4813856,"criteria provided, single submitter",1,Autosomal dominant nonsyndromic hearing loss 2A,False,False,33,chr1,40835000,+,True,False,True,Vivo
GJB2,NM_004004.6,14,N,K,AAC,3,AAA,"same-position, alternate-base convergence",4815293,"criteria provided, single submitter",1,Autosomal recessive nonsyndromic hearing loss 1A,False,False,41,chr13,20189540,-,False,False,False,
HBA2,NM_000517.6,44,F,L,TTC,3,TTA,different-position convergence,4818620,"criteria provided, single submitter",1,alpha Thalassemia,False,False,34,chr16,173159,+,False,True,True,
ABCC8,NM_000352.6,390,A,E,GCA,2,GAA,exact nucleotide concordance,4818231,"criteria provided, single submitter",1,Hereditary hyperinsulinism,False,False,7,chr11,17453126,-,False,False,False,
ASL,NM_000048.4,208,P,T,CCC,1,ACC,exact nucleotide concordance,4818352,"criteria provided, single submitter",1,Argininosuccinate lyase deficiency,False,False,19,chr7,66087353,+,True,False,True,Vitro;Vivo;WildType
CFTR,NM_000492.4,872,A,E,GCA,2,GAA,exact nucleotide concordance,4818509,"criteria provided, single submitter",1,CFTR-related disorder,False,False,4,chr7,117595054,+,False,False,False,
ASPA,NM_000049.4,286,A,D,GCC,2,GAC,exact nucleotide concordance,4818522,"criteria provided, single submitter",1,Spongy degeneration of central nervous system,False,False,85,chr17,3499003,+,True,False,True,Vitro;WildType
PCCB,NM_000532.5,106,S,R,AGC,3,AGA,"same-position, alternate-base convergence",4814329,"criteria provided, single submitter",1,Propionic acidemia,False,False,14,chr3,136256569,+,True,False,True,Vitro;Vivo;WildType
EYS,NM_001142800.2,2502,S,R,AGC,3,AGA,exact nucleotide concordance,4814657,"criteria provided, single submitter",1,Retinitis pigmentosa 25,False,False,72,chr6,63789130,-,True,False,True,Vivo
GBA1,NM_000157.4,502,R,S,CGC,1,AGC,exact nucleotide concordance,4817731,"criteria provided, single submitter",1,Gaucher disease,False,True,1,chr1,155235196,-,True,False,True,WildType
GBA1,NM_000157.4,148,F,L,TTC,3,TTA,exact nucleotide concordance,4817762,"criteria provided, single submitter",1,Gaucher disease,False,False,10,chr1,155239626,-,True,False,True,Vitro;Vivo;WildType
GBA1,NM_000157.4,240,P,H,CCC,2,CAC,exact nucleotide concordance,4817798,"criteria provided, single submitter",1,Gaucher disease,False,False,42,chr1,155238176,-,True,False,True,Vitro;Vivo;WildType
GBA1,NM_000157.4,284,P,T,CCC,1,ACC,exact nucleotide concordance,4817815,"criteria provided, single submitter",1,Gaucher disease,False,False,88,chr1,155237490,-,False,False,False,
GBA1,NM_000157.4,284,P,H,CCC,2,CAC,exact nucleotide concordance,4817816,"criteria provided, single submitter",1,Gaucher disease,False,False,89,chr1,155237489,-,False,False,False,
NPC1,NM_000271.5,1036,T,K,ACG,2,AAG,exact nucleotide concordance,4818064,"criteria provided, single submitter",1,"Niemann-Pick disease, type C1",False,False,65,chr18,23536811,-,True,False,True,WildType
PAH,NM_000277.3,407,P,T,CCT,1,ACT,exact nucleotide concordance,4818087,"criteria provided, single submitter",1,Phenylketonuria,False,False,19,chr12,102840496,-,True,False,True,WildType
PAH,NM_000277.3,322,A,D,GCC,2,GAC,exact nucleotide concordance,4818096,"criteria provided, single submitter",1,Phenylketonuria,False,False,4,chr12,102846899,-,True,False,True,WildType
ACADVL,NM_000018.4,112,F,L,TTC,3,TTA,different-position convergence,4817408,"criteria provided, single submitter",1,Very long chain acyl-CoA dehydrogenase deficiency,False,False,8,chr17,7220822,+,False,False,False,
F11,NM_000128.4,460,F,L,TTC,3,TTA,different-position convergence,4817487,"criteria provided, single submitter",1,Plasma factor XI deficiency,False,False,73,chr4,186285711,+,True,False,True,
GAA,NM_000152.5,674,H,Q,CAC,3,CAA,"same-position, alternate-base convergence",4817587,"criteria provided, multiple submitters, no conflicts",2,"Glycogen storage disease, type II",True,False,18,chr17,80113009,+,True,False,True,Vivo
GAA,NM_000152.5,234,T,K,ACG,2,AAG,exact nucleotide concordance,4817596,"criteria provided, multiple submitters, no conflicts",2,"Glycogen storage disease, type II",True,False,8,chr17,80107565,+,False,False,False,
GBA1,NM_000157.4,357,A,D,GCT,2,GAT,exact nucleotide concordance,4817664,"criteria provided, single submitter",1,Gaucher disease,False,False,70,chr1,155236399,-,True,False,True,Vitro
GBA1,NM_000157.4,370,F,L,TTC,3,TTA,different-position convergence,4817670,"criteria provided, single submitter",1,Gaucher disease,False,False,108,chr1,155236361,-,True,False,True,
RAB27A,NM_183235.3,115,S,R,AGC,3,AGA,"same-position, alternate-base convergence",4819420,no assertion criteria provided,0,Griscelli syndrome type 2,False,True,1,chr15,55224011,-,True,False,True,WildType
UBAP1L,NM_001163692.2,93,T,K,ACA,2,AAA,exact nucleotide concordance,4819949,no assertion criteria provided,0,"RETINAL DYSTROPHY, ZEITZ-HAN TYPE",False,False,157,chr15,65102527,-,True,False,True,Vivo
SSUH2,NM_001256748.3,140,P,Q,CCG,2,CAG,exact nucleotide concordance,4819967,no assertion criteria provided,0,"DENTIN DYSPLASIA, TYPE IC",False,False,18,chr3,8630911,-,True,False,True,Vitro;WildType
POU3F4,NM_000307.5,312,A,E,GCA,2,GAA,exact nucleotide concordance,4820154,"criteria provided, single submitter",1,X-linked mixed hearing loss with perilymphatic gusher,False,False,151,chrX,83509259,+,True,False,True,Vivo;WildType
RYR1,NM_000540.3,464,Q,K,CAG,1,AAG,exact nucleotide concordance,4820220,reviewed by expert panel,3,"Malignant hyperthermia, susceptibility to, 1",True,False,50,chr19,38452964,+,False,False,False,
KIF5B,NM_004521.3,195,T,K,ACA,2,AAA,exact nucleotide concordance,4820584,"criteria provided, single submitter",1,"Fetal anomalies with a likely genetic cause|KYPHOMELIC DYSPLASIA, ITAI-IKEGAWA TYPE|KIF5B-related disease",False,True,2,chr10,32037522,-,False,False,False,
AR,NM_000044.6,587,A,D,GCC,2,GAC,exact nucleotide concordance,4820588,"criteria provided, single submitter",1,Differences in sex development,False,False,8,chrX,67643399,+,True,False,True,Vivo;WildType
HCFC1,NM_005334.3,72,P,T,CCA,1,ACA,exact nucleotide concordance,4823492,"criteria provided, single submitter",1,not provided,False,False,20,chrX,153964706,-,True,False,True,WildType
ACVRL1,NM_000020.3,314,H,Q,CAC,3,CAA,"same-position, alternate-base convergence",4827318,"criteria provided, single submitter",1,Cardiovascular phenotype,False,False,106,chr12,51915394,+,False,False,False,
IRF6,NM_006147.4,351,F,L,TTC,3,TTA,different-position convergence,4840238,"criteria provided, single submitter",1,Inborn genetic diseases,False,False,9,chr1,209790504,-,True,False,True,
GJA8,NM_005267.5,80,L,M,CTG,1,ATG,exact nucleotide concordance,4840569,"criteria provided, single submitter",1,Inborn genetic diseases,False,False,237,chr1,147908193,+,False,False,False,
NF1,NM_001042492.3,1279,S,R,AGC,3,AGA,"same-position, alternate-base convergence",4845364,"criteria provided, single submitter",1,"Neurofibromatosis, type 1",False,False,33,chr17,31235739,+,False,False,False,
NKX2-1,NM_001079668.3,224,L,M,CTG,1,ATG,exact nucleotide concordance,4845370,"criteria provided, single submitter",1,Brain-lung-thyroid syndrome,False,False,206,chr14,36517814,-,False,False,False,
FBXO11,NM_001190274.2,548,Q,K,CAA,1,AAA,exact nucleotide concordance,4845602,"criteria provided, single submitter",1,Intellectual developmental disorder with dysmorphic facies and behavioral abnormalities,False,False,25,chr2,47822278,-,False,False,False,
TNPO2,NM_001382241.1,28,Q,K,CAG,1,AAG,exact nucleotide concordance,4845653,"criteria provided, single submitter",1,"Intellectual developmental disorder with hypotonia, impaired speech, and dysmorphic facies",False,False,17,chr19,12720896,-,False,False,False,
MAN2B1,NM_000528.4,916,R,S,CGC,1,AGC,exact nucleotide concordance,4847880,"criteria provided, single submitter",1,Deficiency of alpha-mannosidase,False,False,74,chr19,12647517,-,False,False,False,
PRF1,NM_001083116.3,201,P,T,CCC,1,ACC,exact nucleotide concordance,4847951,"criteria provided, single submitter",1,Familial hemophagocytic lymphohistiocytosis,False,False,61,chr10,70599120,-,True,False,True,WildType
CYP21A2,NM_000500.9,302,S,Y,TCC,2,TAC,exact nucleotide concordance,4848081,"criteria provided, single submitter",1,21-Hydroxylase-Deficient Congenital Adrenal Hyperplasia,False,False,34,chr6,32040171,+,False,False,False,
INF2,NM_022489.4,53,L,M,CTG,1,ATG,exact nucleotide concordance,4849217,"criteria provided, single submitter",1,Focal segmental glomerulosclerosis 5,False,False,156,chr14,104701522,+,False,False,False,
GCK,NM_000162.5,449,A,E,GCG,2,GAG,exact nucleotide concordance,4849222,"criteria provided, single submitter",1,Maturity-onset diabetes of the young type 2,False,False,52,chr7,44145188,-,False,False,False,
PPT1,NM_000310.4,75,T,N,ACC,2,AAC,exact nucleotide concordance,4849359,"criteria provided, single submitter",1,Neuronal ceroid lipofuscinosis 1,False,False,10,chr1,40092408,-,False,False,False,
CACNA1G,NM_018896.5,1503,Q,K,CAG,1,AAG,exact nucleotide concordance,4849901,no assertion criteria provided,0,Spasmodic torticollis,False,False,5,chr17,50606984,+,True,False,True,Vitro;WildType
PATL2,NM_001387263.1,459,S,Y,TCT,2,TAT,exact nucleotide concordance,4849921,no assertion criteria provided,0,Oocyte maturation defect 4,False,False,10,chr15,44667193,-,True,False,True,Vitro
TUBB8,NM_177987.3,70,P,T,CCG,1,ACG,exact nucleotide concordance,4849924,no assertion criteria provided,0,Oocyte maturation defect 2,False,False,41,chr10,48684,-,False,False,False,
ALDH7A1,NM_001182.5,229,A,D,GCT,2,GAT,exact nucleotide concordance,4850091,"criteria provided, single submitter",1,Pyridoxine-dependent epilepsy,False,False,9,chr5,126575429,-,True,False,True,WildType
CHST6,NM_021615.5,55,F,L,TTC,3,TTA,exact nucleotide concordance,4850374,"criteria provided, single submitter",1,Macular corneal dystrophy,False,False,164,chr16,75479664,-,False,False,False,
ACADVL,NM_000018.4,197,Q,K,CAG,1,AAG,exact nucleotide concordance,4850525,"criteria provided, single submitter",1,Very long chain acyl-CoA dehydrogenase deficiency,False,False,33,chr17,7221649,+,True,False,True,Vitro;Vivo;WildType
OTC,NM_000531.6,329,N,K,AAC,3,AAA,"same-position, alternate-base convergence",4850882,no assertion criteria provided,0,Ornithine carbamoyltransferase deficiency,False,False,18,chrX,38411981,+,True,False,True,WildType
ARSA,NM_000487.6,333,A,D,GCC,2,GAC,exact nucleotide concordance,4850948,no assertion criteria provided,0,Metachromatic leukodystrophy,False,False,18,chr22,50626045,-,False,False,False,
HYOU1,NM_006389.5,444,P,H,CCC,2,CAC,exact nucleotide concordance,4851306,no assertion criteria provided,0,Granulocytopenia with immunoglobulin abnormality,False,False,7,chr11,119051826,-,True,False,True,WildType
HUWE1,NM_031407.7,4230,F,L,TTC,3,TTA,different-position convergence,4851310,"criteria provided, single submitter",1,"Intellectual disability, X-linked syndromic, Turner type",False,False,38,chrX,53534659,-,False,False,False,
KCNA2,NM_004974.4,310,H,N,CAC,1,AAC,exact nucleotide concordance,4851681,"criteria provided, single submitter",1,"Developmental and epileptic encephalopathy, 32",False,False,572,chr1,110603855,-,True,False,True,Vitro
MYO7A,NM_000260.4,893,A,D,GCC,2,GAC,exact nucleotide concordance,4852830,"criteria provided, single submitter",1,Autosomal dominant nonsyndromic hearing loss 11,False,False,16,chr11,77180465,+,True,True,True,Vitro;Vivo
GCM2,NM_004752.4,67,R,S,CGC,1,AGC,exact nucleotide concordance,4852885,"criteria provided, single submitter",1,"Hypoparathyroidism, familial isolated, 2",False,False,108,chr6,10877284,-,False,False,False,
PLA2G6,NM_003560.4,660,P,T,CCC,1,ACC,exact nucleotide concordance,4852967,"criteria provided, single submitter",1,Infantile neuroaxonal dystrophy,False,False,56,chr22,38115583,-,False,False,False,
TRAF7,NM_032271.3,617,F,L,TTC,3,TTA,"same-position, alternate-base convergence",4854517,"criteria provided, single submitter",1,"Cardiac, facial, and digital anomalies with developmental delay",False,False,27,chr16,2176153,+,True,False,True,WildType
RAF1,NM_002880.4,611,H,N,CAC,1,AAC,exact nucleotide concordance,4855647,"criteria provided, single submitter",1,RAF1-related disorder,False,False,27,chr3,12584630,-,True,False,True,WildType
MAF,NM_005360.5,61,S,R,AGC,3,AGA,"same-position, alternate-base convergence",4855944,"criteria provided, single submitter",1,Ayme-Gripp syndrome,False,False,182,chr16,79599720,-,False,False,False,
SMC1A,NM_006306.4,36,S,Y,TCT,2,TAT,exact nucleotide concordance,4856068,"criteria provided, single submitter",1,SMC1A-related disorder,False,True,2,chrX,53422494,-,False,False,False,
NR5A1,NM_004959.5,24,H,Q,CAC,3,CAA,"same-position, alternate-base convergence",4856080,"criteria provided, single submitter",1,"46,XY sex reversal 3",False,False,30,chr9,124503324,-,False,False,False,
KIF1A,NM_001244008.2,309,S,Y,TCC,2,TAC,exact nucleotide concordance,4856116,"criteria provided, single submitter",1,"Intellectual disability, autosomal dominant 9",False,False,32,chr2,240775883,-,False,False,False,
BRWD3,NM_153252.5,163,P,H,CCT,2,CAT,exact nucleotide concordance,4856409,"criteria provided, single submitter",1,"Intellectual disability, X-linked 93",False,False,57,chrX,80745672,-,True,False,True,Vitro;WildType
GLA,NM_000169.3,194,T,N,ACT,2,AAT,exact nucleotide concordance,4856604,"criteria provided, single submitter",1,Fabry disease,False,False,33,chrX,101400724,-,True,False,True,WildType
MYH7,NM_000257.4,717,D,E,GAC,3,GAA,exact nucleotide concordance,4856609,"criteria provided, single submitter",1,Hypertrophic cardiomyopathy 1,False,False,11,chr14,23425975,-,True,False,True,WildType
MFN2,NM_014874.4,130,T,N,ACC,2,AAC,exact nucleotide concordance,4857034,"criteria provided, single submitter",1,Charcot-Marie-Tooth disease type 2A2,False,False,77,chr1,11996233,+,True,False,True,Vivo
AVPR2,NM_000054.7,287,F,L,TTC,3,TTA,exact nucleotide concordance,4857239,"criteria provided, single submitter",1,"Diabetes insipidus, nephrogenic, X-linked",False,False,49,chrX,153906367,+,False,False,False,
SLC5A2,NM_003041.4,453,F,L,TTC,3,TTA,exact nucleotide concordance,4857244,"criteria provided, single submitter",1,Familial renal glucosuria,False,False,78,chr16,31488958,+,False,False,False,
EDA,NM_001399.5,319,S,R,AGC,3,AGA,"same-position, alternate-base convergence",4857300,"criteria provided, single submitter",1,Hypohidrotic X-linked ectodermal dysplasia,False,False,32,chrX,70035390,+,True,False,True,WildType
F8,NM_000132.4,1907,S,R,AGC,3,AGA,different-position convergence,4857322,"criteria provided, single submitter",1,Factor VIII deficiency,False,False,96,chrX,154904392,-,True,False,True,
PDE1C,NM_001191057.4,398,F,L,TTC,3,TTA,"same-position, alternate-base convergence",4857410,"criteria provided, single submitter",1,"Hearing loss, autosomal dominant 74",False,False,9,chr7,31837189,-,True,False,True,WildType
GRIN2A,NM_001134407.3,816,N,K,AAC,3,AAA,exact nucleotide concordance,4857505,"criteria provided, single submitter",1,Landau-Kleffner syndrome,False,False,91,chr16,9768998,-,False,False,False,
TUBA4A,NM_006000.3,283,H,Q,CAC,3,CAA,"same-position, alternate-base convergence",4857650,"criteria provided, single submitter",1,Myo-tubulinopathy,False,False,473,chr2,219250850,-,False,False,False,
FGFR3,NM_000142.5,550,P,H,CCC,2,CAC,exact nucleotide concordance,4857786,"criteria provided, single submitter",1,FGFR3-related chondrodysplasia,False,True,3,chr4,1805753,+,False,False,False,
TUBB3,NM_006086.4,171,P,T,CCC,1,ACC,exact nucleotide concordance,4857864,"criteria provided, single submitter",1,"Fibrosis of extraocular muscles, congenital, 3A, with or without extraocular involvement",False,False,233,chr16,89934962,+,True,False,True,WildType
OFD1,NM_003611.3,81,H,Q,CAC,3,CAA,exact nucleotide concordance,4871713,"criteria provided, single submitter",1,Orofaciodigital syndrome I,False,False,69,chrX,13736609,+,False,False,False,
LMNA,NM_005572.4,377,R,S,CGC,1,AGC,exact nucleotide concordance,4875518,"criteria provided, single submitter",1,Dilated cardiomyopathy 1A,False,False,28,chr1,156136093,+,False,False,False,
IL11RA,NM_001142784.3,200,P,T,CCA,1,ACA,exact nucleotide concordance,4875587,"criteria provided, single submitter",1,Craniosynostosis and dental anomalies,False,False,48,chr9,34657539,+,True,False,True,Vitro;Vivo;WildType
TALDO1,NM_006755.2,171,S,Y,TCC,2,TAC,exact nucleotide concordance,4875633,"criteria provided, single submitter",1,Deficiency of transaldolase,False,False,50,chr11,763394,+,False,True,True,
MYH3,NM_002470.4,462,D,E,GAC,3,GAA,"same-position, alternate-base convergence",4875642,"criteria provided, single submitter",1,Freeman-Sheldon syndrome,False,False,24,chr17,10644375,-,True,False,True,WildType
GAA,NM_000152.5,880,A,D,GCC,2,GAC,exact nucleotide concordance,4876449,"criteria provided, single submitter",1,"Glycogen storage disease, type II",False,False,7,chr17,80118350,+,False,False,False,
GAA,NM_000152.5,511,P,H,CCC,2,CAC,exact nucleotide concordance,4876632,"criteria provided, single submitter",1,"Glycogen storage disease, type II",False,False,19,chr17,80110821,+,False,False,False,
FDXR,NM_024417.5,372,P,H,CCC,2,CAC,exact nucleotide concordance,4879652,"criteria provided, single submitter",1,FDXR-related optic atrophy mitochondrial dysfunction syndrome,False,False,59,chr17,74863955,-,True,False,True,Vitro;Vivo
PTEN,NM_000314.8,160,T,N,ACC,2,AAC,exact nucleotide concordance,4880002,"criteria provided, single submitter",1,Triple-negative breast cancer,False,False,13,chr10,87933238,+,True,False,True,Vitro;Vivo;WildType
BRAF,NM_004333.6,577,L,I,CTC,1,ATC,exact nucleotide concordance,4880319,"criteria provided, single submitter",1,Paediatric disorders,False,False,12,chr7,140754199,-,True,False,True,WildType
GCDH,NM_000159.4,130,L,M,CTG,1,ATG,exact nucleotide concordance,4884216,no assertion criteria provided,0,not provided,False,False,53,chr19,12893536,+,True,False,True,Vitro;WildType
SCN1A,NM_001165963.4,1789,F,L,TTC,3,TTA,different-position convergence,4882014,no assertion criteria provided,0,not provided,False,False,512,chr2,165991910,-,False,False,False,
GABRA1,NM_001127644.2,294,T,K,ACA,2,AAA,exact nucleotide concordance,4884371,"criteria provided, single submitter",1,"Developmental and epileptic encephalopathy, 19",False,False,24,chr5,161895690,+,True,False,True,Vivo
ABCC2,NM_000392.5,1382,Q,K,CAG,1,AAG,exact nucleotide concordance,4884478,"criteria provided, single submitter",1,Dubin-Johnson syndrome,False,True,2,chr10,99845780,+,True,False,True,Vitro;WildType
HEXA,NM_000520.6,212,P,T,CCA,1,ACA,exact nucleotide concordance,4884842,no assertion criteria provided,0,Tay-Sachs disease,False,False,38,chr15,72351171,-,True,False,True,Vitro;Vivo;WildType
