gene_set_source,pathway_id,pathway_name,n_genes,n_accessible,n_eligible,odds_ratio,ci_lower,ci_upper,p_value,q_value,direction,passes_fdr,synaptic_or_neuronal,displayed_in_Figure3c,display_selection_reason
Reactome,R-HSA-8948216,Collagen chain trimerization,26,12,4362,0.0453953135443148,0.0275354849900657,0.0748392299075222,7.918829966561566e-34,7.48329431840068e-31,depleted,True,False,True,among the six depleted sets with the smallest odds ratios
Reactome,R-HSA-1650814,Collagen biosynthesis and modifying enzymes,41,14,4421,0.052525834639993,0.0313430955540539,0.0880245953967698,4.8182832800599786e-29,2.27663884982834e-26,depleted,True,False,True,among the six depleted sets with the smallest odds ratios
Reactome,R-HSA-2022090,Assembly of collagen fibrils and other multimeric structures,37,17,4437,0.0638992414519673,0.0364248235960132,0.1120969892242312,8.695124491495826e-22,2.738964214821185e-19,depleted,True,False,True,among the six depleted sets with the smallest odds ratios
Reactome,R-HSA-1474290,Collagen formation,52,18,4487,0.0670768987279459,0.0382514111977128,0.1176246889220163,4.149354506687297e-21,9.802850022048738e-19,depleted,True,False,True,among the six depleted sets with the smallest odds ratios
Reactome,R-HSA-3000157,Laminin interactions,21,7,2045,0.0710245824883691,0.040326954884198,0.1250898147934254,5.270659432929955e-20,9.961546328237616e-18,depleted,True,False,False,not displayed
Reactome,R-HSA-8874081,MET activates PTK2 signaling,22,6,2323,0.0493456705899424,0.0235229391991557,0.1035157717900533,1.718561666794792e-15,2.706734625201797e-13,depleted,True,False,True,among the six depleted sets with the smallest odds ratios
Reactome,R-HSA-8875878,MET promotes cell motility,26,7,2357,0.0567298010804747,0.0271455681606234,0.1185560129589981,2.3433943287609183e-14,3.1635823438272397e-12,depleted,True,False,True,among the six depleted sets with the smallest odds ratios
GO BP,GO:0019722,calcium-mediated signaling,39,108,1126,2.1845577322830545,1.7461148557162538,2.73309196703449,8.100884078232525e-12,9.56916931741217e-10,enriched,True,False,True,among the six enriched sets outside that group with the largest odds ratios
Reactome,R-HSA-1474228,Degradation of the extracellular matrix,63,60,6483,0.1401654569799642,0.0786396512494763,0.2498275999225393,2.670267924885217e-11,2.803781321129478e-09,depleted,True,False,False,not displayed
Reactome,R-HSA-1442490,Collagen degradation,34,23,4476,0.0862533815231313,0.0415853165825209,0.1789007860361433,4.596157655640282e-11,4.343368984580067e-09,depleted,True,False,False,not displayed
Reactome,R-HSA-216083,Integrin cell surface interactions,42,54,6353,0.1265276415208447,0.0680133158429142,0.2353839666603356,6.694557170226761e-11,5.751233205331171e-09,depleted,True,False,False,not displayed
GO BP,GO:0006941,striated muscle contraction,23,87,1000,2.0753604670520898,1.6409898550007518,2.624709138254054,1.101868609287378e-09,8.677215298138101e-08,enriched,True,False,True,among the six enriched sets outside that group with the largest odds ratios
GO BP,GO:0006811,monoatomic ion transport,108,458,5649,1.704186971198423,1.430251985038134,2.0305884999173904,2.484150816600973e-09,1.8057865551445537e-07,enriched,True,False,False,not displayed
GO BP,GO:0035725,sodium ion transmembrane transport,63,240,2952,1.7753662198221516,1.4628153690842547,2.1546979072681953,6.250629080725653e-09,4.219174629489816e-07,enriched,True,False,True,among the six enriched sets outside that group with the largest odds ratios
Reactome,R-HSA-5576891,Cardiac conduction,72,300,3762,1.682146315183944,1.3958581135748096,2.027151755732707,4.65974439746605e-08,2.9356389704036116e-06,enriched,True,False,False,not displayed
Reactome,R-HSA-397014,Muscle contraction,114,357,4674,1.6117753549565244,1.355080300107105,1.9170965695832929,6.923449688501709e-08,4.089162472271322e-06,enriched,True,False,False,not displayed
Reactome,R-HSA-1566948,Elastic fibre formation,23,22,1759,0.2881035392818352,0.1793112438668591,0.4629026465755333,2.694794025714895e-07,1.497988443706221e-05,depleted,True,False,False,not displayed
Reactome,R-HSA-2129379,Molecules associated with elastic fibres,21,22,1753,0.2896613288664993,0.1791457819276563,0.4683542338417366,4.325865301559581e-07,2.27107928331878e-05,depleted,True,False,False,not displayed
Reactome,R-HSA-419037,NCAM1 interactions,25,19,3059,0.1197511550141209,0.0521654333271964,0.2749011790483812,5.56352127523625e-07,2.7671197921569772e-05,depleted,True,False,False,not displayed
GO BP,GO:0042752,regulation of circadian rhythm,22,24,271,1.750993955312627,1.402078146250522,2.186739619143548,7.784689722776622e-07,3.5136172589104416e-05,enriched,True,False,False,not displayed
GO BP,GO:0055085,transmembrane transport,207,603,8230,1.4835683568030664,1.2686470922334745,1.734899392259275,7.808038353134315e-07,3.5136172589104416e-05,enriched,True,False,False,not displayed
Reactome,R-HSA-5576892,Phase 0 - rapid depolarisation,25,170,2127,1.7539515256385387,1.3995548860099103,2.198088824555019,1.066385377114365e-06,4.580609915332159e-05,enriched,True,False,True,among the six enriched sets outside that group with the largest odds ratios
Reactome,R-HSA-3000178,ECM proteoglycans,51,37,4459,0.1430070701967137,0.0638089055763634,0.3205041983014894,2.3173898980365567e-06,9.521449798454549e-05,depleted,True,False,False,not displayed
GO BP,GO:0086002,cardiac muscle cell action potential involved in contraction,21,171,2167,1.733100051073707,1.3736106439011957,2.186671893063562,3.54471213256551e-06,0.0001395730402197,enriched,True,False,False,not displayed
GO BP,GO:0016236,macroautophagy,25,20,188,2.2920779164092537,1.6130978363683617,3.2568521613783177,3.6966074979755815e-06,0.0001397317634234,enriched,True,False,True,among the six enriched sets outside that group with the largest odds ratios
Reactome,R-HSA-1474244,Extracellular matrix organization,148,159,8091,0.3277352882932331,0.2025323378437329,0.5303371320165319,5.551399548829396e-06,0.0002017720220632,depleted,True,False,False,not displayed
GO BP,GO:0030199,collagen fibril organization,38,75,6434,0.182187825365894,0.0869015324936441,0.3819541814637288,6.534907145938996e-06,0.0002287217501078,depleted,True,False,False,not displayed
Reactome,R-HSA-9981148,Developmental Lineage of Pancreatic Endocrine Mid Progenitor Cells,25,12,2382,0.0956403277913468,0.0342004758002813,0.2674545334822807,7.691846189948977e-06,0.0002595998089107,depleted,True,False,False,not displayed
GO BP,GO:0046034,ATP metabolic process,20,63,773,1.7324532169731026,1.359562847183996,2.2076170698670605,8.833581971834402e-06,0.0002782578321127,enriched,True,False,False,not displayed
GO BP,GO:1902476,chloride transmembrane transport,54,159,2034,1.434470541537077,1.2237302165200172,1.681502758336127,8.564387896911575e-06,0.0002782578321127,enriched,True,False,False,not displayed
GO BP,GO:0006814,sodium ion transport,33,199,2560,1.6487383727003808,1.319581961317702,2.0599995311395696,1.0789158791098723e-05,0.0003288953244383,enriched,True,False,False,not displayed
GO BP,GO:0060079,excitatory postsynaptic potential,28,60,590,1.908407523524118,1.4278028031268608,2.5507859123595393,1.2660324884014243e-05,0.000373875219231,enriched,True,True,True,annotated to synaptic or neuronal signaling and passed correction
GO BP,GO:0006936,muscle contraction,44,147,1772,1.6752066704328783,1.324037590756403,2.119514890101876,1.719232309070675e-05,0.0004923256157793,enriched,True,False,False,not displayed
GO BP,GO:0051592,response to calcium ion,22,66,802,1.695657731185065,1.3284021137394275,2.164446376281268,2.2327341373566267e-05,0.0006205687528829,enriched,True,False,False,not displayed
Reactome,R-HSA-375165,NCAM signaling for neurite out-growth,40,38,3453,0.2131827190358986,0.1039013915241716,0.4374038790901669,2.4972335151206657e-05,0.0006742530490825,depleted,True,False,False,not displayed
Reactome,R-HSA-9609736,Assembly and cell surface presentation of NMDA receptors,26,84,954,1.6932888062587284,1.3237121575411943,2.1660501983505283,2.761537390969448e-05,0.0007249035651294,enriched,True,True,True,annotated to synaptic or neuronal signaling and passed correction
GO BP,GO:0030155,regulation of cell adhesion,21,9,363,0.4690586719623745,0.3290067710753178,0.6687279931170149,2.8670822617976045e-05,0.000732268307405,depleted,True,False,False,not displayed
Reactome,R-HSA-112314,Neurotransmitter receptors and postsynaptic signal transmission,98,164,2058,1.4930853554502526,1.235066601334136,1.8050070144005856,3.455889118410646e-05,0.0008594250570784,enriched,True,True,True,annotated to synaptic or neuronal signaling and passed correction
GO BP,GO:0070588,calcium ion transmembrane transport,59,138,1661,1.7426177150044095,1.3263635923598955,2.2895053197624313,6.658409692071622e-05,0.001613383886925,enriched,True,False,False,not displayed
GO BP,GO:0060291,long-term synaptic potentiation,21,44,489,1.729835217163969,1.309101901241392,2.2857883528418657,0.0001160674306001,0.0026546164120056,enriched,True,True,True,annotated to synaptic or neuronal signaling and passed correction
Reactome,R-HSA-442755,Activation of NMDA receptors and postsynaptic events,48,107,1334,1.5326749139323388,1.2333328610075556,1.9046702362883945,0.0001173100888786,0.0026546164120056,enriched,True,True,True,annotated to synaptic or neuronal signaling and passed correction
Reactome,R-HSA-438064,Post NMDA receptor activation events,44,103,1257,1.5540690520679057,1.2413631543893853,1.9455472075641065,0.0001199515301042,0.0026546164120056,enriched,True,True,True,annotated to synaptic or neuronal signaling and passed correction
GO BP,GO:0002027,regulation of heart rate,20,92,1118,1.6727365084776853,1.286827309730736,2.1743767836102252,0.000120792069541,0.0026546164120056,enriched,True,False,False,not displayed
Reactome,R-HSA-5693579,Homologous DNA Pairing and Strand Exchange,22,15,517,0.5247021000291245,0.3765925259748433,0.7310614916275969,0.0001382882064642,0.002970053525197,depleted,True,False,False,not displayed
GO BP,GO:0006821,chloride transport,32,97,1208,1.4254081074830904,1.1874315872947592,1.7110781746234354,0.0001427616030953,0.0029979936650013,enriched,True,False,False,not displayed
Reactome,R-HSA-195258,RHO GTPase Effectors,102,173,2375,1.3553852718016128,1.1578256203638684,1.5866545036716309,0.0001548434845778,0.0031245523094697,enriched,True,False,False,not displayed
Reactome,R-HSA-9701190,Defective homologous recombination repair (HRR) due to BRCA2 loss of function,21,15,514,0.5274751973437101,0.3784822565287559,0.7351205479606064,0.0001587074188937,0.0031245523094697,depleted,True,False,False,not displayed
Reactome,R-HSA-9675136,Diseases of DNA Double-Strand Break Repair,21,15,514,0.5274751973437101,0.3784822565287559,0.7351205479606064,0.0001587074188937,0.0031245523094697,depleted,True,False,False,not displayed
Reactome,R-HSA-2672351,Stimuli-sensing channels,50,116,1404,1.6068075320089643,1.2543614965104817,2.0582826020275284,0.0001741659916458,0.003358915553169,enriched,True,False,False,not displayed
Reactome,R-HSA-5693616,Presynaptic phase of homologous DNA pairing and strand exchange,21,15,507,0.5361066016660392,0.3851355889978998,0.7462574131300976,0.0002203260476069,0.0041641622997704,depleted,True,False,False,not displayed
Reactome,R-HSA-186797,Signaling by PDGF,36,44,3520,0.2406882907225992,0.1105400168886325,0.5240713265796854,0.0003338451887128,0.0061859549673254,depleted,True,False,False,not displayed
GO BP,GO:0008380,RNA splicing,24,16,147,2.256632303813382,1.439681815911737,3.5371630719591547,0.0003864062931692,0.0069733124912857,enriched,True,False,True,among the six enriched sets outside that group with the largest odds ratios
GO BP,GO:0034220,monoatomic ion transmembrane transport,65,140,1813,1.4738180341204736,1.1894316838236014,1.8261995432272984,0.0003910958328446,0.0069733124912857,enriched,True,False,False,not displayed
Reactome,R-HSA-983712,Ion channel transport,84,157,2120,1.4877474284137815,1.1925432893766017,1.856026888473679,0.0004308113433277,0.0075391985082347,enriched,True,False,False,not displayed
Reactome,R-HSA-9640148,Infection with Enterobacteria,24,22,2013,0.2183359766797746,0.0919001687947444,0.5187215577283824,0.0005674026558518,0.0097490092687263,depleted,True,False,False,not displayed
Reactome,R-HSA-445095,Interaction between L1 and Ankyrins,28,208,2720,1.600514875735241,1.223636149774655,2.093471877176518,0.0005962668555497,0.0100620031874011,enriched,True,False,False,not displayed
GO BP,GO:0009101,glycoprotein biosynthetic process,33,51,628,1.4427872513369209,1.170001777650996,1.7791725554465652,0.0006071988532397,0.0100667178300266,enriched,True,False,False,not displayed
Reactome,R-HSA-190861,Gap junction assembly,23,73,954,1.416997399043678,1.1587948713739555,1.732732581492918,0.0006837740863022,0.011140801923372,enriched,True,False,False,not displayed
GO BP,GO:0001508,action potential,27,215,2774,1.5529987419973617,1.2022221839463056,2.0061225993423406,0.000751747864296,0.011840028862662,enriched,True,False,False,not displayed
Reactome,R-HSA-3000171,Non-integrin membrane-ECM interactions,50,73,4863,0.2675656261934222,0.1243169994842671,0.575877511661938,0.0007487026096486,0.011840028862662,depleted,True,False,False,not displayed
Reactome,R-HSA-190828,Gap junction trafficking,30,93,1223,1.4249523793327232,1.1581187736545344,1.753265148235721,0.0008149329133337,0.0126247803786942,enriched,True,False,False,not displayed
Reactome,R-HSA-157858,Gap junction trafficking and regulation,31,93,1224,1.4238043806193443,1.1573069148046595,1.751669231677412,0.0008325467651256,0.0126896240813498,enriched,True,False,False,not displayed
Reactome,R-HSA-6811442,Intra-Golgi and retrograde Golgi-to-ER traffic,64,85,1121,1.4087382032387268,1.1490101687557952,1.7271764682580988,0.0009811062699394,0.014716594049091,enriched,True,False,False,not displayed
Reactome,R-HSA-112315,Transmission across Chemical Synapses,130,188,2588,1.3639373367944794,1.133518483618692,1.6411951684837438,0.0010110596910909,0.014928928251264,enriched,True,True,True,annotated to synaptic or neuronal signaling and passed correction
Reactome,R-HSA-6806834,Signaling by MET,39,36,2870,0.2413507344109193,0.1030956579746013,0.5650109630712153,0.0010546301234037,0.0153326994864076,depleted,True,False,False,not displayed
Reactome,R-HSA-9662360,Sensory processing of sound by inner hair cells of the cochlea,49,69,910,1.5093064863300178,1.1783354637486647,1.9332406939792788,0.0011168252233305,0.0157844266326556,enriched,True,False,False,not displayed
Reactome,R-HSA-1445148,Translocation of SLC2A4 (GLUT4) to the plasma membrane,34,67,834,1.5175428001062885,1.180842004602946,1.9502491791260332,0.0011191074967068,0.0157844266326556,enriched,True,False,False,not displayed
Reactome,R-HSA-9646399,Aggrephagy,22,73,975,1.456090119297181,1.1607723524792477,1.8265411223711785,0.0011575556424976,0.0160866188552975,enriched,True,False,False,not displayed
GO BP,GO:0002931,response to ischemia,23,47,516,1.6636907045986755,1.2226933013177106,2.263745746856612,0.001197307755402,0.0163979105631143,enriched,True,False,False,not displayed
Reactome,R-HSA-194315,Signaling by Rho GTPases,202,226,3368,1.2749759303922743,1.0995419662184849,1.4784007095884115,0.0012980294195817,0.0175233971643529,enriched,True,False,False,not displayed
Reactome,R-HSA-9662361,Sensory processing of sound by outer hair cells of the cochlea,36,65,841,1.5253353413416604,1.1782329920670775,1.97469254316503,0.0013503699567809,0.0178182713480931,enriched,True,False,False,not displayed
Reactome,R-HSA-1221632,Meiotic synapsis,20,27,661,0.6637683841015413,0.5164814921532923,0.8530576108272317,0.001366864815586,0.0178182713480931,depleted,True,False,False,not displayed
Reactome,R-HSA-9671793,Diseases of hemostasis,20,42,2219,0.3498156443429553,0.1838235667853376,0.6656980232027447,0.0013764378924982,0.0178182713480931,depleted,True,False,False,not displayed
Reactome,R-HSA-9824439,Bacterial Infection Pathways,50,37,2306,0.3190869088455814,0.1577707476643316,0.6453443170165487,0.0014788761968798,0.0188856487304244,depleted,True,False,False,not displayed
Reactome,R-HSA-8856688,Golgi-to-ER retrograde transport,51,82,1089,1.39753411317522,1.134749707472819,1.7211739158216366,0.0016355503078729,0.0206079338791985,enriched,True,False,False,not displayed
GO BP,GO:0071277,cellular response to calcium ion,27,101,1191,1.5504496188416166,1.1781982367971993,2.040313714185172,0.0017441727320877,0.0216534739540553,enriched,True,False,False,not displayed
GO BP,GO:0042391,regulation of membrane potential,41,110,1305,1.4303014665666418,1.1429158965485542,1.7899499792072202,0.0017643571369971,0.0216534739540553,enriched,True,False,False,not displayed
Reactome,R-HSA-70326,Glucose metabolism,35,51,727,1.3603623664520732,1.120940342298666,1.6509226211487444,0.001833641241908,0.0220368201199119,enriched,True,False,False,not displayed
GO BP,GO:0030512,negative regulation of transforming growth factor beta receptor signaling pathway,21,26,1709,0.3536184920527033,0.1838342450671055,0.6802107946535308,0.0018422315232519,0.0220368201199119,depleted,True,False,False,not displayed
GO BP,GO:0016055,Wnt signaling pathway,31,20,563,0.5406418190910088,0.3661401459884058,0.7983106462171208,0.00198266984887,0.0232820941449401,depleted,True,False,False,not displayed
Reactome,R-HSA-6811436,COPI-independent Golgi-to-ER retrograde traffic,24,61,794,1.4732739989654988,1.152314814258985,1.883631321205908,0.0019956080695663,0.0232820941449401,enriched,True,False,False,not displayed
Reactome,R-HSA-112316,Neuronal System,185,294,4160,1.2694667887787827,1.0908133093659638,1.4773801474324024,0.002047391334956,0.0235949367260173,enriched,True,True,True,annotated to synaptic or neuronal signaling and passed correction
GO BP,GO:0048513,animal organ development,51,57,3011,0.3452039563242446,0.175283809666947,0.6798447140573638,0.0020979727490299,0.0238865572028103,depleted,True,False,False,not displayed
Reactome,R-HSA-373760,L1CAM interactions,70,279,3890,1.415671630517034,1.1332317828559022,1.7685050805759086,0.0022014258755771,0.0246517336610158,enriched,True,False,False,not displayed
GO BP,GO:0032760,positive regulation of tumor necrosis factor production,39,67,954,1.311551138084387,1.102371102309546,1.5604240570227028,0.0022173517049591,0.0246517336610158,enriched,True,False,False,not displayed
Reactome,R-HSA-9659379,Sensory processing of sound,52,69,920,1.4756190277681407,1.1469751123582976,1.898429609893044,0.0024718504723189,0.0271616127481553,enriched,True,False,False,not displayed
GO BP,GO:0030177,positive regulation of Wnt signaling pathway,21,5,287,0.2948482362669036,0.1322344531392246,0.6574344307846365,0.0028344804634066,0.0307883222749337,depleted,True,False,False,not displayed
GO BP,GO:0060048,cardiac muscle contraction,26,118,1606,1.4501481194813757,1.1348817452363238,1.8529944439254888,0.0029619359907265,0.0318071535367788,enriched,True,False,False,not displayed
Reactome,R-HSA-380320,Recruitment of NuMA to mitotic centrosomes,39,60,844,1.3736621552748278,1.1126837275851482,1.6958527118299092,0.003144684814116,0.0333901926892092,enriched,True,False,False,not displayed
GO BP,GO:0046513,ceramide biosynthetic process,23,58,603,1.4523373225257818,1.1320231198169015,1.863286766389119,0.0033305644874722,0.034970927118458,enriched,True,False,False,not displayed
Reactome,R-HSA-5578775,Ion homeostasis,33,83,1078,1.642748363641064,1.176668610538519,2.29344282840207,0.0035500843102144,0.0367311683779877,enriched,True,False,False,not displayed
Reactome,R-HSA-9943411,CHD1 and CHD2 subfamily,21,10,265,0.557401193242006,0.3760610922445632,0.8261851508572378,0.0036031855221687,0.0367311683779877,depleted,True,False,False,not displayed
Reactome,R-HSA-9010553,Regulation of expression of SLITs and ROBOs,40,7,840,0.1701435040018701,0.0515904060125039,0.5611278179710018,0.0036253535992409,0.0367311683779877,depleted,True,False,False,not displayed
Reactome,R-HSA-418594,G alpha (i) signalling events,77,71,918,1.4525362249979843,1.129277552712662,1.8683285432029104,0.0036536823571755,0.0367311683779877,enriched,True,False,False,not displayed
Reactome,R-HSA-9006934,Signaling by Receptor Tyrosine Kinases,234,237,7517,0.5820741580189115,0.4035919935640837,0.839487231749624,0.0037738566413219,0.0375399423794652,depleted,True,False,False,not displayed
Reactome,R-HSA-1169408,ISG15 antiviral mechanism,24,16,196,1.6610604254625587,1.1771494894778929,2.343900890838958,0.0038733710999548,0.03812849676518,enriched,True,False,False,not displayed
Reactome,R-HSA-983189,Kinesins,29,57,716,1.4161980547137891,1.1168051790454656,1.7958521036671078,0.0040830779292137,0.0397784396196592,enriched,True,False,False,not displayed
Reactome,R-HSA-373076,Class A/1 (Rhodopsin-like receptors),60,53,613,1.46816613017541,1.1260873871821282,1.914160313248954,0.0045479996417205,0.0438557108308762,enriched,True,False,False,not displayed
Reactome,R-HSA-5626467,RHO GTPases activate IQGAPs,23,73,936,1.407921455529302,1.111214542063823,1.7838524874397277,0.004606214038969,0.0439684067356131,enriched,True,False,False,not displayed
Reactome,R-HSA-5685942,HDR through Homologous Recombination (HRR),29,18,566,0.5809021500497111,0.3974400835674658,0.8490520254107565,0.0050310610368481,0.0471263991322931,depleted,True,False,False,not displayed
Reactome,R-HSA-6807878,COPI-mediated anterograde transport,40,61,852,1.3679533880325314,1.0987197089547769,1.703160921368986,0.0050798283715585,0.0471263991322931,enriched,True,False,False,not displayed
Reactome,R-HSA-111996,Ca-dependent events,21,17,211,1.538492262569494,1.1381472070951792,2.079659315799086,0.0050866589539618,0.0471263991322931,enriched,True,False,False,not displayed
Reactome,R-HSA-376176,Signaling by ROBO receptors,60,13,1052,0.2435137584752884,0.089158886807207,0.6650929894962274,0.0058591389796389,0.0522347767524411,depleted,False,False,False,not displayed
Reactome,R-HSA-5673000,RAF activation,25,39,509,1.3474827676745755,1.090170764609763,1.6655278862021994,0.0058058862835929,0.0522347767524411,enriched,False,False,False,not displayed
Reactome,R-HSA-76009,Platelet Aggregation (Plug Formation),25,24,1613,0.2797716733599017,0.1131968186333582,0.6914698677894938,0.0057950655151571,0.0522347767524411,depleted,False,False,False,not displayed
Reactome,R-HSA-382551,Transport of small molecules,288,476,6993,1.265241059346402,1.0706533629514603,1.49519442393848,0.0057576577958098,0.0522347767524411,enriched,False,False,False,not displayed
GO BP,GO:0045747,positive regulation of Notch signaling pathway,23,37,481,1.2956064027392955,1.076507103678848,1.5592985360548353,0.0061445459607677,0.0542672517095839,enriched,False,False,False,not displayed
Reactome,R-HSA-9925563,Developmental Lineage of Pancreatic Ductal Cells,30,36,2765,0.2427523447203619,0.0879181461477482,0.6702677825827055,0.0062935681445487,0.0550687212648011,depleted,False,False,False,not displayed
Reactome,R-HSA-6794361,Neurexins and neuroligins,20,50,579,1.691155549449766,1.155279872953678,2.4755967444690476,0.0068837839037608,0.059680511826183,enriched,False,False,False,not displayed
GO BP,GO:0051209,release of sequestered calcium ion into cytosol,21,59,707,1.7998157676954976,1.16975540842515,2.7692428471063675,0.0075127765431831,0.0642897457654222,enriched,False,False,False,not displayed
Reactome,R-HSA-5693532,DNA Double-Strand Break Repair,63,43,1041,0.6722099365393899,0.5022848011053371,0.8996214852368727,0.0075514939470496,0.0642897457654222,depleted,False,False,False,not displayed
Reactome,R-HSA-6811434,COPI-dependent Golgi-to-ER retrograde traffic,39,59,770,1.3695851527173557,1.0860303646595442,1.727174075037809,0.007877087973015,0.066462929772314,enriched,False,False,False,not displayed
Reactome,R-HSA-5693607,Processing of DNA double-strand break ends,24,13,410,0.5915484162453625,0.4009928027418687,0.8726578790683603,0.0081290131024268,0.0679815697503834,depleted,False,False,False,not displayed
Reactome,R-HSA-9648025,EML4 and NUDC in mitotic spindle formation,38,56,801,1.3424504003352185,1.0774664733444987,1.672602463226695,0.0086628852258871,0.0718107591093272,enriched,False,False,False,not displayed
GO BP,GO:0000724,double-strand break repair via homologous recombination,41,23,670,0.6426705075490966,0.4608556631268717,0.8962141822692741,0.0091652203624871,0.0747422209418486,depleted,False,False,False,not displayed
Reactome,R-HSA-9820448,Developmental Cell Lineages of the Exocrine Pancreas,45,49,2877,0.3189598758156584,0.1349369005029904,0.753947971245164,0.0092280239445067,0.0747422209418486,depleted,False,False,False,not displayed
Reactome,R-HSA-9734767,Developmental Cell Lineages,75,69,3275,0.3969385209502768,0.1979323109406697,0.7960306665717759,0.0092537987832765,0.0747422209418486,depleted,False,False,False,not displayed
GO BP,GO:0065003,protein-containing complex assembly,54,65,1235,0.7840288897669342,0.6517540947711664,0.9431491185413966,0.0098556211253468,0.078928491215701,depleted,False,False,False,not displayed
GO BP,GO:0006874,intracellular calcium ion homeostasis,37,90,1127,1.612633822747703,1.1204588701560847,2.321002506685138,0.0101049348427927,0.0802450708104126,enriched,False,False,False,not displayed
Reactome,R-HSA-425407,SLC-mediated transmembrane transport,91,104,1502,1.3007128152051726,1.063829273464496,1.590343366026418,0.010369888838104,0.0816628746000689,enriched,False,False,False,not displayed
Reactome,R-HSA-163841,"Gamma carboxylation, hypusinylation, hydroxylation, and arylsulfatase activation",22,34,943,0.6248173670081446,0.4355747677388676,0.8962795162391916,0.010622670173595,0.082962176149151,depleted,False,False,False,not displayed
Reactome,R-HSA-204005,COPII-mediated vesicle transport,24,17,805,0.3763962623693805,0.1774531002520984,0.7983751544738886,0.0108670091198939,0.0841747837565552,depleted,False,False,False,not displayed
Reactome,R-HSA-5663220,RHO GTPases Activate Formins,47,73,1024,1.3674105054926655,1.073261879927826,1.7421763741925196,0.0113375052642437,0.0870342961239144,enriched,False,False,False,not displayed
Reactome,R-HSA-2682334,EPH-Ephrin signaling,39,65,866,1.427234839070515,1.0833947629082834,1.8802004177946023,0.0114203732480057,0.0870342961239144,enriched,False,False,False,not displayed
Reactome,R-HSA-6794362,Protein-protein interactions at synapses,30,52,637,1.6055418537638704,1.1112157736686687,2.319769666045199,0.0116805572562141,0.0883050128569785,enriched,False,True,False,not displayed
Reactome,R-HSA-5693538,Homology Directed Repair,43,22,650,0.6261854852550949,0.4348834404166457,0.9016399004949333,0.0118475149482314,0.0888563621117354,depleted,False,False,False,not displayed
Reactome,R-HSA-388396,GPCR downstream signalling,161,140,2027,1.2709613708894458,1.053745322982977,1.5329537138256648,0.0121600394299267,0.0904821831596908,enriched,False,False,False,not displayed
Reactome,R-HSA-9716542,"Signaling by Rho GTPases, Miro GTPases and RHOBTB3",204,240,3657,1.2208533951215836,1.0439549802496932,1.4277272876493234,0.0124678219466518,0.0920475917155152,enriched,False,False,False,not displayed
GO BP,GO:0030324,lung development,26,43,2524,0.3575850878585389,0.1593843718524244,0.8022561658503907,0.0126162730438896,0.0924215350889587,depleted,False,False,False,not displayed
GO BP,GO:0048666,neuron development,27,51,610,1.4923250580037384,1.0885641893681592,2.0458454361230727,0.0128746191243779,0.0935885774810547,enriched,False,True,False,not displayed
Reactome,R-HSA-5619102,SLC transporter disorders,66,113,1658,1.2691980866968402,1.0498005945202595,1.53444739094576,0.0138196387056012,0.0990693586092735,enriched,False,False,False,not displayed
Reactome,R-HSA-5693567,HDR through Homologous Recombination (HRR) or Single Strand Annealing (SSA),41,22,645,0.6307749645488275,0.4370365486879631,0.9103976706205692,0.0138382596152636,0.0990693586092735,depleted,False,False,False,not displayed
Reactome,R-HSA-425410,Metal ion SLC transporters,21,12,151,1.5023559151965724,1.085053257185953,2.0801497815690353,0.0142193910455471,0.1010325153236241,enriched,False,False,False,not displayed
Reactome,R-HSA-2173789,TGF-beta receptor signaling activates SMADs,20,36,1904,0.4197775012378394,0.2090700632190023,0.8428425755097221,0.0146566934374619,0.1033625022268768,depleted,False,False,False,not displayed
GO BP,GO:0030198,extracellular matrix organization,44,47,2925,0.3181744445548047,0.1263464136650636,0.8012493131473128,0.0150887253562918,0.1056210774940426,depleted,False,False,False,not displayed
GO BP,GO:0001501,skeletal system development,60,106,4309,0.467377739391871,0.2526974318620735,0.8644407252950832,0.0153379810219012,0.1063381769164876,depleted,False,False,False,not displayed
Reactome,R-HSA-5693606,DNA Double Strand Break Response,28,33,733,0.6968159643504213,0.5202178486731679,0.9333637617625472,0.0154162224736072,0.1063381769164876,depleted,False,False,False,not displayed
GO BP,GO:0071300,cellular response to retinoic acid,23,14,859,0.3015811112071149,0.1139103866538781,0.7984448943473205,0.0158163778640158,0.108307804938369,depleted,False,False,False,not displayed
Reactome,R-HSA-442742,CREB1 phosphorylation through NMDA receptor-mediated activation of RAS signaling,20,42,536,1.5224979143224655,1.0801447112596705,2.14600865509307,0.0163855460013067,0.1113981364837038,enriched,False,True,False,not displayed
GO BP,GO:0003009,skeletal muscle contraction,22,49,635,1.594572091151677,1.0887265844838772,2.3354441694699757,0.0165465543853289,0.11168924210097,enriched,False,False,False,not displayed
Reactome,R-HSA-69481,G2/M Checkpoints,43,31,705,0.6855929443110204,0.5033220382940006,0.9338706623740076,0.0166703688257154,0.1117269400021351,depleted,False,False,False,not displayed
GO BP,GO:0051496,positive regulation of stress fiber assembly,20,10,343,0.4915542929465935,0.2738023014288674,0.8824820743042536,0.0173718847434137,0.1156086695952531,depleted,False,False,False,not displayed
Reactome,R-HSA-5696399,Global Genome Nucleotide Excision Repair (GG-NER),25,22,261,1.7069096918845137,1.0973817623374449,2.654992816759945,0.0176776671451488,0.1168209472179413,enriched,False,False,False,not displayed
GO BP,GO:0032869,cellular response to insulin stimulus,38,68,1039,1.264727138638956,1.041092470734947,1.5364002527851426,0.0179992797155846,0.1181202731335239,enriched,False,False,False,not displayed
Reactome,R-HSA-9645723,Diseases of programmed cell death,29,39,711,0.7404175276522666,0.5760784236944302,0.9516379935546534,0.018918624884395,0.1232972449362294,depleted,False,False,False,not displayed
GO BP,GO:0060070,canonical Wnt signaling pathway,28,11,338,0.5205638724738477,0.300959483720607,0.9004093905760965,0.0195301821914538,0.1264111107597523,depleted,False,False,False,not displayed
Reactome,R-HSA-437239,Recycling pathway of L1,26,62,837,1.390207560404026,1.0532830997752938,1.8349075015224572,0.0199863575548341,0.1284837271382192,enriched,False,False,False,not displayed
GO BP,GO:0007017,microtubule-based process,23,44,612,1.3465268225873106,1.047668828943085,1.7306370427916755,0.0201420397317619,0.1286096455845608,enriched,False,False,False,not displayed
Reactome,R-HSA-5693565,Recruitment and ATM-mediated phosphorylation of repair and signaling proteins at DNA double strand breaks,22,33,710,0.7137081513925028,0.536493959500128,0.949459572366317,0.0205504152283206,0.128699505090713,depleted,False,False,False,not displayed
GO BP,GO:0046718,symbiont entry into host cell,26,49,617,1.377757570512489,1.0504774581504974,1.807003004563784,0.0205646828240187,0.128699505090713,enriched,False,False,False,not displayed
GO BP,GO:0009612,response to mechanical stimulus,28,49,2455,0.4203206858550471,0.2020109583718528,0.8745539369822298,0.0204184999135753,0.128699505090713,depleted,False,False,False,not displayed
Reactome,R-HSA-9007101,Rab regulation of trafficking,39,15,374,0.6598260086373315,0.4631240493476375,0.9400728860605276,0.0213252585041308,0.1325813768842342,depleted,False,False,False,not displayed
Reactome,R-HSA-8878159,Transcriptional regulation by RUNX3,23,38,680,0.8118124676768964,0.6794758759394376,0.9699232982546578,0.0216551223544744,0.1337522263070477,depleted,False,False,False,not displayed
GO BP,GO:0007186,G protein-coupled receptor signaling pathway,122,96,1292,1.3024381182076736,1.0390276988630804,1.6326273626935184,0.0218997548462642,0.1343848592838939,enriched,False,False,False,not displayed
Reactome,R-HSA-5358351,Signaling by Hedgehog,60,66,919,1.3450160377358005,1.0421715764852018,1.735864019500247,0.0227641311715074,0.1387877674649967,enriched,False,False,False,not displayed
Reactome,R-HSA-9709957,Sensory Perception,118,266,3787,1.30245449898759,1.0368269398160288,1.636133916653454,0.0231605548733813,0.1402995150983675,enriched,False,False,False,not displayed
Reactome,R-HSA-5696398,Nucleotide Excision Repair,32,24,296,1.6338672333268185,1.067625782955964,2.500428688362934,0.0237333890242141,0.1428538383941549,enriched,False,False,False,not displayed
GO BP,GO:0007265,Ras protein signal transduction,25,51,1018,0.7484718587832706,0.5807228105208344,0.9646773180616875,0.0252366122950949,0.1509404975877511,depleted,False,False,False,not displayed
Reactome,R-HSA-9020591,Interleukin-12 signaling,21,7,222,0.5746628702104943,0.3524187307456169,0.937059768928501,0.0263791468433129,0.1567817218045955,depleted,False,False,False,not displayed
Reactome,R-HSA-2500257,Resolution of Sister Chromatid Cohesion,43,64,1002,1.2633993486326671,1.0266792500083917,1.554699692345396,0.0271933133640825,0.1606105070566122,enriched,False,False,False,not displayed
Reactome,R-HSA-372790,Signaling by GPCR,182,152,2239,1.2301758692375675,1.0223149142890202,1.4802999037795197,0.0282564347777947,0.1658529867392297,enriched,False,False,False,not displayed
Reactome,R-HSA-112040,G-protein mediated events,34,24,342,1.3866866778408524,1.0348109237269218,1.8582138035186977,0.0285867220018628,0.1667558783441996,enriched,False,False,False,not displayed
Reactome,R-HSA-70171,Glycolysis,30,40,612,1.2823832140639349,1.0259824563019402,1.6028604559579132,0.028861046651837,0.1673232459262942,enriched,False,False,False,not displayed
Reactome,R-HSA-69473,G2/M DNA damage checkpoint,27,31,661,0.724738482351895,0.5407796686936057,0.9712751758412002,0.0311540042834922,0.1795154515115861,depleted,False,False,False,not displayed
Reactome,R-HSA-76002,"Platelet activation, signaling and aggregation",113,117,3327,0.6357957446164353,0.4206736798511693,0.9609258868189297,0.0316227131004361,0.1798571507681406,depleted,False,False,False,not displayed
Reactome,R-HSA-2132295,MHC class II antigen presentation,46,62,941,1.266736121123225,1.0208189524319773,1.5718951893825055,0.0317842795537349,0.1798571507681406,enriched,False,False,False,not displayed
Reactome,R-HSA-6811558,"PI5P, PP2A and IER3 Regulate PI3K/AKT Signaling",56,51,770,1.2484404393850763,1.019764564787087,1.528395459610246,0.0315867953649808,0.1798571507681406,enriched,False,False,False,not displayed
GO BP,GO:0032755,positive regulation of interleukin-6 production,28,35,522,1.280170749046892,1.0193852655037514,1.6076719981874694,0.0335699209798691,0.188384169296346,enriched,False,False,False,not displayed
Reactome,R-HSA-202733,Cell surface interactions at the vascular wall,41,40,1862,0.4278372017686043,0.1954291431967983,0.9366293492514688,0.0336898673133148,0.188384169296346,depleted,False,False,False,not displayed
GO BP,GO:0071560,cellular response to transforming growth factor beta stimulus,31,64,2756,0.4633278025226112,0.2271339273649875,0.9451368850126408,0.0344185578039819,0.1884812616346788,depleted,False,False,False,not displayed
GO BP,GO:0010468,regulation of gene expression,82,73,1616,0.7457940145463358,0.5681297685389685,0.979017018529965,0.0346218425443762,0.1884812616346788,depleted,False,False,False,not displayed
Reactome,R-HSA-9609690,HCMV Early Events,43,59,832,1.3131532904520098,1.019798536414218,1.690894331235382,0.0346876718688619,0.1884812616346788,enriched,False,False,False,not displayed
Reactome,R-HSA-611105,Respiratory electron transport,85,27,634,0.7108622486013882,0.517795715006744,0.9759160260336264,0.0347911013592139,0.1884812616346788,depleted,False,False,False,not displayed
Reactome,R-HSA-2980736,Peptide hormone metabolism,31,18,368,0.6001345270544669,0.3734953844450603,0.964299601983079,0.0348374516786519,0.1884812616346788,depleted,False,False,False,not displayed
Reactome,R-HSA-5620924,Intraflagellar transport,28,44,618,1.3558939175241544,1.0214738092604372,1.7997997588504624,0.0351143337177295,0.1884812616346788,enriched,False,False,False,not displayed
GO BP,GO:0006869,lipid transport,20,68,843,1.454696342659659,1.0258704384625543,2.062776516417409,0.0354363224157793,0.1884812616346788,enriched,False,False,False,not displayed
GO BP,GO:0000278,mitotic cell cycle,45,59,862,1.297938228963818,1.017855944136812,1.6550904437016245,0.0354914469912924,0.1884812616346788,enriched,False,False,False,not displayed
Reactome,R-HSA-211859,Biological oxidations,50,25,585,0.6577686921497372,0.4451264451872184,0.97199269342535,0.035502290551294,0.1884812616346788,depleted,False,False,False,not displayed
GO BP,GO:0032543,mitochondrial translation,27,1,109,0.1625253013796763,0.0296823035913433,0.8899064557866129,0.0362194261978197,0.191214289144914,depleted,False,False,False,not displayed
Reactome,R-HSA-3214841,PKMTs methylate histone lysines,31,20,618,0.523204484947245,0.2848190815091578,0.9611116348611294,0.036812120965101,0.1932636350667803,depleted,False,False,False,not displayed
GO BP,GO:0051604,protein maturation,35,11,348,0.5446376184581234,0.3071064680664904,0.9658869684747708,0.037641361590498,0.1954455313352781,depleted,False,False,False,not displayed
GO BP,GO:0006366,transcription by RNA polymerase II,37,25,414,0.8016915743181615,0.6510217728259716,0.9872317749725072,0.0374352360226666,0.1954455313352781,depleted,False,False,False,not displayed
Reactome,R-HSA-170834,Signaling by TGF-beta Receptor Complex,37,66,2824,0.4843604704809862,0.2432470456512184,0.964472414193069,0.0391181882119799,0.2020037587995683,depleted,False,False,False,not displayed
Reactome,R-HSA-1489509,DAG and IP3 signaling,24,18,253,1.4090564510772576,1.0163466433968589,1.9535068032365897,0.0396597621789979,0.2036873655388751,enriched,False,False,False,not displayed
Reactome,R-HSA-2219530,Constitutive Signaling by Aberrant PI3K in Cancer,44,42,626,1.2857863211499996,1.0112456620565875,1.6348613652336608,0.0402420521557269,0.2055607529035779,enriched,False,False,False,not displayed
GO BP,GO:0071805,potassium ion transmembrane transport,66,144,2067,1.211858010883927,1.0083568861533525,1.4564286302897338,0.0404885392518683,0.205707901037718,enriched,False,False,False,not displayed
Reactome,R-HSA-3928662,EPHB-mediated forward signaling,20,44,576,1.4819386647548491,1.016091832387078,2.16136193215533,0.0410614208117151,0.2075029019629453,enriched,False,False,False,not displayed
Reactome,R-HSA-2467813,Separation of Sister Chromatids,49,64,1020,1.2413929833721713,1.0080024645451755,1.5288221937641844,0.0418495967558552,0.209626247392496,enriched,False,False,False,not displayed
Reactome,R-HSA-1236975,Antigen processing-Cross presentation,25,20,289,1.4246381449295966,1.013003708571372,2.003540388663292,0.0419252494784992,0.209626247392496,enriched,False,False,False,not displayed
GO BP,GO:0051260,protein homooligomerization,42,83,1071,1.2783451998957898,1.0087318917501589,1.620020605536039,0.0421598947490567,0.2096900028308346,enriched,False,False,False,not displayed
GO BP,GO:0006511,ubiquitin-dependent protein catabolic process,47,45,607,1.390461600715731,1.0107223295630858,1.9128730082580792,0.0428124060478424,0.2118205430115762,enriched,False,False,False,not displayed
Reactome,R-HSA-9663891,Selective autophagy,36,88,1325,1.259741226580371,1.0063624056877587,1.5769149850760578,0.0438674343167655,0.2159100282778302,enriched,False,False,False,not displayed
Reactome,R-HSA-877300,Interferon gamma signaling,27,30,409,1.341906552189959,1.0071114370859178,1.787997959809409,0.0446015276962266,0.2183857185126121,enriched,False,False,False,not displayed
Reactome,R-HSA-379716,Cytosolic tRNA aminoacylation,21,13,170,1.7113515979786342,1.009851285184132,2.9001540473060983,0.045887566603193,0.2235244868042133,enriched,False,False,False,not displayed
Reactome,R-HSA-9013148,CDC42 GTPase cycle,38,11,286,0.6423756812806275,0.4137420388782521,0.9973521593781672,0.0486310226021808,0.2356734172259531,depleted,False,False,False,not displayed
Reactome,R-HSA-9979719,Processing of antigen in germinal center B cells,35,53,814,1.260007123970112,0.998797150746008,1.5895299173306927,0.0511944855278693,0.2468305552236555,enriched,False,False,False,not displayed
Reactome,R-HSA-5654741,Signaling by FGFR3,24,45,655,1.2492789691787087,0.9984375511631232,1.5631402695282168,0.0516156126133143,0.247597735632396,enriched,False,False,False,not displayed
GO BP,GO:0006898,receptor-mediated endocytosis,30,50,1019,0.834095132242614,0.6945213784293734,1.001718177781869,0.0521823987753263,0.24905235779133,depleted,False,False,False,not displayed
GO BP,GO:0120162,positive regulation of cold-induced thermogenesis,43,82,1193,1.1894516253647964,0.998124096344668,1.417454176554019,0.0524995697894562,0.2493070022665131,enriched,False,False,False,not displayed
GO BP,GO:0010595,positive regulation of endothelial cell migration,24,12,312,0.6583175799192484,0.4309798692534463,1.0055737331338717,0.0530782820742705,0.249987275864234,depleted,False,False,False,not displayed
Reactome,R-HSA-112043,PLC beta mediated events,30,21,309,1.336207402581983,0.9960388446657028,1.79255079485794,0.0531718967711228,0.249987275864234,enriched,False,False,False,not displayed
Reactome,R-HSA-2565942,Regulation of PLK1 Activity at G2/M Transition,33,43,660,1.2819993742060027,0.9944361430713632,1.6527178812995331,0.0552447335696863,0.2584468971453146,enriched,False,False,False,not displayed
Reactome,R-HSA-3781860,Diseases associated with N-glycosylation of proteins,20,12,332,0.5550394959943108,0.3035891347606036,1.0147558223931414,0.055822779832665,0.2598646647382681,depleted,False,False,False,not displayed
Reactome,R-HSA-5607764,CLEC7A (Dectin-1) signaling,30,19,231,1.5364224301775802,0.986994280413609,2.3916996590532955,0.0571683966409442,0.2642216125563117,enriched,False,False,False,not displayed
Reactome,R-HSA-500792,GPCR ligand binding,96,85,1104,1.2896260148866794,0.992120307791488,1.6763443356730845,0.0573179159513692,0.2642216125563117,enriched,False,False,False,not displayed
Reactome,R-HSA-75153,Apoptotic execution phase,21,21,427,0.7015122530221347,0.4863697098834241,1.0118217297252037,0.0578134306585233,0.2652120969529346,depleted,False,False,False,not displayed
GO BP,GO:0042742,defense response to bacterium,23,19,189,1.6355542972620514,0.9812682250095568,2.7261025997925388,0.0590991255433637,0.2682403971684581,enriched,False,False,False,not displayed
Reactome,R-HSA-69275,G2/M Transition,57,86,1198,1.2290167366755702,0.9917522151443248,1.5230438772540127,0.0595214531438114,0.2682403971684581,enriched,False,False,False,not displayed
Reactome,R-HSA-453274,Mitotic G2-G2/M phases,57,86,1198,1.2290167366755702,0.9917522151443248,1.5230438772540127,0.0595214531438114,0.2682403971684581,enriched,False,False,False,not displayed
Reactome,R-HSA-9609646,HCMV Infection,51,60,872,1.2750821844832203,0.990098838776439,1.6420932067708545,0.0597137516164871,0.2682403971684581,enriched,False,False,False,not displayed
Reactome,R-HSA-5653656,Vesicle-mediated transport,230,285,6793,0.7547433523047469,0.5629964555586778,1.0117959397860494,0.0598928294206822,0.2682403971684581,depleted,False,False,False,not displayed
GO BP,GO:0098655,monoatomic cation transmembrane transport,30,59,808,1.4325696072455745,0.9831304180577112,2.0874704331274887,0.0612859919738151,0.2731852000719588,enriched,False,False,False,not displayed
GO BP,GO:0000226,microtubule cytoskeleton organization,47,50,711,1.266044340179871,0.9880426265535066,1.622266315465169,0.0621953438560266,0.2759370889387095,enriched,False,False,False,not displayed
Reactome,R-HSA-8854518,AURKA Activation by TPX2,30,41,631,1.2883651481614735,0.9868100018897652,1.6820712718947073,0.06254629963436,0.276197444647057,enriched,False,False,False,not displayed
Reactome,R-HSA-8986944,Transcriptional Regulation by MECP2,37,85,1102,1.2855637261461124,0.9866125087088294,1.675099473597305,0.0628583672376999,0.2762844513470995,enriched,False,False,False,not displayed
GO BP,GO:0008284,positive regulation of cell population proliferation,159,216,3167,1.190466786357681,0.9894498693587824,1.4323223574118156,0.0646598706938002,0.2817375458861369,enriched,False,False,False,not displayed
Reactome,R-HSA-597592,Post-translational protein modification,466,439,9457,0.822896305134054,0.6691576038714195,1.0119564136842654,0.0646952883145944,0.2817375458861369,depleted,False,False,False,not displayed
Reactome,R-HSA-1474165,Reproduction,52,52,1190,0.7273303219630699,0.5182624805947499,1.0207364357918018,0.0655778026002477,0.284270749803826,depleted,False,False,False,not displayed
GO BP,GO:0007264,small GTPase-mediated signal transduction,28,15,371,0.6908629782871256,0.4649531637126619,1.0265370622635888,0.0671947723124042,0.2899500449096893,depleted,False,False,False,not displayed
Reactome,R-HSA-453279,Mitotic G1 phase and G1/S transition,43,10,255,0.6154484453108341,0.3652801315737115,1.0369487855900197,0.068199727019635,0.2922376750314678,depleted,False,False,False,not displayed
Reactome,R-HSA-8939236,RUNX1 regulates transcription of genes involved in differentiation of HSCs,23,11,255,0.582026917717815,0.3252256444193289,1.0416009277279707,0.0683434139491581,0.2922376750314678,depleted,False,False,False,not displayed
Reactome,R-HSA-1632852,Macroautophagy,48,108,1638,1.2225607559713518,0.9847415094890932,1.517814358020416,0.0686547625730497,0.2922466244663602,enriched,False,False,False,not displayed
Reactome,R-HSA-2408522,Selenoamino acid metabolism,41,10,321,0.5854201090983773,0.328577601862998,1.0430312419154282,0.0692135099589293,0.2933038874941174,depleted,False,False,False,not displayed
GO BP,GO:0006661,phosphatidylinositol biosynthetic process,22,22,462,0.7527192835019364,0.5538398424061928,1.0230147352601031,0.0695786170178363,0.2935347905439968,depleted,False,False,False,not displayed
Reactome,R-HSA-5250941,Negative epigenetic regulation of rRNA expression,20,6,166,0.5537499501825794,0.2913523834497434,1.052467818167352,0.0712434815192794,0.2952854826128027,depleted,False,False,False,not displayed
Reactome,R-HSA-427413,NoRC negatively regulates rRNA expression,20,6,166,0.5537499501825794,0.2913523834497434,1.052467818167352,0.0712434815192794,0.2952854826128027,depleted,False,False,False,not displayed
Reactome,R-HSA-72737,Cap-dependent Translation Initiation,30,5,208,0.4191279864122418,0.1629398715743967,1.0781171440519512,0.0712372125785334,0.2952854826128027,depleted,False,False,False,not displayed
Reactome,R-HSA-72613,Eukaryotic Translation Initiation,30,5,208,0.4191279864122418,0.1629398715743967,1.0781171440519512,0.0712372125785334,0.2952854826128027,depleted,False,False,False,not displayed
GO BP,GO:0007268,chemical synaptic transmission,65,122,1757,1.2574311603143025,0.979523812810326,1.6141854871225492,0.0722334035735196,0.2980810758819913,enriched,False,True,False,not displayed
Reactome,R-HSA-1236394,Signaling by ERBB4,29,58,786,1.2883385772682796,0.9768283635421444,1.6991892860879685,0.0728145723995167,0.2991729170327969,enriched,False,False,False,not displayed
GO BP,GO:0006979,response to oxidative stress,52,67,2412,0.5684512424921185,0.3060942942621855,1.0556773554689325,0.0737046392134936,0.3015189786006556,depleted,False,False,False,not displayed
GO BP,GO:0006813,potassium ion transport,57,132,1902,1.1965582200642038,0.982704858564816,1.456949725570917,0.0740459726696366,0.301609673158649,enriched,False,False,False,not displayed
Reactome,R-HSA-6802955,Paradoxical activation of RAF signaling by kinase inactive BRAF,32,66,992,1.2601208998651692,0.9715719876876072,1.6343664724796163,0.0813980560502963,0.3098105961467365,enriched,False,False,False,not displayed
Reactome,R-HSA-9841922,MLL4 and MLL3 complexes regulate expression of PPARG target genes in adipogenesis and hepatic steatosis,40,35,716,0.744385740662754,0.5335607595540195,1.0385136481273354,0.0822883170717787,0.3098105961467365,depleted,False,False,False,not displayed
Reactome,R-HSA-9851695,Epigenetic regulation of adipogenesis genes by MLL3 and MLL4 complexes,40,35,716,0.744385740662754,0.5335607595540195,1.0385136481273354,0.0822883170717787,0.3098105961467365,depleted,False,False,False,not displayed
Reactome,R-HSA-9818564,Epigenetic regulation of gene expression by MLL3 and MLL4 complexes,40,35,716,0.744385740662754,0.5335607595540195,1.0385136481273354,0.0822883170717787,0.3098105961467365,depleted,False,False,False,not displayed
GO BP,GO:0007166,cell surface receptor signaling pathway,86,38,1122,0.6150560332693497,0.3555878776749347,1.0638549506652464,0.0821077238727814,0.3098105961467365,depleted,False,False,False,not displayed
Reactome,R-HSA-6802946,Signaling by moderate kinase activity BRAF mutants,32,66,992,1.2601208998651692,0.9715719876876072,1.6343664724796163,0.0813980560502963,0.3098105961467365,enriched,False,False,False,not displayed
Reactome,R-HSA-6802949,Signaling by RAS mutants,32,66,992,1.2601208998651692,0.9715719876876072,1.6343664724796163,0.0813980560502963,0.3098105961467365,enriched,False,False,False,not displayed
Reactome,R-HSA-9649948,Signaling downstream of RAS mutants,32,66,992,1.2601208998651692,0.9715719876876072,1.6343664724796163,0.0813980560502963,0.3098105961467365,enriched,False,False,False,not displayed
Reactome,R-HSA-449147,Signaling by Interleukins,145,105,2554,0.7086032317483164,0.4815410893876635,1.042732491805967,0.0805174065571204,0.3098105961467365,depleted,False,False,False,not displayed
GO BP,GO:0007160,cell-matrix adhesion,37,28,1214,0.446922438092604,0.1826193208558229,1.093748814389311,0.0777736325652656,0.3098105961467365,depleted,False,False,False,not displayed
Reactome,R-HSA-5617472,Activation of anterior HOX genes in hindbrain development during early embryogenesis,35,36,668,0.7060772364879824,0.4780167370704144,1.0429447867074744,0.0803388454600386,0.3098105961467365,depleted,False,False,False,not displayed
GO BP,GO:0009060,aerobic respiration,35,17,404,0.6966089542531395,0.4662946524030197,1.0406811072030857,0.0775141804756728,0.3098105961467365,depleted,False,False,False,not displayed
Reactome,R-HSA-9725370,Signaling by ALK fusions and activated point mutants,42,78,1031,1.2563849548392991,0.9749730622004756,1.6190223257901386,0.0777151181632361,0.3098105961467365,enriched,False,False,False,not displayed
Reactome,R-HSA-9700206,Signaling by ALK in cancer,42,78,1031,1.2563849548392991,0.9749730622004756,1.6190223257901386,0.0777151181632361,0.3098105961467365,enriched,False,False,False,not displayed
Reactome,R-HSA-5619507,Activation of HOX genes during differentiation,35,36,668,0.7060772364879824,0.4780167370704144,1.0429447867074744,0.0803388454600386,0.3098105961467365,depleted,False,False,False,not displayed
GO BP,GO:0045087,innate immune response,43,41,592,1.3354250012315918,0.9666829621104368,1.8448240051950564,0.0793501177134555,0.3098105961467365,enriched,False,False,False,not displayed
Reactome,R-HSA-9656223,Signaling by RAF1 mutants,31,66,991,1.2615848874589628,0.9726818353252448,1.6362970608293992,0.0799025695955627,0.3098105961467365,enriched,False,False,False,not displayed
Reactome,R-HSA-9006936,Signaling by TGFB family members,69,109,3514,0.6029021845385406,0.3420092570118497,1.0628105428992831,0.0802232051100391,0.3098105961467365,depleted,False,False,False,not displayed
GO BP,GO:0000723,telomere maintenance,25,10,306,0.6055144414177149,0.3461644198582915,1.0591722249083284,0.0786637492052483,0.3098105961467365,depleted,False,False,False,not displayed
GO BP,GO:0051384,response to glucocorticoid,23,52,755,1.2172764259241435,0.974317644403882,1.520820140763483,0.0834613354474734,0.3129643022539243,enriched,False,False,False,not displayed
Reactome,R-HSA-5685938,HDR through Single Strand Annealing (SSA),20,15,405,0.685353474129529,0.4466006832877832,1.0517435420015708,0.0837883264235374,0.3129643022539243,depleted,False,False,False,not displayed
Reactome,R-HSA-1500620,Meiosis,42,52,1168,0.7424027235538772,0.5291500454392404,1.0415983305504637,0.0846909160500605,0.3145495154863794,depleted,False,False,False,not displayed
Reactome,R-HSA-936837,Ion transport by P-type ATPases,25,41,660,1.3132207698446272,0.9632231406661188,1.7903938532443275,0.0848784406868008,0.3145495154863794,enriched,False,False,False,not displayed
GO BP,GO:0006816,calcium ion transport,47,84,1191,1.4544745239352246,0.9473965647556714,2.232957369147917,0.0867249967501267,0.3201371950346474,enriched,False,False,False,not displayed
GO BP,GO:0008584,male gonad development,32,67,889,1.2359402480823247,0.9689568583415626,1.5764874191037814,0.0880032616348542,0.3234488208490075,enriched,False,False,False,not displayed
Reactome,R-HSA-2187338,Visual phototransduction,50,181,2470,1.3021881281775056,0.9611758751833116,1.7641869349280532,0.0883066622000465,0.3234488208490075,enriched,False,False,False,not displayed
Reactome,R-HSA-913531,Interferon Signaling,105,132,1897,1.1939675443882,0.9729497452675004,1.465192322611122,0.0896149085497718,0.3252648942784167,enriched,False,False,False,not displayed
Reactome,R-HSA-380284,Loss of proteins required for interphase microtubule organization from the centrosome,28,40,629,1.2593031308737086,0.9647882168412774,1.6437227857325925,0.0898350660388008,0.3252648942784167,enriched,False,False,False,not displayed
Reactome,R-HSA-380259,Loss of Nlp from mitotic centrosomes,28,40,629,1.2593031308737086,0.9647882168412774,1.6437227857325925,0.0898350660388008,0.3252648942784167,enriched,False,False,False,not displayed
GO BP,GO:0030168,platelet activation,26,22,1102,0.4004349062473524,0.1368156075648407,1.1720016231725066,0.0948533640675692,0.3293171972295663,depleted,False,False,False,not displayed
GO BP,GO:0042552,myelination,25,76,1114,1.324137625040492,0.952308410456029,1.841147710969242,0.0950310435469004,0.3293171972295663,enriched,False,False,False,not displayed
GO BP,GO:0042776,proton motive force-driven mitochondrial ATP synthesis,32,12,265,0.7456323560898199,0.5282201513019475,1.052530103362617,0.0951360791996525,0.3293171972295663,depleted,False,False,False,not displayed
GO BP,GO:1990573,potassium ion import across plasma membrane,23,70,1019,1.1934310428794928,0.969932991807602,1.468428918428786,0.0946342790240232,0.3293171972295663,enriched,False,False,False,not displayed
Reactome,R-HSA-3108214,SUMOylation of DNA damage response and repair proteins,34,17,472,0.6769012503684367,0.4280822851026508,1.0703439938900563,0.0950749445501078,0.3293171972295663,depleted,False,False,False,not displayed
Reactome,R-HSA-9612973,Autophagy,53,121,1820,1.1791703687421198,0.9721892798245214,1.4302181554299789,0.09421085374822,0.3293171972295663,enriched,False,False,False,not displayed
Reactome,R-HSA-1168372,Downstream signaling events of B Cell Receptor (BCR),24,21,277,1.3848051124249077,0.9476511824999744,2.0236192755431013,0.0925348993750397,0.3293171972295663,enriched,False,False,False,not displayed
Reactome,R-HSA-5621481,C-type lectin receptors (CLRs),42,45,615,1.2735179576179922,0.9599628917251148,1.689490294214329,0.093610778772995,0.3293171972295663,enriched,False,False,False,not displayed
Reactome,R-HSA-5663205,Infectious disease,419,300,6923,0.8120470905823401,0.6370872275053551,1.0350552465246223,0.0926281736125422,0.3293171972295663,depleted,False,False,False,not displayed
Reactome,R-HSA-9909396,Circadian clock,31,25,530,0.7063720040694828,0.4710728493332931,1.059202220716636,0.0926193139837093,0.3293171972295663,depleted,False,False,False,not displayed
Reactome,R-HSA-9764560,Regulation of CDH1 Gene Transcription,25,15,371,0.6326253812360156,0.3716614364732452,1.07682647083786,0.0915557979350952,0.3293171972295663,depleted,False,False,False,not displayed
Reactome,R-HSA-1169410,Antimicrobial mechanism of IFN-stimulated genes,76,109,1497,1.2232485819251446,0.9665123543252746,1.5481820656358554,0.093619932935042,0.3293171972295663,enriched,False,False,False,not displayed
Reactome,R-HSA-380287,Centrosome maturation,30,40,633,1.2506740419814064,0.9585479380575264,1.6318282030379117,0.0993374423287863,0.3320702302433453,enriched,False,False,False,not displayed
Reactome,R-HSA-9793380,Formation of paraxial mesoderm,20,18,381,0.7546364758140051,0.5398697620075144,1.0548399830940247,0.0994453705384833,0.3320702302433453,depleted,False,False,False,not displayed
GO BP,GO:0007507,heart development,85,191,4784,0.7150467024614926,0.479806302199484,1.0656212399821292,0.0994022594307145,0.3320702302433453,depleted,False,False,False,not displayed
Reactome,R-HSA-9664323,FCGR3A-mediated IL10 synthesis,20,12,167,1.4718211063640567,0.9293969524232768,2.3308203921806427,0.0993871912748442,0.3320702302433453,enriched,False,False,False,not displayed
Reactome,R-HSA-380270,Recruitment of mitotic centrosome proteins and complexes,30,40,633,1.2506740419814064,0.9585479380575264,1.6318282030379117,0.0993374423287863,0.3320702302433453,enriched,False,False,False,not displayed
Reactome,R-HSA-9958825,Activation of STAT3 by cadherin engagement,32,50,720,1.3120371432530236,0.9512637860844408,1.809636286440897,0.0978349572409411,0.3320702302433453,enriched,False,False,False,not displayed
Reactome,R-HSA-5610787,Hedgehog 'off' state,42,47,715,1.2503006754659935,0.9586664039819244,1.630652511215147,0.0992520784416568,0.3320702302433453,enriched,False,False,False,not displayed
GO BP,GO:0006955,immune response,80,72,2465,0.5955574173436605,0.32188339932081,1.101916526610138,0.0987683046101284,0.3320702302433453,depleted,False,False,False,not displayed
Reactome,R-HSA-211945,Phase I - Functionalization of compounds,33,23,467,0.7244432771763377,0.494547846032364,1.0612078609915674,0.0979258395003809,0.3320702302433453,depleted,False,False,False,not displayed
GO BP,GO:0001666,response to hypoxia,57,133,1887,1.2991626333370505,0.9516997392343712,1.7734832513635963,0.0993057120199742,0.3320702302433453,enriched,False,False,False,not displayed
Reactome,R-HSA-375276,Peptide ligand-binding receptors,37,23,279,1.356396995869494,0.9424487658104926,1.952162151564362,0.1008126922029703,0.3344624944745831,enriched,False,False,False,not displayed
Reactome,R-HSA-5674135,MAP2K and MAPK activation,24,60,903,1.2652722252831308,0.9552349567493268,1.6759372055654764,0.1008696411907473,0.3344624944745831,enriched,False,False,False,not displayed
Reactome,R-HSA-6804756,Regulation of TP53 Activity through Phosphorylation,31,37,753,0.765027832839543,0.5549869656150493,1.0545609559867064,0.1019247548874898,0.3365180756571423,depleted,False,False,False,not displayed
Reactome,R-HSA-382556,ABC-family protein mediated transport,31,114,1584,1.318915878289872,0.9463230612144644,1.8382084990856145,0.1022017859403173,0.3365180756571423,enriched,False,False,False,not displayed
GO BP,GO:0051726,regulation of cell cycle,67,107,2066,0.8092469611639003,0.6271155923880737,1.0442742169098416,0.1037414716153571,0.3404017037378904,depleted,False,False,False,not displayed
Reactome,R-HSA-3781865,Diseases of glycosylation,85,70,1558,0.7036101226790265,0.4589243787865502,1.0787555153322,0.1068956932612042,0.348332517695993,depleted,False,False,False,not displayed
Reactome,R-HSA-114608,Platelet degranulation ,53,66,1469,0.7917769719921987,0.5961632478261966,1.0515756810958303,0.1068220557987719,0.348332517695993,depleted,False,False,False,not displayed
Reactome,R-HSA-983705,Signaling by the B Cell Receptor (BCR),41,38,569,1.2877655788119715,0.9453418561517868,1.7542227451173649,0.1088019557812236,0.3531115461013357,enriched,False,False,False,not displayed
GO BP,GO:0003341,cilium movement,22,2,104,0.4318313421844501,0.1545929504752217,1.2062536326500386,0.109109599430254,0.3531115461013357,depleted,False,False,False,not displayed
Reactome,R-HSA-9639288,Amino acids regulate mTORC1,20,13,178,1.4469494438542432,0.9199266485388036,2.2759017758596767,0.1098601129815943,0.3539204600465559,enriched,False,False,False,not displayed
GO BP,GO:0150104,transport across blood-brain barrier,37,44,630,1.3611403868627925,0.9324729658258032,1.9868706339472568,0.1101085875700396,0.3539204600465559,enriched,False,False,False,not displayed
Reactome,R-HSA-5619115,Disorders of transmembrane transporters,94,176,2796,1.1559297835411542,0.9666482158865236,1.3822750019272316,0.1122374166205536,0.3579969481562857,enriched,False,False,False,not displayed
Reactome,R-HSA-109704,PI3K Cascade,21,29,446,1.224949014938524,0.9534515712142166,1.5737559562547891,0.1124815149880491,0.3579969481562857,enriched,False,False,False,not displayed
Reactome,R-HSA-3928665,EPH-ephrin mediated repulsion of cells,23,34,466,1.3418378167707632,0.9332237196928288,1.9293645119830145,0.1125133265634041,0.3579969481562857,enriched,False,False,False,not displayed
Reactome,R-HSA-9913351,Formation of the dystrophin-glycoprotein complex (DGC),23,47,666,1.3002227547754843,0.9390464342873016,1.8003148197022127,0.1138279161142018,0.3609643648587943,enriched,False,False,False,not displayed
GO BP,GO:0001822,kidney development,48,69,2350,0.5956198448769179,0.3129386011899728,1.133650493298655,0.1145708430021065,0.3621051726989653,depleted,False,False,False,not displayed
Reactome,R-HSA-9918487,Dengue Virus Genome Translation and Replication,22,12,131,1.7865878274705482,0.8675020966450431,3.679410202707517,0.1153996249344672,0.3635088185435717,enriched,False,False,False,not displayed
Reactome,R-HSA-381426,Regulation of Insulin-like Growth Factor (IGF) transport and uptake by Insulin-like Growth Factor Binding Proteins (IGFBPs),59,60,2253,0.56795097457563,0.2802027355240458,1.1511961470259326,0.116555957123488,0.3659314932946716,depleted,False,False,False,not displayed
GO BP,GO:0050890,cognition,26,43,834,0.7913318551428152,0.5898349503103737,1.061663274843678,0.1185431393588649,0.3709379691858521,depleted,False,False,False,not displayed
GO BP,GO:0007229,integrin-mediated signaling pathway,29,20,1012,0.3999224248655648,0.1261288289828679,1.2680522541922412,0.1195561496755717,0.372873140077278,depleted,False,False,False,not displayed
GO BP,GO:0007040,lysosome organization,28,72,931,1.1877175206178474,0.9559268274965116,1.475712228389944,0.1204035277500502,0.3733332081672535,enriched,False,False,False,not displayed
Reactome,R-HSA-8957275,Post-translational protein phosphorylation,53,58,2204,0.5634448446222519,0.2730198223921474,1.1628096822779437,0.1206749866705515,0.3733332081672535,depleted,False,False,False,not displayed
Reactome,R-HSA-977443,GABA receptor activation,27,40,504,1.380949946268336,0.9184194610087963,2.0764180584804217,0.1208888483589202,0.3733332081672535,enriched,False,False,False,not displayed
Reactome,R-HSA-109581,Apoptosis,50,56,959,0.8335256670329063,0.6616822165095707,1.0499980508280775,0.122147607552828,0.3742653275664052,depleted,False,False,False,not displayed
Reactome,R-HSA-9614085,FOXO-mediated transcription,26,64,917,1.172499800305887,0.9582176741217532,1.4347009232295438,0.1222250051930329,0.3742653275664052,enriched,False,False,False,not displayed
GO BP,GO:1904707,positive regulation of vascular associated smooth muscle cell proliferation,20,16,369,0.733304027542565,0.4943703152186393,1.0877165967627511,0.1230679680087519,0.3742653275664052,depleted,False,False,False,not displayed
GO BP,GO:0006302,double-strand break repair,34,25,708,0.6512738166475083,0.3775764474837269,1.123368756386461,0.123133794429845,0.3742653275664052,depleted,False,False,False,not displayed
GO BP,GO:0090263,positive regulation of canonical Wnt signaling pathway,36,24,954,0.4662634627829766,0.1767368564870091,1.2300864745908398,0.1231709173260868,0.3742653275664052,depleted,False,False,False,not displayed
Reactome,R-HSA-2029480,Fcgamma receptor (FCGR) dependent phagocytosis,41,54,802,1.2939201455310496,0.9318741222297804,1.7966260711318085,0.1238833397928778,0.375223577257274,enriched,False,False,False,not displayed
Reactome,R-HSA-69206,G1/S Transition,34,6,173,0.6253469160999433,0.3434885426793215,1.1384914397007972,0.1246117606722663,0.3762240058635516,depleted,False,False,False,not displayed
Reactome,R-HSA-9938026,Immunoglobulin maturation,109,148,2317,1.166513717373599,0.9577247967084128,1.42081969423526,0.1258406636111333,0.3775219908333999,enriched,False,False,False,not displayed
Reactome,R-HSA-9938027,Affinity selection of immunoglobulins,109,148,2317,1.166513717373599,0.9577247967084128,1.42081969423526,0.1258406636111333,0.3775219908333999,enriched,False,False,False,not displayed
GO BP,GO:0070374,positive regulation of ERK1 and ERK2 cascade,58,69,1065,1.1930887941153172,0.9509683601877836,1.4968540807839883,0.1271176005530822,0.377755133719065,enriched,False,False,False,not displayed
Reactome,R-HSA-6802948,Signaling by high-kinase activity BRAF mutants,23,59,899,1.2482973414605976,0.9390468642996485,1.659391359407555,0.1267626804690618,0.377755133719065,enriched,False,False,False,not displayed
Reactome,R-HSA-201681,TCF dependent signaling in response to WNT,69,56,1117,0.7985248679581098,0.598188160071898,1.0659555091676782,0.1268571146567981,0.377755133719065,depleted,False,False,False,not displayed
GO BP,GO:0007179,transforming growth factor beta receptor signaling pathway,34,56,1981,0.5239284874833346,0.2279528520041066,1.2042010336050966,0.127915525087021,0.3789347059787926,depleted,False,False,False,not displayed
GO BP,GO:0030217,T cell differentiation,20,18,242,1.3380455253323904,0.9157914814182704,1.954992882320028,0.1322489395307587,0.3905476495517718,enriched,False,False,False,not displayed
Reactome,R-HSA-2408557,Selenocysteine synthesis,23,2,98,0.3397985586815809,0.0827610288559895,1.3951380508209277,0.1341590429335458,0.3945133559783824,depleted,False,False,False,not displayed
Reactome,R-HSA-69620,Cell Cycle Checkpoints,72,50,1040,0.8063561422368871,0.6082552070394378,1.0689760163138182,0.1345782255833471,0.3945133559783824,depleted,False,False,False,not displayed
GO BP,GO:0006952,defense response,32,34,433,1.2652712397655232,0.9293641141229954,1.7225878273646291,0.1350054024800679,0.3945133559783824,enriched,False,False,False,not displayed
Reactome,R-HSA-445717,Aquaporin-mediated transport,20,11,262,0.5852325235615194,0.2897450426999801,1.1820637324546983,0.1352617220497311,0.3945133559783824,depleted,False,False,False,not displayed
GO BP,GO:0007596,blood coagulation,36,68,1547,0.7477514035304127,0.5094611738174983,1.0974971012844978,0.1375974166917309,0.400090950072879,depleted,False,False,False,not displayed
Reactome,R-HSA-6785807,Interleukin-4 and Interleukin-13 signaling,38,42,1245,0.5652344798057882,0.2645978826346871,1.2074549273790631,0.1406947897089876,0.4067771131135134,depleted,False,False,False,not displayed
GO BP,GO:0006974,DNA damage response,94,91,1806,0.8184481943616201,0.626922361868415,1.0684854897461655,0.1407577946964221,0.4067771131135134,depleted,False,False,False,not displayed
GO BP,GO:0050821,protein stabilization,74,75,1489,0.8477328237834868,0.6800864940670388,1.0567052085129105,0.1417289994705599,0.4083350746941436,depleted,False,False,False,not displayed
Reactome,R-HSA-2980766,Nuclear Envelope Breakdown,23,16,299,0.7277173433489024,0.4758477931253158,1.112903200270427,0.1425244709192568,0.4093787994489291,depleted,False,False,False,not displayed
GO BP,GO:0002062,chondrocyte differentiation,23,39,1478,0.5019169184071096,0.1995493553458013,1.2624475410944482,0.1429824317624763,0.4094496909561821,depleted,False,False,False,not displayed
Reactome,R-HSA-446193,"Biosynthesis of the N-glycan precursor (dolichol lipid-linked oligosaccharide, LLO) and transfer to a nascent protein",43,25,623,0.6666900975667427,0.3871782338392103,1.1479872765216896,0.1436740617844108,0.4101872760914448,depleted,False,False,False,not displayed
GO BP,GO:0007015,actin filament organization,39,53,751,1.2810535791577375,0.9183026005322638,1.7870996681503912,0.1447793584678971,0.4120978727474781,enriched,False,False,False,not displayed
GO BP,GO:0010467,gene expression,58,110,3453,0.6398827825000831,0.3507104766744452,1.1674871512895513,0.1455977551838699,0.4131828187650361,depleted,False,False,False,not displayed
Reactome,R-HSA-157118,Signaling by NOTCH,65,75,1533,0.7603229679345475,0.5252269806023177,1.1006498845620194,0.1465391101859338,0.4139459455583933,depleted,False,False,False,not displayed
GO BP,GO:0006950,response to stress,20,35,522,1.2741331650173235,0.9183018368976325,1.76784501235625,0.1470811360325719,0.4139459455583933,enriched,False,False,False,not displayed
Reactome,R-HSA-975956,Nonsense Mediated Decay (NMD) independent of the Exon Junction Complex (EJC),23,2,94,0.3518163079370668,0.0856790974262327,1.444631400757174,0.1471807806429843,0.4139459455583933,depleted,False,False,False,not displayed
Reactome,R-HSA-3906995,Diseases associated with O-glycosylation of proteins,27,11,480,0.4003765532525163,0.1151531646345529,1.3920710290776062,0.14994902069559,0.4196433039752086,depleted,False,False,False,not displayed
GO BP,GO:0001701,in utero embryonic development,21,24,1030,0.4530926228269917,0.1541552308606734,1.331728568106701,0.1500946420567413,0.4196433039752086,depleted,False,False,False,not displayed
Reactome,R-HSA-5625740,RHO GTPases activate PKNs,20,32,401,1.3262572881562444,0.9024217441026186,1.9491533818665787,0.1506197071405823,0.4198690951264019,enriched,False,False,False,not displayed
Reactome,R-HSA-8936459,RUNX1 regulates genes involved in megakaryocyte differentiation and platelet function,24,23,501,0.6744531176819376,0.3921182295824008,1.160076154672361,0.1546271234615982,0.429772446091795,depleted,False,False,False,not displayed
GO BP,GO:0001503,ossification,24,38,1402,0.5052532254830079,0.1969365146367604,1.296259468853889,0.155548969388458,0.4310667920002721,depleted,False,False,False,not displayed
GO BP,GO:0002181,cytoplasmic translation,22,2,91,0.3599406159148974,0.0873696245118284,1.482863726484892,0.1571896854503117,0.4339169795050948,depleted,False,False,False,not displayed
GO BP,GO:0008544,epidermis development,33,19,742,0.5006061561259401,0.1917882135706649,1.3066836532102757,0.1574957925611085,0.4339169795050948,depleted,False,False,False,not displayed
GO BP,GO:0007267,cell-cell signaling,69,110,1590,1.1703059506175049,0.9399372569077832,1.457135577917744,0.1596777224120235,0.4386495572074482,enriched,False,False,False,not displayed
GO BP,GO:0016197,endosomal transport,21,3,118,0.4841416133673645,0.1759259310519277,1.33233969769226,0.1601861877298283,0.4387708620425731,depleted,False,False,False,not displayed
Reactome,R-HSA-9954716,ZNF598 and the Ribosome-associated Quality Trigger (RQT) complex dissociate a ribosome stalled on a no-go mRNA,22,2,92,0.364528316042985,0.0885018658718507,1.501447363714837,0.1623349954313567,0.4429352478030099,depleted,False,False,False,not displayed
GO BP,GO:0021987,cerebral cortex development,31,67,1757,0.6600633975694842,0.3681942102653507,1.1832985871694774,0.1630545087274316,0.4429352478030099,depleted,False,False,False,not displayed
GO BP,GO:0050793,regulation of developmental process,20,41,1052,0.6262590733736407,0.324207260111266,1.2097212963343578,0.1635565510162766,0.4429352478030099,depleted,False,False,False,not displayed
Reactome,R-HSA-1483255,PI Metabolism,29,31,591,0.8677835324823342,0.7108238425360974,1.059402082744962,0.1635813772309529,0.4429352478030099,depleted,False,False,False,not displayed
GO BP,GO:0007010,cytoskeleton organization,51,43,619,1.3069180092172128,0.8963414848190627,1.9055624577736352,0.1641588892182804,0.443229000889357,enriched,False,False,False,not displayed
Reactome,R-HSA-3769402,Deactivation of the beta-catenin transactivating complex,22,31,407,1.1965549072221162,0.9283297236789088,1.5422792241569323,0.1658337423343709,0.4454290005183521,enriched,False,False,False,not displayed
Reactome,R-HSA-9816359,Maternal to zygotic transition (MZT),29,41,637,0.8880026052260646,0.750646496559881,1.0504926493390665,0.1659164107750899,0.4454290005183521,depleted,False,False,False,not displayed
Reactome,R-HSA-1296072,Voltage gated Potassium channels,23,86,1192,1.1824669714288962,0.932500106460732,1.499440191837775,0.1665944826700549,0.4459823969495803,enriched,False,False,False,not displayed
Reactome,R-HSA-72689,Formation of a pool of free 40S subunits,22,2,89,0.3690214164074946,0.0893648846850429,1.5238290324810944,0.1682585180185482,0.4484992019840492,depleted,False,False,False,not displayed
GO BP,GO:0071260,cellular response to mechanical stimulus,37,37,1184,0.5908121277508253,0.2793545923995518,1.2495193556661128,0.1684838272003571,0.4484992019840492,depleted,False,False,False,not displayed
Reactome,R-HSA-6791226,Major pathway of rRNA processing in the nucleolus and cytosol,36,4,142,0.5050011342783894,0.1901035740025277,1.3415115784149794,0.1705007360843738,0.4525932460666664,depleted,False,False,False,not displayed
Reactome,R-HSA-383280,Nuclear Receptor transcription pathway,22,41,515,1.2719520213950903,0.9005805378747755,1.796465587129996,0.1720783568623065,0.4542291822203341,enriched,False,False,False,not displayed
GO BP,GO:0007416,synapse assembly,24,16,344,0.7592964670732675,0.5116177964565107,1.1268785583750751,0.1716252409124528,0.4542291822203341,depleted,False,True,False,not displayed
Reactome,R-HSA-5684996,MAPK1/MAPK3 signaling,113,174,2803,1.1390177107395911,0.9444269523711644,1.3737021609995204,0.173257825444354,0.4560686491501798,enriched,False,False,False,not displayed
Reactome,R-HSA-445355,Smooth Muscle Contraction,22,29,427,1.3665543072229995,0.8710734305367335,2.143872845988476,0.1740717561416808,0.456938359871912,enriched,False,False,False,not displayed
Reactome,R-HSA-9018519,Estrogen-dependent gene expression,33,25,510,0.8384810448598036,0.6497267867320828,1.0820709211102502,0.1757915787106645,0.4580879715316251,depleted,False,False,False,not displayed
Reactome,R-HSA-9764725,Negative Regulation of CDH1 Gene Transcription,22,12,292,0.6399888276177507,0.3353677824120544,1.2213030617601175,0.1758494177688753,0.4580879715316251,depleted,False,False,False,not displayed
Reactome,R-HSA-199418,Negative regulation of the PI3K/AKT network,59,66,1038,1.1456187676923772,0.9408725839496168,1.394920399720438,0.1759639509692909,0.4580879715316251,enriched,False,False,False,not displayed
GO BP,GO:0032981,mitochondrial respiratory chain complex I assembly,25,7,182,0.6107675364297623,0.2986955160444199,1.2488871225673353,0.1766967496306598,0.4587319461565206,depleted,False,False,False,not displayed
Reactome,R-HSA-9748784,Drug ADME,24,17,234,1.3291346852879675,0.8791677862590329,2.009399160486351,0.1772413091410069,0.4588850332554836,enriched,False,False,False,not displayed
Reactome,R-HSA-9769739,Regulation of clotting cascade,29,72,1516,0.7803713689357085,0.5434874080116413,1.1205033722539297,0.1790902709109196,0.4619090481217977,depleted,False,False,False,not displayed
Reactome,R-HSA-446219,Synthesis of substrates in N-glycan biosythesis,29,19,491,0.6503270365039687,0.3469131995581756,1.2191097223935747,0.1795780432103405,0.4619090481217977,depleted,False,False,False,not displayed
GO BP,GO:0030183,B cell differentiation,31,33,500,1.244461327540712,0.9040058723037504,1.7131348846194507,0.1798756928135678,0.4619090481217977,enriched,False,False,False,not displayed
Reactome,R-HSA-9012999,RHO GTPase cycle,126,105,1712,1.172511082585683,0.9289430132755168,1.4799424928539735,0.1803808229207307,0.461950887967725,enriched,False,False,False,not displayed
Reactome,R-HSA-192823,Viral mRNA Translation,21,2,87,0.379254265990457,0.0914626681214287,1.5725956964321437,0.1815138427223542,0.4635961658719587,depleted,False,False,False,not displayed
GO BP,GO:0008104,intracellular protein localization,43,82,2565,0.6438018054179212,0.3370920980977117,1.2295772193960794,0.1822191578684819,0.4636761625268826,depleted,False,False,False,not displayed
Reactome,R-HSA-72764,Eukaryotic Translation Termination,21,2,87,0.3800119777178838,0.0916119944720055,1.576312185334918,0.1825264893756617,0.4636761625268826,depleted,False,False,False,not displayed
Reactome,R-HSA-6782135,Dual incision in TC-NER,22,10,135,1.5109916662903982,0.8205659217806561,2.7823429598985028,0.1851314128885478,0.4690326680420313,enriched,False,False,False,not displayed
Reactome,R-HSA-9954714,PELO:HBS1L and ABCE1 dissociate a ribosome on a non-stop mRNA,20,2,86,0.3827511489698618,0.0921338152280133,1.590061604148207,0.1862596786809252,0.4706294020146371,depleted,False,False,False,not displayed
Reactome,R-HSA-400206,Regulation of lipid metabolism by PPARalpha,38,37,735,0.8389379245670466,0.6463736954748985,1.0888698692476353,0.1868214080795589,0.4707314433580629,depleted,False,False,False,not displayed
GO BP,GO:0007368,determination of left/right symmetry,24,8,232,0.662231493712462,0.3587997070648572,1.2222712076667483,0.1874724374001471,0.4707314433580629,depleted,False,False,False,not displayed
Reactome,R-HSA-156827,L13a-mediated translational silencing of Ceruloplasmin expression,25,3,109,0.4736465608702495,0.1556621821845534,1.4412046746089922,0.1880876578691719,0.4707314433580629,depleted,False,False,False,not displayed
GO BP,GO:0008283,cell population proliferation,28,20,250,1.373440742170225,0.8560635729146566,2.2035039592102263,0.1882925773432252,0.4707314433580629,enriched,False,False,False,not displayed
Reactome,R-HSA-9769740,Coagulation pathway,36,83,1719,0.8048818877451211,0.5809029535216422,1.1152204499783351,0.1920378814744677,0.4788279630431978,depleted,False,False,False,not displayed
GO BP,GO:0045597,positive regulation of cell differentiation,42,110,1523,1.2137303760492095,0.9069314494558148,1.6243139728239473,0.1926076137215507,0.4789847235970142,enriched,False,False,False,not displayed
Reactome,R-HSA-9033241,Peroxisomal protein import,25,26,359,1.2455194443844215,0.8931288724980446,1.736948310718815,0.1956981282852059,0.4853929953530698,enriched,False,False,False,not displayed
GO BP,GO:0000165,MAPK cascade,40,80,1164,1.160439400199942,0.925366728590828,1.455228030066596,0.1976094071077273,0.4888504966408437,enriched,False,False,False,not displayed
Reactome,R-HSA-72706,GTP hydrolysis and joining of the 60S ribosomal subunit,24,3,107,0.4821027575452396,0.1580860863054692,1.4702310257944755,0.1996666534792515,0.4923765250913144,depleted,False,False,False,not displayed
Reactome,R-HSA-1912422,Pre-NOTCH Expression and Processing,25,44,908,0.7001308627769699,0.4058415343924722,1.207819268046599,0.2000768101958357,0.4923765250913144,depleted,False,False,False,not displayed
Reactome,R-HSA-983695,Antigen activates B Cell Receptor (BCR) leading to generation of second messengers,20,22,337,1.3030498423005727,0.866039108268986,1.9605799268272524,0.2040931837147748,0.4945334836165697,enriched,False,False,False,not displayed
Reactome,R-HSA-168928,DDX58/IFIH1-mediated induction of interferon-alpha/beta,25,16,319,0.8220292724202589,0.6074894548612969,1.1123355628783134,0.2040621756592927,0.4945334836165697,depleted,False,False,False,not displayed
Reactome,R-HSA-5389840,Mitochondrial translation elongation,21,1,51,0.349202412142079,0.0689674159591934,1.7681150286679876,0.2036105385501521,0.4945334836165697,depleted,False,False,False,not displayed
GO BP,GO:0007611,learning or memory,22,70,1011,1.1958927811955278,0.9083904325715578,1.5743886030007417,0.2022597773951684,0.4945334836165697,enriched,False,False,False,not displayed
GO BP,GO:0006887,exocytosis,22,10,228,0.7701973736893141,0.5158083765141415,1.150047229645278,0.2017708133084503,0.4945334836165697,depleted,False,False,False,not displayed
GO BP,GO:0015031,protein transport,25,19,276,1.342910507897382,0.8530734174348342,2.1140133959911673,0.2028127678905426,0.4945334836165697,enriched,False,False,False,not displayed
Reactome,R-HSA-68877,Mitotic Prometaphase,71,73,1233,1.151614051298799,0.9258255487320676,1.4324674070240386,0.2048605442521813,0.494597774063116,enriched,False,False,False,not displayed
GO BP,GO:0071320,cellular response to cAMP,20,51,824,1.1280460012605764,0.9362185853129872,1.3591780818307204,0.2051664840558111,0.494597774063116,enriched,False,False,False,not displayed
Reactome,R-HSA-76005,Response to elevated platelet cytosolic Ca2+,56,71,1516,0.8286828142221859,0.6183538009701421,1.11055386982308,0.2083845419065059,0.5010773335919799,depleted,False,False,False,not displayed
Reactome,R-HSA-211897,Cytochrome P450 - arranged by substrate type,25,23,412,0.8033648159266494,0.5684912089698961,1.135277058440908,0.2146394951569806,0.5012950867506143,depleted,False,False,False,not displayed
Reactome,R-HSA-9664407,Parasite infection,25,36,526,1.291508511270318,0.8620718315086734,1.9348668796712576,0.214840751464549,0.5012950867506143,enriched,False,False,False,not displayed
Reactome,R-HSA-9664422,FCGR3A-mediated phagocytosis,25,36,526,1.291508511270318,0.8620718315086734,1.9348668796712576,0.214840751464549,0.5012950867506143,enriched,False,False,False,not displayed
Reactome,R-HSA-9664417,Leishmania phagocytosis,25,36,526,1.291508511270318,0.8620718315086734,1.9348668796712576,0.214840751464549,0.5012950867506143,enriched,False,False,False,not displayed
Reactome,R-HSA-1268020,Mitochondrial protein import,30,27,450,0.8310440735520259,0.6203201467260886,1.113351316785306,0.2148393738862969,0.5012950867506143,depleted,False,False,False,not displayed
Reactome,R-HSA-72187,mRNA 3'-end processing,43,6,225,0.5182567555162156,0.1841956366313572,1.4581782150233091,0.2130040250814019,0.5012950867506143,depleted,False,False,False,not displayed
Reactome,R-HSA-5673001,RAF/MAP kinase cascade,109,166,2676,1.1313222694364136,0.9320941582703098,1.3731338899257273,0.2118600980744613,0.5012950867506143,enriched,False,False,False,not displayed
GO BP,GO:0009410,response to xenobiotic stimulus,93,175,4293,0.7548416009178227,0.4854224000758758,1.1737938801075494,0.2118095188313586,0.5012950867506143,depleted,False,False,False,not displayed
Reactome,R-HSA-5250913,Positive epigenetic regulation of rRNA expression,22,28,395,1.3254850415920394,0.8518932124112095,2.0623601290488836,0.2115516159742281,0.5012950867506143,enriched,False,False,False,not displayed
Reactome,R-HSA-1989781,PPARA activates gene expression,37,37,728,0.8462030190088196,0.6518775707679119,1.0984571052753394,0.2096465776369939,0.5012950867506143,depleted,False,False,False,not displayed
GO BP,GO:0030335,positive regulation of cell migration,83,66,1749,0.7130147060858366,0.4205415360359682,1.2088935991597038,0.2092120641645178,0.5012950867506143,depleted,False,False,False,not displayed
Reactome,R-HSA-1280218,Adaptive Immune System,323,339,7377,0.8436202888084418,0.6458363604567144,1.1019744865184598,0.2121786740280246,0.5012950867506143,depleted,False,False,False,not displayed
Reactome,R-HSA-1226099,Signaling by FGFR in disease,26,42,659,1.170301347105051,0.9105500682017934,1.5041514913514555,0.2193814506290297,0.5106292385330864,enriched,False,False,False,not displayed
GO BP,GO:0051289,protein homotetramerization,35,49,697,1.4035677531687702,0.8145184165723173,2.4186100616674304,0.222061223446653,0.5118240394075294,enriched,False,False,False,not displayed
Reactome,R-HSA-5654743,Signaling by FGFR4,21,38,594,1.1493174545227438,0.9196253996083884,1.4363789993546745,0.2211718249622658,0.5118240394075294,enriched,False,False,False,not displayed
GO BP,GO:0050728,negative regulation of inflammatory response,37,46,818,0.8544895894133209,0.6640485568987422,1.099546788906106,0.2215790517708304,0.5118240394075294,depleted,False,False,False,not displayed
GO BP,GO:0045596,negative regulation of cell differentiation,21,43,598,1.3155201133018086,0.8473644324820367,2.042324532589218,0.2217159978062438,0.5118240394075294,enriched,False,False,False,not displayed
GO BP,GO:0045471,response to ethanol,49,89,1303,1.1917567210818711,0.8963131872802799,1.584584609932427,0.2274687746378677,0.5230121460651702,enriched,False,False,False,not displayed
Reactome,R-HSA-196854,Metabolism of vitamins and cofactors,100,127,2334,0.9094945952332848,0.7791733889899006,1.0616127686687182,0.229258475376863,0.5258477165804261,depleted,False,False,False,not displayed
GO BP,GO:0001843,neural tube closure,20,22,435,0.8140826900573195,0.5811256783847443,1.1404256444028438,0.2317041592438415,0.5280378478692269,depleted,False,False,False,not displayed
Reactome,R-HSA-111885,Opioid Signalling,47,35,513,1.2359128673645596,0.8733255333202931,1.7490392269993125,0.2318896368949515,0.5280378478692269,enriched,False,False,False,not displayed
GO BP,GO:0071356,cellular response to tumor necrosis factor,21,45,1197,0.6523784745098338,0.3241723509776532,1.3128746875550663,0.2312763632455633,0.5280378478692269,depleted,False,False,False,not displayed
Reactome,R-HSA-6781827,Transcription-Coupled Nucleotide Excision Repair (TC-NER),25,10,141,1.4466280701670249,0.7890559680204099,2.652198143365464,0.2325075395524748,0.5281721751853093,enriched,False,False,False,not displayed
GO BP,GO:0007189,adenylate cyclase-activating G protein-coupled receptor signaling pathway,36,28,385,1.224434375797703,0.8768922699830026,1.709719188953703,0.2345445477325717,0.5315218168040293,enriched,False,False,False,not displayed
GO BP,GO:0001649,osteoblast differentiation,47,82,1860,0.7365454631573698,0.4444649286789914,1.220566988063791,0.2353965119356122,0.5321763248305108,depleted,False,False,False,not displayed
GO BP,GO:0003180,aortic valve morphogenesis,25,23,436,0.8215504774627664,0.5932615243021658,1.1376857580865631,0.2366556322435863,0.5326965775724911,depleted,False,False,False,not displayed
Reactome,R-HSA-3214815,HDACs deacetylate histones,20,11,280,0.7506753652809233,0.4667936886691798,1.207200349358223,0.2367540344766627,0.5326965775724911,depleted,False,False,False,not displayed
Reactome,R-HSA-9679191,Potential therapeutics for SARS,41,41,706,1.2194198234994842,0.8768061708044422,1.6959104023860274,0.2384842736291478,0.5353150560084197,enriched,False,False,False,not displayed
GO BP,GO:0006355,regulation of DNA-templated transcription,333,351,5695,0.903746005911126,0.7627896712748595,1.070749741321559,0.242064273515258,0.5420633613078645,depleted,False,False,False,not displayed
Reactome,R-HSA-9830369,Kidney development,26,28,543,0.7359205608837907,0.4395911132751057,1.2320064159090065,0.2434672042668736,0.5439160946387602,depleted,False,False,False,not displayed
GO BP,GO:0001525,angiogenesis,57,70,2346,0.6420119659557941,0.3024818521945723,1.362658160944109,0.2484528380107813,0.5447515821814114,depleted,False,False,False,not displayed
Reactome,R-HSA-9824585,Regulation of MITF-M-dependent genes involved in pigmentation,22,54,721,1.236697430688764,0.8622149517238221,1.773827433651466,0.2483308975105501,0.5447515821814114,enriched,False,False,False,not displayed
Reactome,R-HSA-8951664,Neddylation,43,33,721,0.7689208437125326,0.4925901547442711,1.2002660999234458,0.2474563400964737,0.5447515821814114,depleted,False,False,False,not displayed
Reactome,R-HSA-975957,Nonsense Mediated Decay (NMD) enhanced by the Exon Junction Complex (EJC),29,5,138,0.6104175853975152,0.2647446767627998,1.4074301063147547,0.2468091044724294,0.5447515821814114,depleted,False,False,False,not displayed
Reactome,R-HSA-68867,Assembly of the pre-replicative complex,24,5,106,0.6807251623147133,0.3552259781838899,1.3044843988535972,0.2464620843292825,0.5447515821814114,depleted,False,False,False,not displayed
GO BP,GO:0006310,DNA recombination,22,15,386,0.713873186366586,0.4037786355170008,1.262114637543089,0.246331013339379,0.5447515821814114,depleted,False,False,False,not displayed
GO BP,GO:0002376,immune system process,20,10,245,0.6395237355481095,0.3011473693578533,1.3581078566334908,0.2446686648076482,0.5447515821814114,depleted,False,False,False,not displayed
Reactome,R-HSA-927802,Nonsense-Mediated Decay (NMD),29,5,138,0.6104175853975152,0.2647446767627998,1.4074301063147547,0.2468091044724294,0.5447515821814114,depleted,False,False,False,not displayed
Reactome,R-HSA-1640170,Cell Cycle,217,183,3398,0.9031077317019393,0.7593119463075142,1.0741350495353723,0.2494160373516951,0.545597581706833,depleted,False,False,False,not displayed
Reactome,R-HSA-9692914,SARS-CoV-1-host interactions,30,15,349,0.7281797824035537,0.4230968473026433,1.2532492238638675,0.2521693626125464,0.5503465304130633,depleted,False,False,False,not displayed
GO BP,GO:0007612,learning,21,10,192,0.7680545433777403,0.4884014224647052,1.2078338728544944,0.2532488718746349,0.5505318189429232,depleted,False,False,False,not displayed
GO BP,GO:0042981,regulation of apoptotic process,53,75,1018,1.208501544216076,0.8731677105776472,1.6726179457626271,0.2534194087197583,0.5505318189429232,enriched,False,False,False,not displayed
Reactome,R-HSA-391251,Protein folding,36,92,1245,1.1570174611607271,0.9001568917749524,1.487173422392127,0.2548159897192673,0.5520960965119139,enriched,False,False,False,not displayed
GO BP,GO:0086091,regulation of heart rate by cardiac conduction,31,57,865,1.1093655115227532,0.9277074615782028,1.3265947393184745,0.2553079303446628,0.5520960965119139,enriched,False,False,False,not displayed
Reactome,R-HSA-5655302,Signaling by FGFR1 in disease,20,36,570,1.155841214903683,0.8999273972623867,1.4845296610972063,0.2566974273014587,0.5538334904106814,enriched,False,False,False,not displayed
Reactome,R-HSA-418346,Platelet homeostasis,33,32,503,1.2119543533137795,0.8686050528649574,1.6910255698737944,0.2580021676593462,0.5542873442567555,enriched,False,False,False,not displayed
GO BP,GO:0007417,central nervous system development,62,98,1973,0.796615993824607,0.5371632750966504,1.181385755574941,0.2580808798655793,0.5542873442567555,depleted,False,False,False,not displayed
Reactome,R-HSA-390522,Striated Muscle Contraction,28,42,680,1.1999606772379354,0.8744295451489281,1.6466799811436923,0.258912829620081,0.554813206328745,enriched,False,False,False,not displayed
Reactome,R-HSA-166520,Signaling by NTRKs,54,81,1322,1.106571507073938,0.9278391010899956,1.319733668078207,0.2598717661341683,0.5556081877755408,enriched,False,False,False,not displayed
Reactome,R-HSA-983231,Factors involved in megakaryocyte development and platelet production,71,117,1609,1.1287903767743996,0.9126533311284644,1.396113585782924,0.263926530318201,0.5630035466155755,enriched,False,False,False,not displayed
Reactome,R-HSA-9013404,RAC2 GTPase cycle,36,24,361,1.295721188238494,0.8219409514745586,2.042596119147303,0.2645913207971143,0.5631504462911554,enriched,False,False,False,not displayed
GO BP,GO:0030334,regulation of cell migration,47,32,646,0.8076893542813556,0.5544869313097326,1.1765148215098835,0.2657370385935326,0.5643179808334569,depleted,False,False,False,not displayed
Reactome,R-HSA-69002,DNA Replication Pre-Initiation,30,6,128,0.7169787816875862,0.3982285204643078,1.2908632781772071,0.2674336574498529,0.5666475477356749,depleted,False,False,False,not displayed
Reactome,R-HSA-5357801,Programmed Cell Death,59,67,1091,0.8817679287890047,0.7057405541431336,1.1017004417223286,0.26807733020616,0.5667406645298013,depleted,False,False,False,not displayed
GO BP,GO:0006812,monoatomic cation transport,24,40,617,1.275648201749266,0.8248824163145816,1.9727397534990596,0.2737329538656102,0.5679686869069168,enriched,False,False,False,not displayed
Reactome,R-HSA-3214847,HATs acetylate histones,31,37,504,1.234893070555731,0.8467063712228007,1.8010504556665088,0.2731777391397606,0.5679686869069168,enriched,False,False,False,not displayed
GO BP,GO:0006338,chromatin remodeling,116,135,2624,0.8641235669354296,0.6655394812573965,1.1219612960037466,0.2729911284110411,0.5679686869069168,depleted,False,False,False,not displayed
Reactome,R-HSA-6799198,Complex I biogenesis,39,9,204,0.772419178235851,0.486983976940448,1.2251560937486614,0.272561043557653,0.5679686869069168,depleted,False,False,False,not displayed
GO BP,GO:0007155,cell adhesion,107,84,1867,0.8171675348153158,0.5690778590481979,1.1734119845621764,0.274067429872544,0.5679686869069168,depleted,False,False,False,not displayed
Reactome,R-HSA-975634,Retinoid metabolism and transport,20,54,996,0.8880370329292377,0.7189698351213959,1.0968607211742196,0.2704654643416441,0.5679686869069168,depleted,False,False,False,not displayed
Reactome,R-HSA-9012852,Signaling by NOTCH3,21,30,779,0.641051935541949,0.2909350682848268,1.4125061873247935,0.2699598998170779,0.5679686869069168,depleted,False,False,False,not displayed
GO BP,GO:0007200,phospholipase C-activating G protein-coupled receptor signaling pathway,40,29,422,1.2394734637054974,0.8468728362336116,1.8140792826259844,0.2692723767481405,0.5679686869069168,enriched,False,False,False,not displayed
GO BP,GO:0032757,positive regulation of interleukin-8 production,20,17,224,1.198529461438698,0.8675247119080479,1.655829338598475,0.2721153168015275,0.5679686869069168,enriched,False,False,False,not displayed
GO BP,GO:0060078,regulation of postsynaptic membrane potential,30,34,482,1.2714473067588508,0.8261298233531502,1.9568089762246577,0.2749558252085681,0.5685629208360982,enriched,False,True,False,not displayed
GO BP,GO:0045214,sarcomere organization,21,25,433,1.235494959433244,0.842620979414952,1.8115473410652505,0.278796983289358,0.5717632609909338,enriched,False,False,False,not displayed
GO BP,GO:0098609,cell-cell adhesion,70,58,1172,0.8578775637006975,0.649995532219629,1.1322445737248088,0.2789236648855243,0.5717632609909338,depleted,False,False,False,not displayed
GO BP,GO:0001764,neuron migration,34,57,1462,0.6828374494639278,0.3431083534128724,1.3589496663444078,0.2772602850010625,0.5717632609909338,depleted,False,True,False,not displayed
Reactome,R-HSA-5683057,MAPK family signaling cascades,131,187,3092,1.1038856709497702,0.9231846732229594,1.319956461445637,0.2785114005401008,0.5717632609909338,enriched,False,False,False,not displayed
Reactome,R-HSA-9022692,Regulation of MECP2 expression and activity,23,34,438,1.2245032508250815,0.8469361157614886,1.7703911586448997,0.2815813357623701,0.5754548703737005,enriched,False,False,False,not displayed
Reactome,R-HSA-5633007,Regulation of TP53 Activity,55,59,1140,0.870112615632031,0.6753128237732896,1.1211040827742085,0.2819424391354744,0.5754548703737005,depleted,False,False,False,not displayed
GO BP,GO:0000281,mitotic cytokinesis,28,16,300,0.8162213551221174,0.5634392391597064,1.1824119696579152,0.2828660007292704,0.5759514424190014,depleted,False,False,False,not displayed
Reactome,R-HSA-109582,Hemostasis,243,304,6041,0.875323993438383,0.6862810015540982,1.1164407753585774,0.2834046780156991,0.5759514424190014,depleted,False,False,False,not displayed
GO BP,GO:0031667,response to nutrient levels,32,59,1396,0.7300285813249461,0.4091694322730622,1.302496441610161,0.2867431251165021,0.581485521963722,depleted,False,False,False,not displayed
GO BP,GO:0006914,autophagy,26,71,903,1.1532907878804537,0.8861163142205931,1.5010215025550269,0.2888063863116854,0.5828711509501168,enriched,False,False,False,not displayed
Reactome,R-HSA-9856649,Transcriptional and post-translational regulation of MITF-M expression and activity,41,46,652,1.12025908831336,0.9082826570721974,1.38170691158416,0.2886409453504592,0.5828711509501168,enriched,False,False,False,not displayed
Reactome,R-HSA-5687128,MAPK6/MAPK4 signaling,23,13,306,0.7482885597418627,0.4376751752336315,1.2793409366698874,0.2892767934345024,0.5828711509501168,depleted,False,False,False,not displayed
Reactome,R-HSA-379724,tRNA Aminoacylation,39,25,385,1.2441617289506708,0.8284422060090239,1.8684929335537273,0.2923840555678796,0.5829175791384942,enriched,False,False,False,not displayed
Reactome,R-HSA-4420097,VEGFA-VEGFR2 Pathway,53,57,920,1.1872398923205385,0.8630231742884634,1.6332569088650548,0.2915540539868363,0.5829175791384942,enriched,False,False,False,not displayed
GO BP,GO:0043434,response to peptide hormone,27,36,1060,0.6397498238399051,0.2787381773288244,1.468330750474724,0.2919813979874007,0.5829175791384942,depleted,False,False,False,not displayed
Reactome,R-HSA-6806667,Metabolism of fat-soluble vitamins,23,56,1022,0.8946521865896752,0.7277092665910917,1.09989328391972,0.2907726830803977,0.5829175791384942,depleted,False,False,False,not displayed
Reactome,R-HSA-912446,Meiotic recombination,27,33,741,0.7698527111723397,0.473846992011308,1.250769144663597,0.290819952679176,0.5829175791384942,depleted,False,False,False,not displayed
GO BP,GO:0010718,positive regulation of epithelial to mesenchymal transition,26,35,1012,0.634330511632801,0.2706639486861541,1.486622802709871,0.2948606998658241,0.5864737711961596,depleted,False,False,False,not displayed
Reactome,R-HSA-211000,Gene Silencing by RNA,22,7,158,0.7066873345979847,0.3688056864250487,1.3541195465886535,0.2954090106765841,0.5864737711961596,depleted,False,False,False,not displayed
Reactome,R-HSA-8980692,RHOA GTPase cycle,37,13,188,1.3108983573614383,0.788547719202836,2.1792650736091774,0.2965238882293183,0.5874529861146872,enriched,False,False,False,not displayed
Reactome,R-HSA-9013408,RHOG GTPase cycle,27,5,149,0.6169536084809792,0.2484654199741287,1.5319304998552083,0.297964763336912,0.588195709941294,depleted,False,False,False,not displayed
Reactome,R-HSA-390466,Chaperonin-mediated protein folding,33,90,1228,1.143870279096555,0.8879810219758547,1.4734990760151725,0.2981436455681268,0.588195709941294,enriched,False,False,False,not displayed
GO BP,GO:0045893,positive regulation of DNA-templated transcription,292,397,6609,0.9101788474206663,0.7619228334526678,1.0872827246008454,0.2995013701239539,0.5896433224315343,depleted,False,False,False,not displayed
GO BP,GO:0032731,positive regulation of interleukin-1 beta production,23,21,316,1.179945243096135,0.8611855333234422,1.616690855607175,0.3030747051687855,0.5954378303212106,enriched,False,False,False,not displayed
Reactome,R-HSA-190236,Signaling by FGFR,40,52,847,1.1179938708786692,0.9034682788980946,1.383457864006814,0.3048454045886634,0.5973876283504929,enriched,False,False,False,not displayed
Reactome,R-HSA-9917777,Epigenetic regulation by WDR5-containing histone modifying complexes,52,56,1034,0.8448907079037941,0.6121220939253966,1.1661730811323645,0.3053314544902519,0.5973876283504929,depleted,False,False,False,not displayed
GO BP,GO:0007411,axon guidance,61,37,920,0.6928388460258589,0.3430802259412642,1.3991644818510316,0.306147014184788,0.5977457198442658,depleted,False,True,False,not displayed
GO BP,GO:0001837,epithelial to mesenchymal transition,21,25,496,0.8367351981537444,0.5942415394602559,1.1781838618439628,0.3073140925999748,0.5987872525917034,depleted,False,False,False,not displayed
Reactome,R-HSA-422356,Regulation of insulin secretion,40,49,984,0.8621240810153543,0.648130075369125,1.1467727842181474,0.3081210070055199,0.599124180288511,depleted,False,False,False,not displayed
Reactome,R-HSA-9824443,Parasitic Infection Pathways,61,55,865,1.185391260589274,0.8528517675713821,1.647592810510086,0.3113209251463514,0.5991818213101876,enriched,False,False,False,not displayed
Reactome,R-HSA-9658195,Leishmania infection,61,55,865,1.185391260589274,0.8528517675713821,1.647592810510086,0.3113209251463514,0.5991818213101876,enriched,False,False,False,not displayed
Reactome,R-HSA-5654736,Signaling by FGFR1,29,45,727,1.1093971553091044,0.9079828496001182,1.355490413447753,0.3097987449454061,0.5991818213101876,enriched,False,False,False,not displayed
GO BP,GO:0007565,female pregnancy,21,19,391,0.8406188800953535,0.6016586294441045,1.1744867720515504,0.308932528592036,0.5991818213101876,depleted,False,False,False,not displayed
Reactome,R-HSA-196849,Metabolism of water-soluble vitamins and cofactors,58,54,1065,0.887071158280005,0.7037674501685817,1.118118264298435,0.3102756198543093,0.5991818213101876,depleted,False,False,False,not displayed
GO BP,GO:0007409,axonogenesis,41,53,754,1.2193171591851382,0.8297327211175635,1.7918231941978129,0.3126717118421981,0.6005584709164171,enriched,False,True,False,not displayed
Reactome,R-HSA-9020702,Interleukin-1 signaling,23,26,389,0.9106368173678964,0.7590830152065619,1.0924489107693622,0.3134847059346971,0.6008986756760422,depleted,False,False,False,not displayed
GO BP,GO:0009887,animal organ morphogenesis,42,59,933,0.8559478618604933,0.6322865077562949,1.1587258833394836,0.3141206296271706,0.6008987752989396,depleted,False,False,False,not displayed
GO BP,GO:0007249,canonical NF-kappaB signal transduction,21,19,358,0.8745877272981986,0.6734095883605498,1.13586694630058,0.3150085260206502,0.6013799133121505,depleted,False,False,False,not displayed
Reactome,R-HSA-2219528,PI3K/AKT Signaling in Cancer,52,71,1132,1.1168602421378866,0.8978978533414054,1.3892190473853507,0.3208682826435384,0.6113317078591609,enriched,False,False,False,not displayed
Reactome,R-HSA-9770562,mRNA Polyadenylation,36,6,193,0.5973486923733844,0.2149928784198876,1.6597082791891429,0.3230256652620129,0.6142037297235455,depleted,False,False,False,not displayed
Reactome,R-HSA-2559583,Cellular Senescence,48,45,771,0.8816527863536328,0.6864603279935758,1.1323474991731772,0.3238796802310962,0.6145909594746706,depleted,False,False,False,not displayed
GO BP,GO:0007517,muscle organ development,26,36,547,1.1559373380995417,0.8654650645268758,1.543899556873633,0.3263790592494022,0.6180926071957616,enriched,False,False,False,not displayed
Reactome,R-HSA-6796648,TP53 Regulates Transcription of DNA Repair Genes,25,54,1015,0.8527810430855943,0.6195579283685696,1.1737974354732628,0.3285898939553686,0.6197953089577312,depleted,False,False,False,not displayed
GO BP,GO:0009615,response to virus,29,39,514,1.1931009186009631,0.8372804402151618,1.7001350247721765,0.3285093443174907,0.6197953089577312,enriched,False,False,False,not displayed
Reactome,R-HSA-446203,Asparagine N-linked glycosylation,124,117,2477,0.850019678898633,0.6119610355767252,1.180685390915459,0.3324128684885322,0.6198429369950055,depleted,False,False,False,not displayed
Reactome,R-HSA-5689603,UCH proteinases,21,27,394,1.273755422435675,0.7807746360756942,2.078004075976403,0.3325506550862093,0.6198429369950055,enriched,False,False,False,not displayed
Reactome,R-HSA-9755511,KEAP1-NFE2L2 pathway,34,38,793,0.8170524658627345,0.5430976146075401,1.229198424034298,0.3322173273992318,0.6198429369950055,depleted,False,False,False,not displayed
GO BP,GO:0008203,cholesterol metabolic process,27,34,543,0.8840443777476525,0.6892251144602125,1.1339320715834862,0.3318563602785161,0.6198429369950055,depleted,False,False,False,not displayed
Reactome,R-HSA-9705671,SARS-CoV-2 activates/modulates innate and adaptive immune responses,38,32,498,1.1379747821306567,0.8772837364986575,1.4761320093927186,0.3302094067683303,0.6198429369950055,enriched,False,False,False,not displayed
Reactome,R-HSA-5663202,Diseases of signal transduction by growth factor receptors and second messengers,199,316,5045,1.0700484519498703,0.9332656248374164,1.2268786710319315,0.331924656573761,0.6198429369950055,enriched,False,False,False,not displayed
GO BP,GO:0060348,bone development,21,32,475,1.146427159366959,0.8678338744127576,1.514454863407524,0.3360338978144244,0.6251024280209272,enriched,False,False,False,not displayed
GO BP,GO:0009636,response to toxic substance,23,27,454,1.2192112888398503,0.8098894826956156,1.8354061863934563,0.3422717702324496,0.6354554476810704,enriched,False,False,False,not displayed
GO BP,GO:0009725,response to hormone,26,18,291,1.1806555952498383,0.8374671562153124,1.664480361109668,0.343258596079981,0.6358829755817487,enriched,False,False,False,not displayed
Reactome,R-HSA-1433557,Signaling by SCF-KIT,26,40,677,1.1167313036376862,0.8881994546794536,1.40406391599778,0.34460576499382,0.6358829755817487,enriched,False,False,False,not displayed
GO BP,GO:1902895,positive regulation of miRNA transcription,30,69,1239,0.7759159812657734,0.4584360548827821,1.313259730711114,0.3446661594247672,0.6358829755817487,depleted,False,False,False,not displayed
Reactome,R-HSA-194138,Signaling by VEGF,54,58,953,1.1651089330138102,0.8480455592387526,1.6007145028943008,0.3457029508885931,0.6358829755817487,enriched,False,False,False,not displayed
GO BP,GO:0032355,response to estradiol,38,39,1092,0.6779472576295915,0.3021385431496832,1.5211977900475475,0.3458665073534591,0.6358829755817487,depleted,False,False,False,not displayed
GO BP,GO:0031507,heterochromatin formation,33,41,822,0.7792958368436623,0.4634487675463024,1.3103972733322444,0.3469794488044656,0.636690444893631,depleted,False,False,False,not displayed
Reactome,R-HSA-2428924,IGF1R signaling cascade,27,39,650,1.1357111055768991,0.8689107030801755,1.4844329926635598,0.3516022930466311,0.6402007069924208,enriched,False,False,False,not displayed
Reactome,R-HSA-2404192,Signaling by Type 1 Insulin-like Growth Factor 1 Receptor (IGF1R),27,39,650,1.1357111055768991,0.8689107030801755,1.4844329926635598,0.3516022930466311,0.6402007069924208,enriched,False,False,False,not displayed
Reactome,R-HSA-977225,Amyloid fiber formation,28,28,386,1.1260856800171934,0.8779088090930683,1.444419905126337,0.3498554284984204,0.6402007069924208,enriched,False,False,False,not displayed
Reactome,R-HSA-2428928,IRS-related events triggered by IGF1R,27,39,650,1.1357111055768991,0.8689107030801755,1.4844329926635598,0.3516022930466311,0.6402007069924208,enriched,False,False,False,not displayed
GO BP,GO:0007605,sensory perception of sound,75,146,3476,0.8135118742105868,0.5259855325271362,1.2582124955071428,0.3535917851563186,0.6425436678315538,depleted,False,False,False,not displayed
GO BP,GO:0030307,positive regulation of cell growth,29,26,525,0.817596657503767,0.5339400272426454,1.2519463989493205,0.3542489427939043,0.6425436678315538,depleted,False,False,False,not displayed
Reactome,R-HSA-156902,Peptide chain elongation,21,3,90,0.5652659382899111,0.1684763237650391,1.8965607383289724,0.3556598548517076,0.64386697861085,depleted,False,False,False,not displayed
Reactome,R-HSA-68875,Mitotic Prophase,39,27,461,0.8343615692622659,0.5678174786643827,1.2260264159167715,0.3564118622716952,0.6439946650989521,depleted,False,False,False,not displayed
GO BP,GO:0006954,inflammatory response,65,77,2296,0.7133594070292727,0.3448720217266265,1.4755666204796876,0.3623654708899803,0.6500511153824844,depleted,False,False,False,not displayed
Reactome,R-HSA-1280215,Cytokine Signaling in Immune system,259,217,4263,0.8875792413789357,0.6870819648756058,1.1465835955531671,0.3612912490944897,0.6500511153824844,depleted,False,False,False,not displayed
Reactome,R-HSA-202403,TCR signaling,36,32,573,0.909792854700588,0.7425358830038205,1.1147246313751369,0.3617007704332048,0.6500511153824844,depleted,False,False,False,not displayed
GO BP,GO:1902533,positive regulation of intracellular signal transduction,20,51,812,1.129625372348077,0.868949951657046,1.4685005499098749,0.3625152781021897,0.6500511153824844,enriched,False,False,False,not displayed
Reactome,R-HSA-2644602,Signaling by NOTCH1 PEST Domain Mutants in Cancer,24,29,554,0.8659753851407599,0.6316102276113968,1.187304028476052,0.3714752889510188,0.650459832338912,depleted,False,False,False,not displayed
Reactome,R-HSA-2894858,Signaling by NOTCH1 HD+PEST Domain Mutants in Cancer,24,29,554,0.8659753851407599,0.6316102276113968,1.187304028476052,0.3714752889510188,0.650459832338912,depleted,False,False,False,not displayed
Reactome,R-HSA-3858494,Beta-catenin independent WNT signaling,51,43,686,1.1655310273117845,0.8358753105974069,1.6251976322348356,0.3664910838000474,0.650459832338912,enriched,False,False,False,not displayed
Reactome,R-HSA-1980143,Signaling by NOTCH1,27,30,574,0.8693946041612556,0.6395191719224265,1.181898856093075,0.3716913327650926,0.650459832338912,depleted,False,False,False,not displayed
Reactome,R-HSA-2644603,Signaling by NOTCH1 in Cancer,24,29,554,0.8659753851407599,0.6316102276113968,1.187304028476052,0.3714752889510188,0.650459832338912,depleted,False,False,False,not displayed
Reactome,R-HSA-2894862,Constitutive Signaling by NOTCH1 HD+PEST Domain Mutants,24,29,554,0.8659753851407599,0.6316102276113968,1.187304028476052,0.3714752889510188,0.650459832338912,depleted,False,False,False,not displayed
Reactome,R-HSA-2644606,Constitutive Signaling by NOTCH1 PEST Domain Mutants,24,29,554,0.8659753851407599,0.6316102276113968,1.187304028476052,0.3714752889510188,0.650459832338912,depleted,False,False,False,not displayed
Reactome,R-HSA-9006927,Signaling by Non-Receptor Tyrosine Kinases,22,20,335,1.121193485845814,0.8751394470944364,1.436428030843223,0.3655002585470615,0.650459832338912,enriched,False,False,False,not displayed
Reactome,R-HSA-9609507,Protein localization,71,69,1174,0.916576063402468,0.7574801081388219,1.1090874479418005,0.3704891836455921,0.650459832338912,depleted,False,False,False,not displayed
Reactome,R-HSA-8848021,Signaling by PTK6,22,20,335,1.121193485845814,0.8751394470944364,1.436428030843223,0.3655002585470615,0.650459832338912,enriched,False,False,False,not displayed
Reactome,R-HSA-9707616,Heme signaling,20,34,513,0.8699084087284757,0.6411506833203542,1.1802851642574004,0.3706565079872258,0.650459832338912,depleted,False,False,False,not displayed
Reactome,R-HSA-2029482,Regulation of actin dynamics for phagocytic cup formation,25,36,556,1.216225762723331,0.7944909026729335,1.8618276193414007,0.3675591055767843,0.650459832338912,enriched,False,False,False,not displayed
Reactome,R-HSA-74751,Insulin receptor signalling cascade,29,42,701,1.118479245385426,0.8775356457863414,1.4255783549817636,0.3656812338337736,0.650459832338912,enriched,False,False,False,not displayed
Reactome,R-HSA-9006925,Intracellular signaling by second messengers,122,134,2157,1.0759863640128982,0.9157430789851274,1.264270167157332,0.373375532708022,0.6514818437434626,enriched,False,False,False,not displayed
GO BP,GO:0021766,hippocampus development,22,36,543,1.179759540163123,0.8193261118841536,1.698752856057757,0.3741594794625894,0.6514818437434626,enriched,False,False,False,not displayed
Reactome,R-HSA-73864,RNA Polymerase I Transcription,24,13,287,0.8363479835512537,0.5638320819256126,1.24057848429159,0.374343535611323,0.6514818437434626,depleted,False,False,False,not displayed
Reactome,R-HSA-71387,Metabolism of carbohydrates and carbohydrate derivatives,119,215,3095,1.0726772748178872,0.9173079374286056,1.2543623454694934,0.3794978804662733,0.6592380460305667,enriched,False,False,False,not displayed
GO BP,GO:0009888,tissue development,24,19,410,0.7607252127890696,0.4122754995367059,1.4036799422310853,0.3815570464181101,0.6615989153488331,depleted,False,False,False,not displayed
GO BP,GO:0043066,negative regulation of apoptotic process,162,210,3478,0.9403095730765176,0.8187383830895004,1.079932383141598,0.3835759269068892,0.6638814119542313,depleted,False,False,False,not displayed
Reactome,R-HSA-8978868,Fatty acid metabolism,47,96,1537,1.105842009105369,0.880150242706344,1.389406591926836,0.3876726407691817,0.6673757409138612,enriched,False,False,False,not displayed
GO BP,GO:0043491,phosphatidylinositol 3-kinase/protein kinase B signal transduction,20,50,770,1.1395328242728775,0.8472408445998891,1.5326634284358145,0.387713525673767,0.6673757409138612,enriched,False,False,False,not displayed
GO BP,GO:0007399,nervous system development,130,197,3258,0.9316215318157568,0.7933209571115509,1.0940322082285503,0.3876549908131661,0.6673757409138612,depleted,False,False,False,not displayed
Reactome,R-HSA-5368287,Mitochondrial translation,26,2,63,0.5764290675855789,0.1635784314731779,2.031260887912735,0.3913013440393629,0.6723268547585417,depleted,False,False,False,not displayed
GO BP,GO:0016485,protein processing,35,38,601,1.1285853451426964,0.8552584212281253,1.4892631860226029,0.392579825268224,0.6728308453310965,enriched,False,False,False,not displayed
GO BP,GO:0000387,spliceosomal snRNP assembly,20,11,163,1.3978588052656142,0.6481477266611855,3.014759072787822,0.3930186525108627,0.6728308453310965,enriched,False,False,False,not displayed
Reactome,R-HSA-5620912,Anchoring of the basal body to the plasma membrane,48,48,829,1.1189436341721413,0.8636126109039794,1.4497644437403496,0.3950866965644383,0.6743602967436515,enriched,False,False,False,not displayed
GO BP,GO:0030182,neuron differentiation,66,91,1277,1.1157476268132345,0.8667246460105629,1.436318642223303,0.3953392639110931,0.6743602967436515,enriched,False,True,False,not displayed
Reactome,R-HSA-8878171,Transcriptional regulation by RUNX1,73,80,1421,0.8782955988762953,0.6494037301018298,1.187863763709072,0.3995481600859391,0.6792237462452084,depleted,False,False,False,not displayed
GO BP,GO:0005975,carbohydrate metabolic process,58,120,2049,0.9096235876634942,0.7294615472552591,1.1342819568037776,0.4002698523958515,0.6792237462452084,depleted,False,False,False,not displayed
GO BP,GO:0043123,positive regulation of canonical NF-kappaB signal transduction,73,59,956,1.095093661543177,0.8858698231663341,1.3537317743431825,0.4010536889338877,0.6792237462452084,enriched,False,False,False,not displayed
Reactome,R-HSA-3560782,Diseases associated with glycosaminoglycan metabolism,24,18,340,0.8210564325175195,0.5182150834787813,1.3008761938246418,0.4010654501638374,0.6792237462452084,depleted,False,False,False,not displayed
Reactome,R-HSA-9833482,PKR-mediated signaling,36,77,1096,1.1010935670007431,0.8783322231140712,1.3803513196770894,0.403675468175532,0.6799880881031689,enriched,False,False,False,not displayed
GO BP,GO:0010976,positive regulation of neuron projection development,36,23,458,0.8452636678485907,0.5703686833460505,1.252647084326987,0.4022468205890079,0.6799880881031689,depleted,False,True,False,not displayed
Reactome,R-HSA-9845323,Regulation of endogenous retroelements by Piwi-interacting RNAs (piRNAs),24,43,673,1.2101387881537218,0.773444567816904,1.893394753198178,0.4036367474397475,0.6799880881031689,enriched,False,False,False,not displayed
GO BP,GO:0006836,neurotransmitter transport,20,9,229,0.7883061494843338,0.4501509231010319,1.380484973870294,0.4053584353175652,0.6811554963815029,depleted,False,True,False,not displayed
GO BP,GO:0003151,outflow tract morphogenesis,25,55,789,1.28521160962955,0.7112726705315632,2.3222723857675343,0.4058100999606202,0.6811554963815029,enriched,False,False,False,not displayed
Reactome,R-HSA-168273,Influenza Viral RNA Transcription and Replication,36,5,137,0.6100745972175129,0.1891705132919559,1.967489582246311,0.4081305854158009,0.6838358213083897,depleted,False,False,False,not displayed
GO BP,GO:0060391,positive regulation of SMAD protein signal transduction,26,41,786,0.8097260160929154,0.4906083599313521,1.3364146938495836,0.4090201409452136,0.6841133330853573,depleted,False,False,False,not displayed
Reactome,R-HSA-4839726,Chromatin organization,133,132,2535,0.9000887709301789,0.699214919655795,1.1586706358517356,0.4139465012778234,0.6903032074421966,depleted,False,False,False,not displayed
GO BP,GO:0050808,synapse organization,32,37,619,1.0827040771727832,0.8946952762153444,1.3102205297040368,0.414181924465318,0.6903032074421966,enriched,False,True,False,not displayed
Reactome,R-HSA-9842860,Regulation of endogenous retroelements,30,47,749,1.188531381692815,0.7831007187034437,1.8038635536019456,0.4171332894857859,0.6939981664860346,enriched,False,False,False,not displayed
Reactome,R-HSA-8856825,Cargo recognition for clathrin-mediated endocytosis,31,65,1213,0.9111146214466364,0.7269152368842914,1.1419898927582743,0.4192033950358916,0.6962165348135634,depleted,False,False,False,not displayed
GO BP,GO:0007018,microtubule-based movement,34,36,596,1.1682053746185306,0.7981969867029594,1.7097330859700195,0.4236745829063522,0.6999518895917881,enriched,False,False,False,not displayed
Reactome,R-HSA-3371556,Cellular response to heat stress,33,34,506,1.1854335631226094,0.7816915301311337,1.797707507898705,0.4233075517718948,0.6999518895917881,enriched,False,False,False,not displayed
GO BP,GO:0031175,neuron projection development,49,26,515,0.8832722681781527,0.6520861685612402,1.1964214813111915,0.422731496350085,0.6999518895917881,depleted,False,True,False,not displayed
GO BP,GO:0030501,positive regulation of bone mineralization,21,16,380,0.7754376149597165,0.4114552804817786,1.4614066782429895,0.4315229266420309,0.7109120694192677,depleted,False,False,False,not displayed
Reactome,R-HSA-917937,Iron uptake and transport,23,13,211,1.1963541575824783,0.7651181596066408,1.87064344558325,0.4318132569805922,0.7109120694192677,enriched,False,False,False,not displayed
Reactome,R-HSA-2454202,Fc epsilon receptor (FCERI) signaling,47,42,718,1.1204596382193956,0.8420910043169222,1.4908481321411389,0.4350702582461375,0.7150285113784347,enriched,False,False,False,not displayed
Reactome,R-HSA-112399,IRS-mediated signalling,25,37,625,1.1149116747182437,0.8479975962291955,1.465839110806954,0.435928183396557,0.7151946758849763,enriched,False,False,False,not displayed
Reactome,R-HSA-75893,TNF signaling,20,5,134,0.6447249903272225,0.2127946773892991,1.9533867963811211,0.4376890052841345,0.7161165190997113,depleted,False,False,False,not displayed
GO BP,GO:0042593,glucose homeostasis,38,114,2837,0.79092710676159,0.4372281094083316,1.4307535923451749,0.4380056593011991,0.7161165190997113,depleted,False,False,False,not displayed
GO BP,GO:0032496,response to lipopolysaccharide,39,67,1053,1.090150216917833,0.8761747270124752,1.356381848056977,0.4387810920299581,0.7161453056447502,enriched,False,False,False,not displayed
Reactome,R-HSA-1852241,Organelle biogenesis and maintenance,143,140,2299,1.080843241161513,0.8868731314761225,1.3172370100108024,0.4410859935940486,0.71850409361833,enriched,False,False,False,not displayed
Reactome,R-HSA-9932444,ATP-dependent chromatin remodelers,62,87,1391,1.1100725750930434,0.8507431179792767,1.448452647963374,0.4417469612616399,0.71850409361833,enriched,False,False,False,not displayed
Reactome,R-HSA-9976102,Differentiation of naive CD4+ T cells to T helper 2 cells (Th2 cells),33,44,846,0.8800112222612989,0.6349377436780994,1.2196782424993788,0.4427651785934179,0.7189228415305497,depleted,False,False,False,not displayed
GO BP,GO:0030509,BMP signaling pathway,33,39,690,0.8192069270606579,0.4913040542330534,1.3659565467901171,0.444578902763645,0.7206296108261484,depleted,False,False,False,not displayed
Reactome,R-HSA-8953854,Metabolism of RNA,195,50,1049,0.8815619118173832,0.6363984401426412,1.2211711332807955,0.4483261924815822,0.7254593354368069,depleted,False,False,False,not displayed
Reactome,R-HSA-983168,Antigen processing: Ubiquitination & Proteasome degradation,61,36,686,0.8689278202686941,0.6037977436027459,1.2504776058481952,0.4493677376444539,0.725901730041041,depleted,False,False,False,not displayed
Reactome,R-HSA-74752,Signaling by Insulin receptor,43,47,806,1.0940218713418992,0.8661494705077204,1.3818444687991789,0.4507878603863339,0.726600886397655,enriched,False,False,False,not displayed
Reactome,R-HSA-73894,DNA Repair,115,103,1953,0.8995183675842255,0.6828139829209025,1.1849981310577824,0.4514474805436751,0.726600886397655,depleted,False,False,False,not displayed
GO BP,GO:0045444,fat cell differentiation,29,19,320,0.8580846957262053,0.5757882137324867,1.2787850245604824,0.4521072182029853,0.726600886397655,depleted,False,False,False,not displayed
GO BP,GO:0048731,system development,39,42,689,0.8830567469011489,0.6380248867814519,1.222192479326825,0.4532586603711968,0.7272146588298488,depleted,False,False,False,not displayed
GO BP,GO:0045165,cell fate commitment,21,17,306,0.7836356352535475,0.4138951735530627,1.4836723114397543,0.4540842715580694,0.727304468851484,depleted,False,False,False,not displayed
Reactome,R-HSA-8876198,RAB GEFs exchange GTP for GDP on RABs,32,5,122,0.7411716597878013,0.33744675778399,1.6279173428130864,0.4555952251812027,0.7284898270663901,depleted,False,False,False,not displayed
GO BP,GO:0043410,positive regulation of MAPK cascade,71,73,1174,1.0880801164219247,0.8708774985626987,1.3594545061810586,0.4574542189871317,0.7286814782758941,enriched,False,False,False,not displayed
Reactome,R-HSA-9940951,Interaction of NuRD complexes with transcription factors,21,21,342,1.1393110257675094,0.8068459060032359,1.608770155215002,0.458779230388967,0.7286814782758941,enriched,False,False,False,not displayed
Reactome,R-HSA-9937850,NuRD complex assembly,21,21,342,1.1393110257675094,0.8068459060032359,1.608770155215002,0.458779230388967,0.7286814782758941,enriched,False,False,False,not displayed
Reactome,R-HSA-9009391,Extra-nuclear estrogen signaling,34,29,466,1.1355715188552478,0.8112105647332286,1.589627564649977,0.4587994492848222,0.7286814782758941,enriched,False,False,False,not displayed
GO BP,GO:1903078,positive regulation of protein localization to plasma membrane,22,7,112,1.325904673460045,0.6271057709499662,2.8033918431974576,0.4602387731289933,0.7297410077296957,enriched,False,False,False,not displayed
Reactome,R-HSA-9938024,Somatic hypermutation of immunoglobulin genes,59,86,1348,1.1178660585502924,0.830990061512319,1.5037779424035154,0.4614868720569484,0.7304942949645162,enriched,False,False,False,not displayed
Reactome,R-HSA-3247509,Chromatin modifying enzymes,95,96,1893,0.886344029663251,0.6418005520072849,1.2240652278385276,0.4638577561206022,0.7317991518327099,depleted,False,False,False,not displayed
GO BP,GO:0006418,tRNA aminoacylation for protein translation,35,21,340,1.1797390430222667,0.7580622796687753,1.8359760760543504,0.4638599914791463,0.7317991518327099,enriched,False,False,False,not displayed
Reactome,R-HSA-9711097,Cellular response to starvation,43,19,307,1.1812392590643943,0.7542677381981876,1.8499083501677895,0.4667429103914114,0.7335746194915045,enriched,False,False,False,not displayed
Reactome,R-HSA-1655829,Regulation of cholesterol biosynthesis by SREBP (SREBF),20,24,428,0.8803435386302958,0.6245259474676171,1.2409488335123122,0.4668776489815539,0.7335746194915045,depleted,False,False,False,not displayed
GO BP,GO:0070527,platelet aggregation,20,41,614,1.167792641568388,0.7686187603885233,1.7742731819503426,0.4673142020464399,0.7335746194915045,enriched,False,False,False,not displayed
GO BP,GO:0048812,neuron projection morphogenesis,23,15,342,0.8521696340419914,0.5531485982488596,1.3128354432827285,0.4681322162961128,0.7336400404640573,depleted,False,True,False,not displayed
GO BP,GO:0006281,DNA repair,82,68,1386,0.8869229094512517,0.6406853109444992,1.2277981621739054,0.4695651905294679,0.7346673924674622,depleted,False,False,False,not displayed
Reactome,R-HSA-74160,Gene expression (Transcription),395,493,8989,0.933592209368322,0.7745769912677876,1.1252521353192333,0.4707269357011293,0.7348563236044237,depleted,False,False,False,not displayed
GO BP,GO:0006506,GPI anchor biosynthetic process,23,6,139,0.6629099430997557,0.216633244244596,2.028541806650636,0.4712411979939478,0.7348563236044237,depleted,False,False,False,not displayed
GO BP,GO:0042060,wound healing,23,71,1619,0.7842745605297924,0.4030324927968242,1.526146395854676,0.4743613791213142,0.7379241338799347,depleted,False,False,False,not displayed
Reactome,R-HSA-73857,RNA Polymerase II Transcription,335,455,8280,0.9309757398529382,0.7649446041375865,1.1330439139078288,0.4754401334819284,0.7379241338799347,depleted,False,False,False,not displayed
Reactome,R-HSA-166658,Complement cascade,27,21,351,0.8851815672801951,0.6331757362162688,1.237486470557035,0.4755511085004024,0.7379241338799347,depleted,False,False,False,not displayed
Reactome,R-HSA-5173105,O-linked glycosylation,34,20,295,1.1334801475501366,0.8021003573689133,1.601766204299753,0.4776224612991786,0.7399233211929899,enriched,False,False,False,not displayed
Reactome,R-HSA-9013694,Signaling by NOTCH4,23,29,547,0.9069822040679424,0.6896988455291075,1.1927187116934588,0.4847208603292673,0.7496910196581958,depleted,False,False,False,not displayed
Reactome,R-HSA-201722,Formation of the beta-catenin:TCF transactivating complex,22,33,584,0.8822711852344428,0.6198841345791061,1.2557224824337767,0.4867191139521191,0.7510827043910893,depleted,False,False,False,not displayed
Reactome,R-HSA-9675135,Diseases of DNA repair,27,45,954,0.8673345824309352,0.5804998621228746,1.2958991499663983,0.4872102622134791,0.7510827043910893,depleted,False,False,False,not displayed
Reactome,R-HSA-8941326,RUNX2 regulates bone development,20,40,965,0.7102826689914962,0.2697509316700412,1.8702492211844832,0.4885927199419541,0.7519871666859065,depleted,False,False,False,not displayed
Reactome,R-HSA-1428517,Aerobic respiration and respiratory electron transport,120,66,1254,0.927086711578052,0.7476872665290005,1.1495311064673177,0.4902086937738461,0.7527455152686882,depleted,False,False,False,not displayed
Reactome,R-HSA-5368286,Mitochondrial translation initiation,20,1,34,0.4831290060859879,0.0610402845707576,3.823927725157676,0.4906785581010708,0.7527455152686882,depleted,False,False,False,not displayed
GO BP,GO:0032880,regulation of protein localization,24,30,509,1.1235059402851335,0.8054400251569663,1.56717515697086,0.4928361212322941,0.7536086319814206,enriched,False,False,False,not displayed
Reactome,R-HSA-69278,"Cell Cycle, Mitotic",168,141,2451,0.9383237751666984,0.7823806453812265,1.1253492941585634,0.4923974693573451,0.7536086319814206,depleted,False,False,False,not displayed
Reactome,R-HSA-389948,Co-inhibition by PD-1,64,64,999,1.0961225381342778,0.8417446208781267,1.4273742757661056,0.4957191231703767,0.7556003607935549,enriched,False,False,False,not displayed
Reactome,R-HSA-1799339,SRP-dependent cotranslational protein targeting to membrane,23,4,100,0.6997054038486592,0.2504384614367212,1.954921977105023,0.4957378028486815,0.7556003607935549,depleted,False,False,False,not displayed
GO BP,GO:0051607,defense response to virus,37,23,346,1.141176092390648,0.7680590281774154,1.695550505973835,0.5132967286826957,0.7579147009455429,enriched,False,False,False,not displayed
Reactome,R-HSA-9678108,SARS-CoV-1 Infection,39,33,632,0.8573823937205924,0.5408197628119734,1.3592413214337848,0.5127961435774245,0.7579147009455429,depleted,False,False,False,not displayed
GO BP,GO:0006631,fatty acid metabolic process,32,30,510,1.127070559203769,0.7878103033627526,1.612428829632841,0.5126649147593703,0.7579147009455429,enriched,False,False,False,not displayed
Reactome,R-HSA-141424,Amplification of signal from the kinetochores,25,18,320,1.146349518653384,0.7624315722986649,1.7235870951079528,0.5115582096231938,0.7579147009455429,enriched,False,False,False,not displayed
Reactome,R-HSA-141444,Amplification  of signal from unattached  kinetochores via a MAD2  inhibitory signal,25,18,320,1.146349518653384,0.7624315722986649,1.7235870951079528,0.5115582096231938,0.7579147009455429,enriched,False,False,False,not displayed
Reactome,R-HSA-9937848,CHD chromatin remodelers,47,50,927,0.9288842276528269,0.7454167496582474,1.1575080768949313,0.5111085053929125,0.7579147009455429,depleted,False,False,False,not displayed
GO BP,GO:0008285,negative regulation of cell population proliferation,117,195,3346,0.9223317233823188,0.7248547079149866,1.1736087227803045,0.5107187853094628,0.7579147009455429,depleted,False,False,False,not displayed
GO BP,GO:0060271,cilium assembly,108,43,940,0.903640500876518,0.6682406731919738,1.2219641628874318,0.5104933113662259,0.7579147009455429,depleted,False,False,False,not displayed
GO BP,GO:0006396,RNA processing,34,8,227,0.728452692392747,0.2836784470026651,1.870580337212777,0.5102353991522259,0.7579147009455429,depleted,False,False,False,not displayed
Reactome,R-HSA-1296071,Potassium Channels,49,111,1704,1.071219033918262,0.8732408638468023,1.3140821348805871,0.5093244196238658,0.7579147009455429,enriched,False,False,False,not displayed
GO BP,GO:0008217,regulation of blood pressure,30,63,1427,0.7905582325136153,0.3936006935725828,1.5878587848062318,0.5089357772427222,0.7579147009455429,depleted,False,False,False,not displayed
Reactome,R-HSA-977606,Regulation of Complement cascade,24,21,346,0.8931559394287216,0.6387310890069271,1.248925480325494,0.508899489736113,0.7579147009455429,depleted,False,False,False,not displayed
Reactome,R-HSA-9975921,Assembly of the 9+0 primary cilium,104,107,1808,1.0840876098967769,0.8535748159462841,1.3768517111517788,0.5079989936516207,0.7579147009455429,enriched,False,False,False,not displayed
Reactome,R-HSA-5620920,Cargo trafficking to the periciliary membrane,42,68,1059,1.116360634027138,0.8066399464623396,1.5450029107424808,0.5067357216813991,0.7579147009455429,enriched,False,False,False,not displayed
Reactome,R-HSA-162587,HIV Life Cycle,38,6,153,0.7335678468218872,0.29462237575242,1.8264796912203969,0.505597012682623,0.7579147009455429,depleted,False,False,False,not displayed
Reactome,R-HSA-195721,Signaling by WNT,114,98,1764,0.9292247936095868,0.7496707599235747,1.1517839073072622,0.5028194551411632,0.7579147009455429,depleted,False,False,False,not displayed
GO BP,GO:0006468,protein phosphorylation,71,48,722,1.1144844036370736,0.8122177448110067,1.5292395344542733,0.5019024822535155,0.7579147009455429,enriched,False,False,False,not displayed
GO BP,GO:0034599,cellular response to oxidative stress,36,27,551,0.8840879194048199,0.617549120426124,1.2656668488139249,0.5009497881352498,0.7579147009455429,depleted,False,False,False,not displayed
GO BP,GO:0006629,lipid metabolic process,61,95,1483,1.100822485402607,0.8336764993297779,1.4535735928051112,0.4982029294005404,0.7579147009455429,enriched,False,False,False,not displayed
GO BP,GO:0050679,positive regulation of epithelial cell proliferation,20,27,525,0.8661446897337208,0.5653753128795402,1.3269179011955972,0.5090621349030138,0.7579147009455429,depleted,False,False,False,not displayed
GO BP,GO:0070936,protein K48-linked ubiquitination,23,12,182,1.1819690571035295,0.7092887482812313,1.9696503791094675,0.521097869974981,0.7611931962332021,enriched,False,False,False,not displayed
Reactome,R-HSA-1592230,Mitochondrial biogenesis,28,30,416,1.107221279878125,0.8106536634901882,1.512284490687176,0.5219610488456243,0.7611931962332021,enriched,False,False,False,not displayed
Reactome,R-HSA-162906,HIV Infection,58,11,252,0.8163772154338563,0.4388883850370217,1.5185449891168066,0.5217136013059704,0.7611931962332021,depleted,False,False,False,not displayed
Reactome,R-HSA-72202,Transport of Mature Transcript to Cytoplasm,28,4,111,0.6476877520721904,0.1721310688680775,2.4370930067589054,0.5205932709029747,0.7611931962332021,depleted,False,False,False,not displayed
Reactome,R-HSA-69242,S Phase,43,13,318,0.8477380315864229,0.512700027994345,1.4017158785993855,0.5196983328539264,0.7611931962332021,depleted,False,False,False,not displayed
Reactome,R-HSA-388841,Regulation of T cell activation by CD28 family,91,84,1364,1.0749639137201332,0.8623913092749401,1.3399339758792772,0.5201992970683575,0.7611931962332021,enriched,False,False,False,not displayed
Reactome,R-HSA-212436,Generic Transcription Pathway,319,455,8229,0.9372777546193466,0.7697325382433221,1.1412920016466583,0.5191374369353575,0.7611931962332021,depleted,False,False,False,not displayed
GO BP,GO:0030154,cell differentiation,103,119,2099,0.8995208809074936,0.652197739493881,1.240632658151347,0.5185776022075572,0.7611931962332021,depleted,False,False,False,not displayed
Reactome,R-HSA-69618,Mitotic Spindle Checkpoint,26,18,321,1.1424332031864644,0.7587853363942125,1.7200564654359862,0.523590108143864,0.7623923762649483,enriched,False,False,False,not displayed
Reactome,R-HSA-5579029,Metabolic disorders of biological oxidation enzymes,28,31,526,0.8879740078219522,0.6157320717548813,1.2805859475861054,0.524751373727175,0.762907766418739,depleted,False,False,False,not displayed
Reactome,R-HSA-72766,Translation,112,46,790,1.1284642054280434,0.7736441243438145,1.6460171063955766,0.5303331341984296,0.7698384206106237,enriched,False,False,False,not displayed
Reactome,R-HSA-159236,Transport of Mature mRNA derived from an Intron-Containing Transcript,26,4,109,0.6566249206781455,0.1748207069296763,2.4662769875940285,0.5332792451133272,0.7729277402332734,depleted,False,False,False,not displayed
Reactome,R-HSA-451927,Interleukin-2 family signaling,23,29,462,1.108681181514556,0.7984328355320304,1.5394832320810805,0.5378990559019748,0.7784297210220004,enriched,False,False,False,not displayed
GO BP,GO:0007259,cell surface receptor signaling pathway via JAK-STAT,33,34,619,0.8875176206956635,0.6061666667266009,1.2994570145186852,0.5395986613863426,0.7796953134710914,depleted,False,False,False,not displayed
Reactome,R-HSA-9837999,Mitochondrial protein degradation,56,54,1027,0.9414548488200452,0.7760472784432405,1.1421175706521087,0.5405435831198702,0.7798682229744691,depleted,False,False,False,not displayed
GO BP,GO:0031647,regulation of protein stability,35,32,589,0.9240694815739028,0.7160766971110369,1.1924761833771174,0.5438709106846098,0.7799059341380216,depleted,False,False,False,not displayed
GO BP,GO:0030218,erythrocyte differentiation,21,30,460,1.0829038854251405,0.8376624196820157,1.399944413781898,0.543237833509792,0.7799059341380216,enriched,False,False,False,not displayed
Reactome,R-HSA-202424,Downstream TCR signaling,26,26,463,0.9396913784858298,0.7694264140671645,1.147633965583509,0.5419392324440324,0.7799059341380216,depleted,False,False,False,not displayed
GO BP,GO:0071333,cellular response to glucose stimulus,25,55,1147,0.8006075108273186,0.3910299088950728,1.6391901790947423,0.5430127782431242,0.7799059341380216,depleted,False,False,False,not displayed
Reactome,R-HSA-8957322,Metabolism of steroids,61,66,1126,0.9313867849591688,0.7394334327605863,1.1731703014265111,0.5460722279473146,0.7801740406614319,depleted,False,False,False,not displayed
Reactome,R-HSA-948021,Transport to the Golgi and subsequent modification,66,78,1656,0.8734430832493861,0.5626961729485066,1.355798841990718,0.5464010719823393,0.7801740406614319,depleted,False,False,False,not displayed
Reactome,R-HSA-112310,Neurotransmitter release cycle,24,21,449,0.877495407063961,0.5737928938794564,1.341944450047702,0.5465346189607068,0.7801740406614319,depleted,False,True,False,not displayed
Reactome,R-HSA-15869,Metabolism of nucleotides,37,26,394,1.1276026275634847,0.7620432049008573,1.668524405848481,0.548036291668814,0.7811377007949158,enriched,False,False,False,not displayed
GO BP,GO:0030308,negative regulation of cell growth,36,86,1470,0.9110404035198956,0.6716619164787307,1.2357327347023663,0.5491403015886952,0.781146251823697,depleted,False,False,False,not displayed
GO BP,GO:0001947,heart looping,29,39,530,1.118007859444313,0.7755755243904492,1.6116310204111013,0.5499361311343547,0.781146251823697,enriched,False,False,False,not displayed
Reactome,R-HSA-9943965,"CHD3, CHD4, CHD5 subfamily",22,21,350,1.1132350084747231,0.7827673982471247,1.5832189573414814,0.5505221203328912,0.781146251823697,enriched,False,False,False,not displayed
Reactome,R-HSA-450531,Regulation of mRNA stability by proteins that bind AU-rich elements,20,4,87,0.7950817007524038,0.3737495516489953,1.6913864059026873,0.5515713746536722,0.7814616927252178,depleted,False,False,False,not displayed
GO BP,GO:2000045,regulation of G1/S transition of mitotic cell cycle,21,43,647,1.1728237377652546,0.6920527757776355,1.9875876060464377,0.5536377758091694,0.7820443918380643,enriched,False,False,False,not displayed
Reactome,R-HSA-3700989,Transcriptional Regulation by TP53,110,144,2553,0.9499587297353028,0.801706164391597,1.125626355742374,0.5531736065633968,0.7820443918380643,depleted,False,False,False,not displayed
Reactome,R-HSA-1630316,Glycosaminoglycan metabolism,49,90,1332,0.915617137945001,0.6821037239057776,1.229072227458475,0.5572832299872603,0.7836795421695848,depleted,False,False,False,not displayed
Reactome,R-HSA-373755,Semaphorin interactions,25,8,179,0.8362169583471174,0.460495035606761,1.5184936804062217,0.5567718612195038,0.7836795421695848,depleted,False,False,False,not displayed
Reactome,R-HSA-5663084,Diseases of carbohydrate metabolism,23,108,1384,1.0721322755053908,0.849771954518084,1.3526777508587515,0.5569940349364325,0.7836795421695848,enriched,False,False,False,not displayed
GO BP,GO:0008286,insulin receptor signaling pathway,27,28,459,1.1191331105430111,0.7675850259651805,1.6316875352522706,0.5585009152879659,0.784224910768392,enriched,False,False,False,not displayed
Reactome,R-HSA-5617833,Cilium Assembly,115,110,1883,1.072369171771735,0.8476854046167542,1.3566066306005478,0.5602562053403797,0.7855224244015709,enriched,False,False,False,not displayed
GO BP,GO:0006120,"mitochondrial electron transport, NADH to ubiquinone",22,5,108,0.8403730780187716,0.4668528324010045,1.5127399069780707,0.56200658315093,0.786809216411302,depleted,False,False,False,not displayed
Reactome,R-HSA-1483257,Phospholipid metabolism,65,50,918,0.9129251684790528,0.6703181761972953,1.243338451555284,0.5632342870559267,0.7873615403370573,depleted,False,False,False,not displayed
Reactome,R-HSA-6784531,tRNA processing in the nucleus,23,3,84,0.613465940969853,0.1165109699271437,3.230086067993074,0.5642491907151448,0.7876151923571814,depleted,False,False,False,not displayed
Reactome,R-HSA-6802952,Signaling by BRAF and RAF1 fusions,39,77,1225,1.0941146120629603,0.8042662306005766,1.488421046145095,0.5667752239391282,0.7899743165523246,enriched,False,False,False,not displayed
Reactome,R-HSA-9918481,Dengue Virus-Host Interactions,83,35,728,0.899004663285014,0.6228197087270545,1.297661864715319,0.5696617875981693,0.7907309240336232,depleted,False,False,False,not displayed
GO BP,GO:0030317,flagellated sperm motility,33,16,349,0.911899550382122,0.6641669312466603,1.2520358224193018,0.5685194770536184,0.7907309240336232,depleted,False,False,False,not displayed
Reactome,R-HSA-422475,Axon guidance,209,382,8332,0.9084567833441084,0.6522841465985624,1.2652365253816875,0.5700023273233266,0.7907309240336232,depleted,False,True,False,not displayed
Reactome,R-HSA-9675108,Nervous system development,224,401,8650,0.9126997474568164,0.6655909279965171,1.251550755830157,0.5706650689851123,0.7907309240336232,depleted,False,False,False,not displayed
GO BP,GO:0140374,antiviral innate immune response,22,8,131,1.235294675971769,0.5929308952130334,2.57357636244598,0.572570502669274,0.791341947236737,enriched,False,False,False,not displayed
Reactome,R-HSA-1483249,Inositol phosphate metabolism,31,28,436,1.079895667265722,0.8267344929095614,1.4105794087230012,0.572780837999924,0.791341947236737,enriched,False,False,False,not displayed
GO BP,GO:0030855,epithelial cell differentiation,23,25,633,0.8105852922052984,0.3892142358934477,1.6881410168137434,0.5747669438858116,0.7922709310765181,depleted,False,False,False,not displayed
GO BP,GO:0090090,negative regulation of canonical Wnt signaling pathway,49,29,497,0.9053350439613582,0.6394111032612129,1.2818537833392574,0.5751300092259168,0.7922709310765181,depleted,False,False,False,not displayed
Reactome,R-HSA-9662851,Anti-inflammatory response favouring Leishmania parasite infection,30,19,310,1.1574061985040625,0.6820450732217388,1.9640770983182712,0.5879698151909041,0.7925959726157481,enriched,False,False,False,not displayed
Reactome,R-HSA-9664433,Leishmania parasite growth and survival,30,19,310,1.1574061985040625,0.6820450732217388,1.9640770983182712,0.5879698151909041,0.7925959726157481,enriched,False,False,False,not displayed
Reactome,R-HSA-168138,Toll Like Receptor 9 (TLR9) Cascade,31,36,540,0.938014347121947,0.743649383229371,1.1831797823669077,0.5890935153095643,0.7925959726157481,depleted,False,False,False,not displayed
GO BP,GO:0043627,response to estrogen,25,35,547,0.888405535147158,0.5753817552406398,1.3717230129238578,0.5934145947771172,0.7925959726157481,depleted,False,False,False,not displayed
Reactome,R-HSA-6807070,PTEN Regulation,42,57,966,0.9414651012519266,0.7551943641779079,1.173680020560235,0.5917843355297963,0.7925959726157481,depleted,False,False,False,not displayed
GO BP,GO:0006606,protein import into nucleus,26,22,409,0.8948532991816944,0.5956884229634871,1.3442638738430648,0.5925935137778389,0.7925959726157481,depleted,False,False,False,not displayed
GO BP,GO:0050852,T cell receptor signaling pathway,37,22,455,0.8913265433063003,0.588037073571083,1.351042378973954,0.5877224850983579,0.7925959726157481,depleted,False,False,False,not displayed
Reactome,R-HSA-199992,trans-Golgi Network Vesicle Budding,23,8,170,0.8553042387432432,0.4845585177432998,1.5097151613785127,0.5897968818681247,0.7925959726157481,depleted,False,False,False,not displayed
GO BP,GO:2000781,positive regulation of double-strand break repair,23,38,586,1.1664404272367723,0.6700275792155158,2.03063771178689,0.5862362581863171,0.7925959726157481,enriched,False,False,False,not displayed
Reactome,R-HSA-72172,mRNA Splicing,51,18,319,1.16698523399607,0.6627981309452515,2.0547048532298207,0.5926298137381669,0.7925959726157481,enriched,False,False,False,not displayed
Reactome,R-HSA-168255,Influenza Infection,42,8,175,0.7950849816054303,0.3497639224647184,1.807390892461972,0.5841703920300784,0.7925959726157481,depleted,False,False,False,not displayed
Reactome,R-HSA-381119,Unfolded Protein Response (UPR),30,37,638,0.8965005307751639,0.60635163141051,1.32549029316625,0.5839495960732657,0.7925959726157481,depleted,False,False,False,not displayed
Reactome,R-HSA-1500931,Cell-Cell communication,123,130,2210,1.064088182791925,0.8525290095022432,1.328146782264354,0.5828289985022258,0.7925959726157481,enriched,False,False,False,not displayed
GO BP,GO:0006091,generation of precursor metabolites and energy,22,11,219,0.8609151197401984,0.5045451217736211,1.468996153984876,0.5827788682995951,0.7925959726157481,depleted,False,False,False,not displayed
GO BP,GO:0007154,cell communication,38,91,1516,1.0623807887576844,0.8565702715070883,1.317641970384516,0.5817713041167311,0.7925959726157481,enriched,False,False,False,not displayed
GO BP,GO:0000398,"mRNA splicing, via spliceosome",50,15,268,1.18741487790009,0.6470194745580488,2.1791524794853583,0.5792173327821926,0.7925959726157481,enriched,False,False,False,not displayed
GO BP,GO:0007286,spermatid development,20,14,204,1.241860205230917,0.5788185143608775,2.664421975235306,0.5781043200682983,0.7925959726157481,enriched,False,False,False,not displayed
GO BP,GO:0022008,neurogenesis,32,25,404,1.0781563113001875,0.8271343973600778,1.4053593168250125,0.5778697064921987,0.7925959726157481,enriched,False,False,False,not displayed
GO BP,GO:0007156,homophilic cell-cell adhesion,40,34,657,0.8895586885293214,0.5895567853238295,1.3422195792443572,0.577105665507565,0.7925959726157481,depleted,False,False,False,not displayed
Reactome,R-HSA-9824446,Viral Infection Pathways,326,226,4005,1.0434792291788575,0.8924564430467492,1.2200583123255753,0.5936331526284051,0.7925959726157481,enriched,False,False,False,not displayed
Reactome,R-HSA-199977,ER to Golgi Anterograde Transport,60,78,1639,0.8837292347764929,0.5669589964115355,1.3774847305390705,0.5851970604741152,0.7925959726157481,depleted,False,False,False,not displayed
Reactome,R-HSA-4086400,PCP/CE pathway,25,13,204,1.2138729513185464,0.5954207459999719,2.4746997007438294,0.5938179350391002,0.7925959726157481,enriched,False,False,False,not displayed
GO BP,GO:0007165,signal transduction,363,283,5799,0.9217970684063836,0.6802444303990623,1.2491242814353138,0.599423352686201,0.798949320576107,depleted,False,False,False,not displayed
GO BP,GO:0009267,cellular response to starvation,30,41,689,0.9200787961660478,0.6730456164070426,1.2577824898013936,0.6015394549417009,0.8006405421407147,depleted,False,False,False,not displayed
Reactome,R-HSA-168249,Innate Immune System,328,370,5914,1.0328563434814748,0.9145711789678876,1.1664398034867218,0.6023961820208891,0.8006531533189032,enriched,False,False,False,not displayed
Reactome,R-HSA-72312,rRNA processing,46,9,204,0.8209640970626763,0.3898399352605713,1.7288686655856378,0.6036305243243558,0.8011669178181408,depleted,False,False,False,not displayed
Reactome,R-HSA-8868773,rRNA processing in the nucleus and cytosol,40,7,169,0.7851735897672643,0.3141289468871698,1.962562101255344,0.604849464211865,0.8016588270409712,depleted,False,False,False,not displayed
Reactome,R-HSA-6798695,Neutrophil degranulation,136,189,3112,0.9605380740948848,0.824035387629632,1.1196526334140808,0.6066735000803403,0.8029502206945679,depleted,False,False,False,not displayed
GO BP,GO:0035556,intracellular signal transduction,131,88,1566,0.95147918839362,0.7869322484463915,1.150432769445532,0.6076595067382393,0.803130397017673,depleted,False,False,False,not displayed
GO BP,GO:0030163,protein catabolic process,45,56,857,1.0534594380158608,0.8616626649780555,1.2879480945979676,0.6115143431955876,0.8065681575555765,enriched,False,False,False,not displayed
Reactome,R-HSA-9945266,Differentiation of T cells,36,50,918,0.9254840390061077,0.686157380994785,1.248286078644643,0.6119675862088343,0.8065681575555765,depleted,False,False,False,not displayed
Reactome,R-HSA-418555,G alpha (s) signalling events,43,35,511,1.097901000593862,0.7627375729678083,1.5803425055027112,0.6152520842378709,0.8087000468421708,enriched,False,False,False,not displayed
Reactome,R-HSA-168164,Toll Like Receptor 3 (TLR3) Cascade,31,36,541,0.9424170362875456,0.7477974392286607,1.187687766357038,0.6152966493963183,0.8087000468421708,depleted,False,False,False,not displayed
Reactome,R-HSA-975138,TRAF6 mediated induction of NFkB and MAP kinases upon TLR7/8 or 9 activation,30,36,537,0.9425311282731478,0.7464396796264346,1.1901362588447155,0.6189535404632787,0.811129526397615,depleted,False,False,False,not displayed
GO BP,GO:0000209,protein polyubiquitination,35,21,334,1.0912877667069782,0.7728452560990188,1.5409410620898245,0.6197201249302413,0.811129526397615,enriched,False,False,False,not displayed
Reactome,R-HSA-975155,MyD88 dependent cascade initiated on endosome,30,36,537,0.9425311282731478,0.7464396796264346,1.1901362588447155,0.6189535404632787,0.811129526397615,depleted,False,False,False,not displayed
Reactome,R-HSA-9909648,Regulation of PD-L1(CD274) expression,58,56,868,1.0768140322634632,0.8011660508254608,1.4473010418811534,0.6237433700804826,0.81499097756766,enriched,False,False,False,not displayed
GO BP,GO:0030336,negative regulation of cell migration,41,87,1458,0.9419749320849072,0.7412032301550895,1.1971302020509322,0.6249982293835658,0.81499097756766,depleted,False,False,False,not displayed
GO BP,GO:0006260,DNA replication,43,25,396,1.1278814844820146,0.6958732500336687,1.828086714032769,0.6252576282926492,0.81499097756766,enriched,False,False,False,not displayed
Reactome,R-HSA-9711123,Cellular response to chemical stress,60,80,1394,0.9348883082425644,0.7103873183792097,1.2303374881223434,0.6308461167214547,0.8205061546848954,depleted,False,False,False,not displayed
GO BP,GO:0042127,regulation of cell population proliferation,43,57,920,1.0756725279618464,0.7983277024780366,1.449368954403361,0.6315926371368916,0.8205061546848954,enriched,False,False,False,not displayed
Reactome,R-HSA-9856530,High laminar flow shear stress activates signaling by PIEZO1 and PECAM1:CDH5:KDR in endothelial cells,33,30,500,1.0904486703148242,0.7647305905885827,1.554898309581394,0.6324285540365528,0.8205061546848954,enriched,False,False,False,not displayed
Reactome,R-HSA-8878166,Transcriptional regulation by RUNX2,42,60,1209,0.8399199457102794,0.4104844653600042,1.7186168411592613,0.6329618907569193,0.8205061546848954,depleted,False,False,False,not displayed
Reactome,R-HSA-9730414,MITF-M-regulated melanocyte development,85,113,1768,1.0595296121676494,0.8329361277551489,1.3477660070834767,0.6376303821629372,0.8209273993787135,enriched,False,False,False,not displayed
GO BP,GO:0010977,negative regulation of neuron projection development,22,33,561,0.9438300568049606,0.743503379152281,1.198131980441211,0.6348352116485632,0.8209273993787135,depleted,False,True,False,not displayed
Reactome,R-HSA-8978934,Metabolism of cofactors,21,18,261,1.095707090721985,0.7504012230014377,1.599909477567757,0.6360416809042753,0.8209273993787135,enriched,False,False,False,not displayed
GO BP,GO:0006457,protein folding,52,27,536,0.901752058745426,0.5872496209561902,1.3846867608489726,0.6364961058083174,0.8209273993787135,depleted,False,False,False,not displayed
GO BP,GO:0007030,Golgi organization,27,12,250,0.8827729496052614,0.5258033539426954,1.4820903569962849,0.6371684710584722,0.8209273993787135,depleted,False,False,False,not displayed
Reactome,R-HSA-9909615,Regulation of PD-L1(CD274) Post-translational modification,23,15,236,1.214512410602078,0.5369169649488438,2.747241178432514,0.640744609230004,0.8238144975814337,enriched,False,False,False,not displayed
Reactome,R-HSA-1660499,Synthesis of PIPs at the plasma membrane,21,29,514,0.9618883326052708,0.8158870018903103,1.1340163064964943,0.6436285388256261,0.8263980559649682,depleted,False,False,False,not displayed
Reactome,R-HSA-9679506,SARS-CoV Infections,140,114,1984,1.0536194564608163,0.8430050421995716,1.316853284929676,0.646201501531668,0.8282428933067865,enriched,False,False,False,not displayed
GO BP,GO:0007173,epidermal growth factor receptor signaling pathway,27,34,566,1.0588385463174446,0.8291149939803447,1.3522117864319043,0.6468182595348237,0.8282428933067865,enriched,False,False,False,not displayed
Reactome,R-HSA-186712,Regulation of beta-cell development,21,65,1014,0.9254487549129414,0.6634465954700104,1.2909183705482254,0.6482099829350446,0.8287746880452472,depleted,False,False,False,not displayed
Reactome,R-HSA-5668541,TNFR2 non-canonical NF-kB pathway,23,16,291,0.8714687885898661,0.4819153481019474,1.5759154641524886,0.648987586405802,0.8287746880452472,depleted,False,False,False,not displayed
GO BP,GO:0072659,protein localization to plasma membrane,44,38,639,1.0944893966515807,0.7330123105602283,1.634224994757867,0.6588952269643435,0.8394551022809459,enriched,False,False,False,not displayed
Reactome,R-HSA-73887,Death Receptor Signaling,49,27,509,0.918286511889444,0.6287541146000626,1.3411444924769296,0.6591277099391131,0.8394551022809459,depleted,False,False,False,not displayed
GO BP,GO:0007283,spermatogenesis,78,56,921,1.077802502916201,0.7674789507203487,1.5136027303447293,0.6654033837547041,0.8456452679828617,enriched,False,False,False,not displayed
GO BP,GO:0045732,positive regulation of protein catabolic process,26,9,222,0.7494866499843389,0.202256354187192,2.7773181256142636,0.6661062355171263,0.8456452679828617,depleted,False,False,False,not displayed
Reactome,R-HSA-446728,Cell junction organization,106,103,1739,1.059781197655434,0.8134745301901412,1.3806654605909603,0.667013882103428,0.8456452679828617,enriched,False,False,False,not displayed
Reactome,R-HSA-72306,tRNA processing,49,11,221,0.8573817173796012,0.4248212836107035,1.7303827224683646,0.667571808121912,0.8456452679828617,depleted,False,False,False,not displayed
GO BP,GO:0010506,regulation of autophagy,21,22,426,0.9227899744534042,0.638837316990627,1.3329549077738176,0.6684624499293097,0.8456452679828617,depleted,False,False,False,not displayed
GO BP,GO:0009653,anatomical structure morphogenesis,65,82,1196,0.9325430405672122,0.676618847957021,1.285267954234672,0.6696025818180729,0.8459551334466294,depleted,False,False,False,not displayed
Reactome,R-HSA-975871,MyD88 cascade initiated on plasma membrane,28,36,532,0.9508087978071322,0.7514265597949352,1.2030947777972558,0.6744100385284387,0.8474966574592747,depleted,False,False,False,not displayed
Reactome,R-HSA-168176,Toll Like Receptor 5 (TLR5) Cascade,28,36,532,0.9508087978071322,0.7514265597949352,1.2030947777972558,0.6744100385284387,0.8474966574592747,depleted,False,False,False,not displayed
Reactome,R-HSA-168142,Toll Like Receptor 10 (TLR10) Cascade,28,36,532,0.9508087978071322,0.7514265597949352,1.2030947777972558,0.6744100385284387,0.8474966574592747,depleted,False,False,False,not displayed
GO BP,GO:0046330,positive regulation of JNK cascade,30,16,327,0.8937173648215181,0.5296718737308722,1.5079727049833045,0.6737575164607286,0.8474966574592747,depleted,False,False,False,not displayed
Reactome,R-HSA-1257604,PIP3 activates AKT signaling,98,116,1904,1.0360214661946578,0.8762987073607109,1.224856854632229,0.6786918997789828,0.8517448144636637,enriched,False,False,False,not displayed
GO BP,GO:0032956,regulation of actin cytoskeleton organization,34,26,438,1.1096357907552157,0.6771969093598311,1.818217967487358,0.6796768272537055,0.8518496044492728,enriched,False,False,False,not displayed
Reactome,R-HSA-9860931,Response of endothelial cells to shear stress,49,46,780,1.0617207641687134,0.7968334934441716,1.4146631515131898,0.6825318141025623,0.8537431507705051,enriched,False,False,False,not displayed
GO BP,GO:0030097,hemopoiesis,25,24,355,1.0970814065483672,0.7032577850636312,1.7114458427008272,0.6829945206164041,0.8537431507705051,enriched,False,False,False,not displayed
GO BP,GO:0006325,chromatin organization,39,27,497,1.067434440600589,0.7791363374470548,1.4624093758914425,0.6845421292050065,0.8545473079243475,enriched,False,False,False,not displayed
GO BP,GO:0045669,positive regulation of osteoblast differentiation,25,27,489,0.9062869844976414,0.5592347931987044,1.4687142292628923,0.6895411415290891,0.8589347106501374,depleted,False,False,False,not displayed
Reactome,R-HSA-9820952,Respiratory Syncytial Virus Infection Pathway,36,29,533,0.9361999498355268,0.6772236746954897,1.2942110248377587,0.6898745453793167,0.8589347106501374,depleted,False,False,False,not displayed
Reactome,R-HSA-9734779,Developmental Cell Lineages of the Integumentary System,29,19,400,0.908177803586155,0.557834530811579,1.478551214329833,0.6985095584333454,0.8594941832285304,depleted,False,False,False,not displayed
Reactome,R-HSA-9843745,Adipogenesis,45,42,729,0.9564423293018924,0.7635955925352765,1.1979926786156356,0.6982871913247188,0.8594941832285304,depleted,False,False,False,not displayed
GO BP,GO:0032868,response to insulin,25,100,1806,0.9138357264273668,0.5798499045285851,1.440192933331534,0.6978359605242123,0.8594941832285304,depleted,False,False,False,not displayed
Reactome,R-HSA-72203,Processing of Capped Intron-Containing Pre-mRNA,75,23,420,1.1029786332026343,0.6738317004712994,1.8054387534018497,0.69665607419092,0.8594941832285304,enriched,False,False,False,not displayed
Reactome,R-HSA-5260271,Diseases of Immune System,20,24,354,1.055120295942175,0.8047563018479554,1.383373869024312,0.6978368193147779,0.8594941832285304,enriched,False,False,False,not displayed
GO BP,GO:0009966,regulation of signal transduction,26,27,422,1.0582095861864391,0.797842380575385,1.4035448047887558,0.6945768567651167,0.8594941832285304,enriched,False,False,False,not displayed
GO BP,GO:0006888,endoplasmic reticulum to Golgi vesicle-mediated transport,29,23,327,1.124359069074737,0.6253010581368731,2.021719457787788,0.6953887019715184,0.8594941832285304,enriched,False,False,False,not displayed
Reactome,R-HSA-5688426,Deubiquitination,63,126,1994,1.0503517942280265,0.8222208147196362,1.3417793272652927,0.6941662067915078,0.8594941832285304,enriched,False,False,False,not displayed
GO BP,GO:0007420,brain development,79,139,2205,1.058403403447515,0.7988510369011436,1.4022861743720911,0.6925218046245932,0.8594941832285304,enriched,False,False,False,not displayed
Reactome,R-HSA-2990846,SUMOylation,85,107,1813,0.9499603935308134,0.7314240068740593,1.233791536504219,0.7003303968166936,0.8599127603624699,depleted,False,False,False,not displayed
Reactome,R-HSA-9839373,Signaling by TGFBR3,23,33,554,0.944610959524803,0.7064427495216616,1.2630745597694166,0.7006696565916422,0.8599127603624699,depleted,False,False,False,not displayed
Reactome,R-HSA-3108232,SUMO E3 ligases SUMOylate target proteins,84,107,1808,0.9523140859582996,0.7331530002551576,1.23698889317641,0.7142437721240829,0.8609188324709928,depleted,False,False,False,not displayed
Reactome,R-HSA-187037,Signaling by NTRK1 (TRKA),44,60,1012,1.0385469927429725,0.8482723231575362,1.2715018829338418,0.7141341099611165,0.8609188324709928,enriched,False,False,False,not displayed
Reactome,R-HSA-9610379,HCMV Late Events,28,5,111,0.8112313440748494,0.266405313609855,2.4702821602622196,0.7127022998233887,0.8609188324709928,depleted,False,False,False,not displayed
GO BP,GO:0045892,negative regulation of DNA-templated transcription,170,181,2906,0.9677463417796388,0.8129090832130312,1.1520759225942188,0.7124539118680951,0.8609188324709928,depleted,False,False,False,not displayed
Reactome,R-HSA-9633012,Response of EIF2AK4 (GCN2) to amino acid deficiency,23,6,129,0.8411029680479761,0.3361735777156711,2.104431310950515,0.7115135085269988,0.8609188324709928,depleted,False,False,False,not displayed
Reactome,R-HSA-2262752,Cellular responses to stress,239,266,4233,1.0307913423886192,0.8779150032677113,1.210288909049802,0.7111802308179784,0.8609188324709928,enriched,False,False,False,not displayed
Reactome,R-HSA-162599,Late Phase of HIV Life Cycle,33,6,130,0.8480828859887743,0.3545582251460231,2.028565495020827,0.7111402160174229,0.8609188324709928,depleted,False,False,False,not displayed
GO BP,GO:0006397,mRNA processing,25,11,181,1.150368653016368,0.5501022390491956,2.405640159054771,0.7097669771986419,0.8609188324709928,enriched,False,False,False,not displayed
GO BP,GO:0006805,xenobiotic metabolic process,22,14,261,0.9121614729206948,0.5628179386443816,1.4783440532917658,0.7090068241867331,0.8609188324709928,depleted,False,False,False,not displayed
Reactome,R-HSA-6802957,Oncogenic MAPK signaling,46,103,1676,1.049246502965061,0.8152343856281669,1.3504315364913289,0.7088699664610671,0.8609188324709928,enriched,False,False,False,not displayed
Reactome,R-HSA-373080,Class B/2 (Secretin family receptors),30,18,318,0.866035639282074,0.408187634790272,1.8374337304266255,0.7078279598672595,0.8609188324709928,depleted,False,False,False,not displayed
Reactome,R-HSA-68886,M Phase,116,109,1959,0.9578832845074362,0.7672548664533541,1.195874313551241,0.7039023121899712,0.8609188324709928,depleted,False,False,False,not displayed
Reactome,R-HSA-1660662,Glycosphingolipid metabolism,23,98,1503,0.9523841377996568,0.7415092627589741,1.2232288812651362,0.7024172120194299,0.8609188324709928,depleted,False,False,False,not displayed
GO BP,GO:0006357,regulation of transcription by RNA polymerase II,347,329,4903,0.9720483397947278,0.836826726675254,1.1291202166208585,0.7106675540290199,0.8609188324709928,depleted,False,False,False,not displayed
Reactome,R-HSA-381340,Transcriptional regulation of white adipocyte differentiation,36,34,553,0.9533172995611826,0.7330814119956982,1.2397175249178989,0.7213141990209431,0.8609720723207442,depleted,False,False,False,not displayed
Reactome,R-HSA-9013423,RAC3 GTPase cycle,34,20,348,1.096812406292897,0.6579271178780531,1.82846613539494,0.7230434704058849,0.8609720723207442,enriched,False,False,False,not displayed
Reactome,R-HSA-72163,mRNA Splicing - Major Pathway,50,17,315,1.11382771353667,0.6153271684258678,2.0161829984137793,0.7217886320592399,0.8609720723207442,enriched,False,False,False,not displayed
GO BP,GO:0010629,negative regulation of gene expression,98,184,2931,1.034004924791352,0.8608592421153787,1.2419756124886585,0.7206167105929551,0.8609720723207442,enriched,False,False,False,not displayed
Reactome,R-HSA-447115,Interleukin-12 family signaling,25,20,390,0.9251435580858172,0.6012792251558079,1.423449484465227,0.7233987570610274,0.8609720723207442,depleted,False,False,False,not displayed
GO BP,GO:0006298,mismatch repair,22,31,535,1.0605371659119596,0.7689512509543778,1.4626923083675465,0.7201061427591857,0.8609720723207442,enriched,False,False,False,not displayed
GO BP,GO:0160108,animal gross anatomical part developmental process,53,30,552,0.914984371264852,0.5632039049989438,1.486488982459215,0.719699252754179,0.8609720723207442,depleted,False,False,False,not displayed
Reactome,R-HSA-212165,Epigenetic regulation of gene expression,96,105,1897,0.94920721940022,0.7166806323063364,1.257176913602401,0.7161547841886888,0.8609720723207442,depleted,False,False,False,not displayed
GO BP,GO:0016567,protein ubiquitination,116,73,1360,0.9473336702144411,0.7078971281663513,1.26775635472146,0.7158802890513063,0.8609720723207442,depleted,False,False,False,not displayed
GO BP,GO:0071222,cellular response to lipopolysaccharide,38,21,397,0.9061607321335884,0.5282270072970083,1.5544969513442213,0.7204453824197234,0.8609720723207442,depleted,False,False,False,not displayed
Reactome,R-HSA-4551638,SUMOylation of chromatin organization proteins,29,11,220,0.891426770889079,0.4676430085024885,1.699248515234676,0.7269491078046556,0.8631935141563719,depleted,False,False,False,not displayed
GO BP,GO:0045944,positive regulation of transcription by RNA polymerase II,384,458,7024,0.9770386666691608,0.8575413703780085,1.113187758796823,0.7270921029296,0.8631935141563719,depleted,False,False,False,not displayed
Reactome,R-HSA-8953897,Cellular responses to stimuli,291,310,5023,1.0257836184167697,0.8875282295218034,1.1855758462794352,0.7303586192567126,0.8659835573370055,enriched,False,False,False,not displayed
Reactome,R-HSA-416476,G alpha (q) signalling events,66,59,1029,1.051590974445081,0.7852707103383653,1.408232298716271,0.7356475359546654,0.8711615557357879,enriched,False,False,False,not displayed
Reactome,R-HSA-5654738,Signaling by FGFR2,33,39,674,1.042055864453903,0.8190907728908159,1.325714390372602,0.7373429457288253,0.8715949714526732,enriched,False,False,False,not displayed
GO BP,GO:0045666,positive regulation of neuron differentiation,26,32,434,1.049926567620393,0.788661067222368,1.3977433947355316,0.7385871994551674,0.8715949714526732,enriched,False,True,False,not displayed
GO BP,GO:1904262,negative regulation of TORC1 signaling,22,44,792,0.9287945658753224,0.601677654699851,1.4337566616627455,0.7387804996122658,0.8715949714526732,depleted,False,False,False,not displayed
Reactome,R-HSA-4086398,Ca2+ pathway,31,30,523,1.0618562244738656,0.7432873464798042,1.516961975464665,0.7415519417984342,0.8737737967575067,enriched,False,False,False,not displayed
GO BP,GO:0045785,positive regulation of cell adhesion,21,14,295,0.8998129825013819,0.4780219798025611,1.6937786078632824,0.7435763522282988,0.874208591730055,depleted,False,False,False,not displayed
GO BP,GO:0006915,apoptotic process,71,78,1192,1.03234551089272,0.8529519902500763,1.2494692151991915,0.7437711193131897,0.874208591730055,enriched,False,False,False,not displayed
GO BP,GO:0016477,cell migration,79,67,1256,0.9636520845867124,0.7671618992728246,1.2104685347493649,0.7503033370765002,0.8807908739593698,depleted,False,False,False,not displayed
GO BP,GO:0001889,liver development,25,83,1284,0.9728961757285076,0.8203831879477806,1.1537620256637977,0.7521055447615606,0.8818110915628719,depleted,False,False,False,not displayed
GO BP,GO:0034976,response to endoplasmic reticulum stress,31,33,646,0.9458803507996698,0.6682101684195721,1.3389344854553709,0.7536660775697805,0.8825457785668435,depleted,False,False,False,not displayed
GO BP,GO:0045727,positive regulation of translation,21,17,335,0.9188153110569915,0.5375833311352436,1.570401325595361,0.7568545656895342,0.8851826294264974,depleted,False,False,False,not displayed
GO BP,GO:0000122,negative regulation of transcription by RNA polymerase II,277,335,5030,1.0228878604868925,0.8851912640124913,1.1820039551550383,0.7590116316843853,0.8860532386881917,enriched,False,False,False,not displayed
Reactome,R-HSA-163125,Post-translational modification: synthesis of GPI-anchored proteins,26,32,482,1.0584478230829324,0.7348701530610356,1.5245030561146626,0.7602595376763168,0.8860532386881917,enriched,False,False,False,not displayed
Reactome,R-HSA-9758941,Gastrulation,50,70,1008,0.9527259519060478,0.6975029296170796,1.3013375297700809,0.7608215669597027,0.8860532386881917,depleted,False,False,False,not displayed
GO BP,GO:0045109,intermediate filament organization,31,30,523,1.0472589727630155,0.7773757753136188,1.410838092543058,0.7613551339827849,0.8860532386881917,enriched,False,False,False,not displayed
Reactome,R-HSA-2151201,Transcriptional activation of mitochondrial biogenesis,20,26,376,1.0501605997601038,0.7640650136920637,1.4433814734683956,0.7629427166366849,0.8860532386881917,enriched,False,False,False,not displayed
Reactome,R-HSA-168181,Toll Like Receptor 7/8 (TLR7/8) Cascade,31,37,541,0.9641215022807764,0.7601321968906235,1.2228534391286847,0.7632246944890879,0.8860532386881917,depleted,False,False,False,not displayed
GO BP,GO:0006886,intracellular protein transport,71,35,698,0.963336837743881,0.7539996747084697,1.2307934526804594,0.7650899511203999,0.8871288390291754,depleted,False,False,False,not displayed
Reactome,R-HSA-2995410,Nuclear Envelope (NE) Reassembly,36,65,981,1.0453076175060625,0.7769967226103346,1.4062710735064134,0.769683769212452,0.8902888783153912,enriched,False,False,False,not displayed
GO BP,GO:0007005,mitochondrion organization,39,37,592,1.053798260753636,0.7412727042021754,1.4980866934289705,0.7703214011441852,0.8902888783153912,enriched,False,False,False,not displayed
Reactome,R-HSA-429914,Deadenylation-dependent mRNA decay,22,4,85,0.8718797773505192,0.3468529034391058,2.1916332215055214,0.7706415899068677,0.8902888783153912,depleted,False,False,False,not displayed
Reactome,R-HSA-9924644,Developmental Lineages of the Mammary Gland,20,15,300,0.917451782014799,0.508008840713589,1.6568959137399806,0.7751251492603282,0.8943751722234555,depleted,False,False,False,not displayed
Reactome,R-HSA-5668914,Diseases of metabolism,186,353,5516,0.9759260034964402,0.8241155174402554,1.155701529876339,0.7775678701804992,0.8957600649837896,depleted,False,False,False,not displayed
GO BP,GO:0007204,positive regulation of cytosolic calcium ion concentration,37,37,621,0.9478254862757568,0.6527914086279688,1.3762024753390478,0.7782211781499377,0.8957600649837896,depleted,False,False,False,not displayed
Reactome,R-HSA-73884,Base Excision Repair,20,6,96,1.116419928182225,0.5101653082734541,2.443116840422877,0.7828419705545565,0.8967098935443102,enriched,False,False,False,not displayed
GO BP,GO:0032922,circadian regulation of gene expression,22,12,228,0.9209115350736148,0.5128008288538725,1.6538156877147128,0.782685229199731,0.8967098935443102,depleted,False,False,False,not displayed
Reactome,R-HSA-9707564,Cytoprotection by HMOX1,20,34,486,0.9573512012082728,0.7024911885001147,1.3046730513613738,0.7825624271392008,0.8967098935443102,depleted,False,False,False,not displayed
GO BP,GO:0016192,vesicle-mediated transport,81,56,1002,0.953373643077977,0.6798766036560542,1.3368915747769905,0.781929203306783,0.8967098935443102,depleted,False,False,False,not displayed
Reactome,R-HSA-379726,Mitochondrial tRNA aminoacylation,21,14,265,0.9296091425819336,0.5502809543088132,1.5704217113190346,0.7849720393470453,0.8980612314563654,depleted,False,False,False,not displayed
Reactome,R-HSA-9759194,Nuclear events mediated by NFE2L2,23,24,409,0.9696572454600866,0.7760485330363563,1.211567490495075,0.7862751200982065,0.8984643149852541,depleted,False,False,False,not displayed
GO BP,GO:0046777,protein autophosphorylation,38,35,627,1.0534679226199763,0.7188838227599302,1.5437747085871787,0.7893496372722262,0.8997499913444518,enriched,False,False,False,not displayed
Reactome,R-HSA-9833110,RSV-host interactions,29,25,408,1.0372028029465197,0.7925930641539448,1.3573038966578277,0.7901043982707245,0.8997499913444518,enriched,False,False,False,not displayed
Reactome,R-HSA-68882,Mitotic Anaphase,67,88,1476,1.0332767282395898,0.8107722728102897,1.316844239654123,0.7913355345709367,0.8997499913444518,enriched,False,False,False,not displayed
Reactome,R-HSA-2555396,Mitotic Metaphase and Anaphase,67,88,1476,1.0332767282395898,0.8107722728102897,1.316844239654123,0.7913355345709367,0.8997499913444518,enriched,False,False,False,not displayed
Reactome,R-HSA-9006931,Signaling by Nuclear Receptors,90,73,1326,0.974053938129774,0.8010534097041705,1.184416747862676,0.7921608389403004,0.8997499913444518,depleted,False,False,False,not displayed
Reactome,R-HSA-69306,DNA Replication,46,21,332,1.0483223458036055,0.7361642258315424,1.4928458924634784,0.7935845139863335,0.9002849528416388,enriched,False,False,False,not displayed
Reactome,R-HSA-180786,Extension of Telomeres,22,8,155,0.8880004983897537,0.3507362901033843,2.248255761923058,0.80210436250292,0.9088592596705748,depleted,False,False,False,not displayed
Reactome,R-HSA-5632684,Hedgehog 'on' state,25,13,195,1.083272179140036,0.5715528545834815,2.0531410256956435,0.8063064627914867,0.9116347400597972,enriched,False,False,False,not displayed
GO BP,GO:0045766,positive regulation of angiogenesis,45,45,774,0.9573311950245402,0.6744613266746582,1.3588370166243806,0.8072083745677566,0.9116347400597972,depleted,False,False,False,not displayed
GO BP,GO:0006412,translation,48,16,294,1.0766877289090748,0.5943237377467095,1.950547137791485,0.8074479126243919,0.9116347400597972,enriched,False,False,False,not displayed
GO BP,GO:0071456,cellular response to hypoxia,44,109,1799,0.9707667379413444,0.7622716437579149,1.2362890148286372,0.8099346267529871,0.9133511005746692,depleted,False,False,False,not displayed
GO BP,GO:0001938,positive regulation of endothelial cell proliferation,22,32,524,1.0482480683596214,0.7120647207946401,1.5431518803423194,0.8112403176166613,0.913733134860244,enriched,False,False,False,not displayed
GO BP,GO:0045494,photoreceptor cell maintenance,31,50,880,1.0357215125164911,0.7720645125995578,1.3894163427840769,0.8148611409018541,0.9167187835145858,enriched,False,False,False,not displayed
Reactome,R-HSA-9855142,Cellular responses to mechanical stimuli,55,49,850,1.032759100995044,0.7869469126826539,1.355353637581659,0.8162112648264988,0.9171458326528432,enriched,False,False,False,not displayed
Reactome,R-HSA-428157,Sphingolipid metabolism,42,106,1631,0.9722797221208992,0.7615682632084667,1.2412910355072466,0.8215344986088478,0.9216396914131172,depleted,False,False,False,not displayed
Reactome,R-HSA-9013149,RAC1 GTPase cycle,55,33,628,0.9583541792159412,0.661347890371476,1.3887437250382333,0.8221611215463045,0.9216396914131172,depleted,False,False,False,not displayed
GO BP,GO:0010508,positive regulation of autophagy,24,12,248,1.0472805941611727,0.6964418604492627,1.5748574363394154,0.8243576787585194,0.9225363798580114,enriched,False,False,False,not displayed
GO BP,GO:1905515,non-motile cilium assembly,24,26,461,0.9623011578125962,0.6846266603872617,1.35259634470509,0.8249134825185392,0.9225363798580114,depleted,False,False,False,not displayed
GO BP,GO:0006879,intracellular iron ion homeostasis,36,22,407,0.9613322873099908,0.6695338463342414,1.380303283671941,0.8308038388711296,0.9280255646964746,depleted,False,False,False,not displayed
GO BP,GO:0007623,circadian rhythm,27,44,641,1.0326624879141415,0.7670974504676248,1.3901647219593147,0.8321819651885535,0.9284674818219398,enriched,False,False,False,not displayed
GO BP,GO:0007584,response to nutrient,33,61,1301,0.9200982584181676,0.4214841285393159,2.008571018031053,0.8343955649806593,0.929839397295664,depleted,False,False,False,not displayed
Reactome,R-HSA-8939211,ESR-mediated signaling,65,54,973,0.9788151090797642,0.7965890383241527,1.2027268411556569,0.8385669401987841,0.9329447638039844,depleted,False,False,False,not displayed
Reactome,R-HSA-2559580,Oxidative Stress Induced Senescence,27,30,405,0.973159696558848,0.7483144709967184,1.2655639195979975,0.8391566658554356,0.9329447638039844,depleted,False,False,False,not displayed
GO BP,GO:0010628,positive regulation of gene expression,147,275,4391,0.9846447232681824,0.8467293856359691,1.14502372010117,0.8407039844027646,0.9335667041840336,depleted,False,False,False,not displayed
Reactome,R-HSA-168898,Toll-like Receptor Cascades,57,60,998,0.9806657862602336,0.8083989104808298,1.1896421084602733,0.8429749044088674,0.9349897707351874,depleted,False,False,False,not displayed
Reactome,R-HSA-8943724,Regulation of PTEN gene transcription,24,36,539,1.0293129189024308,0.764858582889443,1.3852038909166375,0.8487662224937386,0.9392085248906124,enriched,False,False,False,not displayed
GO BP,GO:0043161,proteasome-mediated ubiquitin-dependent protein catabolic process,71,50,869,0.9659874179803416,0.678107050314308,1.376083158645546,0.8479936969405887,0.9392085248906124,depleted,False,False,False,not displayed
GO BP,GO:0007601,visual perception,88,250,4152,1.033631855535754,0.7310599371589468,1.4614325836678916,0.8515046568821311,0.9406347112891316,enriched,False,False,False,not displayed
Reactome,R-HSA-983169,Class I MHC mediated antigen processing & presentation,85,57,973,1.0304624767690398,0.7517585833372118,1.4124919083932492,0.8520458337179859,0.9406347112891316,enriched,False,False,False,not displayed
Reactome,R-HSA-168179,Toll Like Receptor TLR1:TLR2 Cascade,37,45,698,0.9796192648775036,0.7865193528285015,1.220127515830358,0.85414802988625,0.9407574455040866,depleted,False,False,False,not displayed
Reactome,R-HSA-181438,Toll Like Receptor 2 (TLR2) Cascade,37,45,698,0.9796192648775036,0.7865193528285015,1.220127515830358,0.85414802988625,0.9407574455040866,depleted,False,False,False,not displayed
Reactome,R-HSA-9764274,Regulation of Expression and Function of Type I Classical Cadherins,59,61,1102,0.96498243327859,0.6527186268904728,1.42663478285035,0.8581738210224024,0.9408972435186304,depleted,False,False,False,not displayed
Reactome,R-HSA-9764265,Regulation of CDH1 Expression and Function,59,61,1102,0.96498243327859,0.6527186268904728,1.42663478285035,0.8581738210224024,0.9408972435186304,depleted,False,False,False,not displayed
Reactome,R-HSA-6805567,Keratinization,35,21,443,0.9594831004311392,0.609400005651725,1.5106790473826863,0.8582575914423909,0.9408972435186304,depleted,False,False,False,not displayed
Reactome,R-HSA-6809371,Formation of the cornified envelope,35,21,443,0.9594831004311392,0.609400005651725,1.5106790473826863,0.8582575914423909,0.9408972435186304,depleted,False,False,False,not displayed
GO BP,GO:0006099,tricarboxylic acid cycle,23,24,424,0.9734427327521452,0.7202692107529483,1.315606359124224,0.8609662336645095,0.9427729905132812,depleted,False,False,False,not displayed
Reactome,R-HSA-9856651,MITF-M-dependent gene expression,52,72,1247,0.969880183007092,0.6835239442460703,1.3762028050493973,0.863982404874848,0.944980755331865,depleted,False,False,False,not displayed
Reactome,R-HSA-9024446,NR1H2 and NR1H3-mediated signaling,20,12,207,0.954498406677228,0.5579340128535388,1.6329300371736395,0.8650172530701894,0.94501884872986,depleted,False,False,False,not displayed
GO BP,GO:0051897,positive regulation of phosphatidylinositol 3-kinase/protein kinase B signal transduction,72,79,1357,0.9797855034274195,0.7690245427002708,1.2483081870908204,0.8687439186240785,0.945993874012842,depleted,False,False,False,not displayed
GO BP,GO:0018108,peptidyl-tyrosine phosphorylation,24,26,455,1.0351993149742844,0.6864360229975848,1.5611616899758745,0.8689128916858698,0.945993874012842,enriched,False,False,False,not displayed
Reactome,R-HSA-3371453,Regulation of HSF1-mediated heat shock response,22,9,183,0.9345353941876918,0.4228160643441834,2.065570532056723,0.8671184841450217,0.945993874012842,depleted,False,False,False,not displayed
GO BP,GO:0040029,epigenetic regulation of gene expression,20,20,340,1.0557622312144077,0.5381623442924098,2.0711852114520837,0.8745902080406766,0.9510791100097116,enriched,False,False,False,not displayed
GO BP,GO:0042110,T cell activation,22,18,296,1.042024328018233,0.6207173414577702,1.749290099792906,0.8762323687420918,0.9517696419095134,enriched,False,False,False,not displayed
Reactome,R-HSA-199991,Membrane Trafficking,213,265,4671,1.0161773676170085,0.8256709240037143,1.2506392225244294,0.8795757770947897,0.9543043735414194,enriched,False,False,False,not displayed
GO BP,GO:0016241,regulation of macroautophagy,23,34,523,1.0194637642248452,0.7873552302155605,1.319996777417674,0.8837289012867675,0.9569897956424194,enriched,False,False,False,not displayed
GO BP,GO:0050729,positive regulation of inflammatory response,33,64,1074,1.0235197442546922,0.7488166009135162,1.3989976525643038,0.8840762874029969,0.9569897956424194,enriched,False,False,False,not displayed
GO BP,GO:0071526,semaphorin-plexin signaling pathway,21,7,138,1.056600825983847,0.494451500138957,2.257866150989534,0.8869945847892072,0.9590502089540056,enriched,False,False,False,not displayed
Reactome,R-HSA-2559582,Senescence-Associated Secretory Phenotype (SASP),24,16,264,0.96684257310069,0.6019861457348809,1.552834010853879,0.8890631715224926,0.960188225244292,depleted,False,False,False,not displayed
Reactome,R-HSA-9013106,RHOC GTPase cycle,22,4,73,1.059112197433711,0.4608736404501746,2.433896296731541,0.892387289442393,0.9626780690902528,enriched,False,False,False,not displayed
Reactome,R-HSA-9909649,Regulation of PD-L1(CD274) transcription,32,39,602,1.018071699553592,0.7698924270051876,1.3462529946731834,0.9000208586341788,0.9687473728920004,enriched,False,False,False,not displayed
GO BP,GO:0007169,cell surface receptor protein tyrosine kinase signaling pathway,45,26,500,1.0298356643486717,0.6481918073958152,1.6361846655010923,0.9009484525533212,0.9687473728920004,enriched,False,False,False,not displayed
Reactome,R-HSA-193704,p75 NTR receptor-mediated signalling,27,20,336,1.0256363988303574,0.6880599118036625,1.5288349234708378,0.9010888262138288,0.9687473728920004,enriched,False,False,False,not displayed
Reactome,R-HSA-5689880,Ub-specific processing proteases,38,83,1302,1.0162031551824526,0.7856242762786779,1.3144563931938145,0.9025698980490366,0.969236992791295,enriched,False,False,False,not displayed
Reactome,R-HSA-163685,Integration of energy metabolism,53,66,1175,0.9855500106841252,0.774649409589544,1.253868926427166,0.9056877377504908,0.9692807612392004,depleted,False,False,False,not displayed
GO BP,GO:1902600,proton transmembrane transport,71,31,581,0.978904586906848,0.691647093759269,1.385466951157018,0.9042406001384156,0.9692807612392004,depleted,False,False,False,not displayed
Reactome,R-HSA-9705683,SARS-CoV-2-host interactions,66,39,691,0.9834666078052012,0.7472412563603404,1.2943698710894724,0.9053112634158074,0.9692807612392004,depleted,False,False,False,not displayed
Reactome,R-HSA-9759476,Regulation of Homotypic Cell-Cell Adhesion,65,70,1188,1.0205927955240754,0.7205050372733904,1.445666026454741,0.9086489391567504,0.9713498274922276,enriched,False,False,False,not displayed
Reactome,R-HSA-9839923,Dengue Virus Infection,113,48,936,0.9797950526557272,0.685077904206078,1.4012980703576488,0.910973146015294,0.9717710516677552,depleted,False,False,False,not displayed
GO BP,GO:0007052,mitotic spindle organization,22,20,362,0.9521856868776531,0.4028920126587809,2.250373682792612,0.9110996315107208,0.9717710516677552,depleted,False,False,False,not displayed
GO BP,GO:0006487,protein N-linked glycosylation,30,18,309,1.0258761388441286,0.6403461001709266,1.6435203587072935,0.9153886798176774,0.9752449858260486,enriched,False,False,False,not displayed
Reactome,R-HSA-9694516,SARS-CoV-2 Infection,94,62,1086,0.9846986802491056,0.729711716778397,1.3287870656170286,0.9196720375583454,0.9787050399691852,depleted,False,False,False,not displayed
Reactome,R-HSA-156842,Eukaryotic Translation Elongation,22,7,130,1.0481425465100698,0.3992146120395782,2.751910287531504,0.9239386122983072,0.9813332858756478,enriched,False,False,False,not displayed
GO BP,GO:0006364,rRNA processing,22,6,116,1.0531577691806515,0.3621475758822124,3.06267765035741,0.9242387774672308,0.9813332858756478,enriched,False,False,False,not displayed
Reactome,R-HSA-69239,Synthesis of DNA,30,4,83,0.9476601627500342,0.3082255160564299,2.913645163299863,0.9252570981113252,0.9813332858756478,depleted,False,False,False,not displayed
Reactome,R-HSA-166016,Toll Like Receptor 4 (TLR4) Cascade,48,58,944,0.991396201068803,0.8136683277625913,1.207944802517164,0.9316831935273602,0.9815391503716336,depleted,False,False,False,not displayed
Reactome,R-HSA-5218859,Regulated Necrosis,20,32,426,1.0107774226623298,0.7922369739366802,1.2896027726238883,0.9312710101273728,0.9815391503716336,enriched,False,False,False,not displayed
Reactome,R-HSA-168188,Toll Like Receptor TLR6:TLR2 Cascade,35,45,689,0.9902138455235924,0.7934267936839801,1.2358083539300802,0.9306727901852864,0.9815391503716336,depleted,False,False,False,not displayed
Reactome,R-HSA-9948299,Ribosome-associated quality control,31,9,161,1.055100697618632,0.3311126207246005,3.36211129518149,0.9277229104537096,0.9815391503716336,enriched,False,False,False,not displayed
Reactome,R-HSA-162909,Host Interactions of HIV factors,37,9,161,1.0327956654816788,0.5198876887040417,2.0517256126928003,0.9265845325026448,0.9815391503716336,enriched,False,False,False,not displayed
Reactome,R-HSA-166058,MyD88:MAL(TIRAP) cascade initiated on plasma membrane,35,45,689,0.9902138455235924,0.7934267936839801,1.2358083539300802,0.9306727901852864,0.9815391503716336,depleted,False,False,False,not displayed
Reactome,R-HSA-73886,Chromosome Maintenance,33,17,299,0.9778177531617376,0.5711263366267806,1.6741086815316637,0.9348327396985412,0.9834685741199024,depleted,False,False,False,not displayed
GO BP,GO:0043484,regulation of RNA splicing,24,7,138,0.9690594849710868,0.452139883402294,2.076959631046039,0.9355960297712088,0.9834685741199024,depleted,False,False,False,not displayed
GO BP,GO:0055088,lipid homeostasis,23,29,487,0.9873866904061908,0.6989899782022536,1.3947731824406686,0.9425818653207154,0.9897109585867512,depleted,False,False,False,not displayed
Reactome,R-HSA-6782210,Gap-filling DNA repair synthesis and ligation in TC-NER,21,6,116,1.025865812527253,0.4973079432919831,2.1161951654054074,0.9448899001626202,0.9899522005175112,enriched,False,False,False,not displayed
GO BP,GO:0050727,regulation of inflammatory response,27,8,133,1.021250293694557,0.5624911762406576,1.8541662632677465,0.944906756472799,0.9899522005175112,enriched,False,False,False,not displayed
Reactome,R-HSA-5619084,ABC transporter disorders,28,63,1138,0.99057492044271,0.7512483059338082,1.3061442738168885,0.9464896978323912,0.9905124744757584,depleted,False,False,False,not displayed
GO BP,GO:0043065,positive regulation of apoptotic process,81,119,1878,1.0066991620435817,0.8131526604924938,1.246313579353534,0.9511269653554834,0.9905212884434392,enriched,False,False,False,not displayed
Reactome,R-HSA-556833,Metabolism of lipids,244,337,5504,0.9956908418950668,0.8721972829263482,1.1366697329157174,0.9490348973805356,0.9905212884434392,depleted,False,False,False,not displayed
Reactome,R-HSA-9616222,Transcriptional regulation of granulopoiesis,20,22,325,1.0121039165624253,0.6977691103115162,1.4680419680138628,0.9494417786771112,0.9905212884434392,enriched,False,False,False,not displayed
Reactome,R-HSA-1227986,Signaling by ERBB2,25,18,363,0.9863978536513244,0.6431489907080687,1.5128387663591698,0.9499543080359376,0.9905212884434392,depleted,False,False,False,not displayed
Reactome,R-HSA-5628897,TP53 Regulates Metabolic Genes,29,68,1056,0.9942281381512422,0.824277692836142,1.199219145783904,0.9517389734461827,0.9905212884434392,depleted,False,False,False,not displayed
Reactome,R-HSA-174824,"Plasma lipoprotein assembly, remodeling, and clearance",35,71,1227,0.9912120241421434,0.7246067064626653,1.355909720461009,0.9559627668179091,0.9927305655416748,depleted,False,False,False,not displayed
Reactome,R-HSA-8856828,Clathrin-mediated endocytosis,41,86,1505,0.9922232673260428,0.7553518874468749,1.3033753255728906,0.9552624697510168,0.9927305655416748,depleted,False,False,False,not displayed
GO BP,GO:0061512,protein localization to cilium,21,9,165,0.9835175659212058,0.521897555413687,1.8534419110448384,0.959001212659957,0.993163489125119,depleted,False,False,False,not displayed
GO BP,GO:0016525,negative regulation of angiogenesis,38,46,942,0.9820003838318742,0.4903799676904685,1.9664848023617416,0.9591124892508868,0.993163489125119,depleted,False,False,False,not displayed
Reactome,R-HSA-446652,Interleukin-1 family signaling,34,43,658,1.0057728322027866,0.8024205595536769,1.2606593611707508,0.9601637199686268,0.993163489125119,enriched,False,False,False,not displayed
Reactome,R-HSA-421270,Cell-cell junction organization,94,86,1478,1.0075655069712977,0.7472361692247224,1.358590888194844,0.9605835228151944,0.993163489125119,enriched,False,False,False,not displayed
Reactome,R-HSA-512988,"Interleukin-3, Interleukin-5 and GM-CSF signaling",22,24,434,1.0091229274224327,0.6962997809495451,1.4624865761998709,0.9617395412387292,0.9932719852137696,enriched,False,False,False,not displayed
GO BP,GO:0006635,fatty acid beta-oxidation,20,46,817,1.007231431718329,0.7428623379357262,1.3656839298927184,0.9630015759084378,0.993489617067111,enriched,False,False,False,not displayed
GO BP,GO:0043524,negative regulation of neuron apoptotic process,44,58,991,1.0049732257070658,0.7823855703075425,1.2908867733732134,0.9690209740463772,0.9942723349335792,enriched,False,True,False,not displayed
GO BP,GO:0031297,replication fork processing,21,11,220,0.989619485395956,0.5851593507693992,1.67364107672151,0.9689508872415438,0.9942723349335792,depleted,False,False,False,not displayed
GO BP,GO:0008360,regulation of cell shape,27,18,335,1.0121142633951004,0.561398652202868,1.8246842562736267,0.9680570526689094,0.9942723349335792,enriched,False,False,False,not displayed
Reactome,R-HSA-448424,Interleukin-17 signaling,20,16,254,1.0088611730329318,0.664565993941272,1.5315271556662384,0.966959346336349,0.9942723349335792,enriched,False,False,False,not displayed
Reactome,R-HSA-1834949,Cytosolic sensors of pathogen-associated DNA ,25,22,364,0.9919137054066008,0.682992352975891,1.440561954590703,0.9659834997069487,0.9942723349335792,depleted,False,False,False,not displayed
Reactome,R-HSA-71403,Citric acid cycle (TCA cycle),24,27,457,1.0044985048747157,0.7771797524476239,1.2983061423277864,0.9726476329992996,0.9943578596245606,enriched,False,False,False,not displayed
GO BP,GO:0071363,cellular response to growth factor stimulus,28,44,728,0.9935689647491368,0.6807112164062665,1.4502174548031788,0.9733243730952672,0.9943578596245606,depleted,False,False,False,not displayed
Reactome,R-HSA-389356,Co-stimulation by CD28,27,20,367,1.0062427248936567,0.6940971585438338,1.4587646829236636,0.973797829427278,0.9943578596245606,enriched,False,False,False,not displayed
GO BP,GO:0042632,cholesterol homeostasis,33,76,1320,0.9951675914831104,0.7339514386398817,1.3493515824065594,0.975122955293156,0.9943578596245606,depleted,False,False,False,not displayed
GO BP,GO:0051056,regulation of small GTPase mediated signal transduction,25,16,277,0.9938591352925747,0.6718535009727455,1.470195480673061,0.9754019440766052,0.9943578596245606,depleted,False,False,False,not displayed
GO BP,GO:0007224,smoothened signaling pathway,29,27,457,1.005811538582315,0.6957325471467741,1.454088723165485,0.975417709917426,0.9943578596245606,enriched,False,False,False,not displayed
Reactome,R-HSA-157579,Telomere Maintenance,31,17,290,1.007847765422392,0.5889969789741251,1.7245540376728008,0.9772444148673024,0.9951465216051733,enriched,False,False,False,not displayed
GO BP,GO:0001654,eye development,32,34,448,0.9940942317268836,0.5864757816174071,1.6850198636119291,0.9824476415738508,0.9969739198471668,depleted,False,False,False,not displayed
Reactome,R-HSA-418990,Adherens junctions interactions,85,82,1415,1.0033224913996877,0.7360083613304917,1.3677236219555051,0.9832589347064122,0.9969739198471668,enriched,False,False,False,not displayed
GO BP,GO:0043525,positive regulation of neuron apoptotic process,20,37,618,1.0033692328760653,0.7654354323167604,1.3152641947017685,0.9805684647436376,0.9969739198471668,enriched,False,True,False,not displayed
GO BP,GO:0030036,actin cytoskeleton organization,75,75,1365,0.996809140072013,0.7633041113884371,1.301746508247824,0.9812757385430274,0.9969739198471668,depleted,False,False,False,not displayed
GO BP,GO:0006351,DNA-templated transcription,27,17,307,1.0007778598910833,0.5796787070017891,1.7277783585124606,0.9977731618653258,0.9993119005642837,enriched,False,False,False,not displayed
Reactome,R-HSA-1483206,Glycerophospholipid biosynthesis,36,19,327,0.9988806467082656,0.4774515241598476,2.0897672242727596,0.9976272723403458,0.9993119005642837,depleted,False,False,False,not displayed
GO BP,GO:0006897,endocytosis,29,84,1454,1.0001629667593996,0.7404227398687186,1.3510200405977908,0.9991525175997804,0.9993119005642837,enriched,False,False,False,not displayed
GO BP,GO:1904263,positive regulation of TORC1 signaling,21,12,222,1.000623789209706,0.5899195453983158,1.6972618984108152,0.9981543839103058,0.9993119005642837,enriched,False,False,False,not displayed
Reactome,R-HSA-71291,Metabolism of amino acids and derivatives,139,237,3758,0.99972763688952,0.8529523006213375,1.171759953320538,0.997317072131896,0.9993119005642837,depleted,False,False,False,not displayed
Reactome,R-HSA-9013405,RHOD GTPase cycle,20,5,89,1.0004273211567771,0.44761459166893,2.2359745270708005,0.999169257094378,0.9993119005642837,enriched,False,False,False,not displayed
GO BP,GO:0050804,modulation of chemical synaptic transmission,42,42,724,0.9981358120723864,0.5509964304384286,1.808133491080268,0.9950888404558116,0.9993119005642837,depleted,False,True,False,not displayed
Reactome,R-HSA-3214858,RMTs methylate histone arginines,22,22,418,1.0036393257127405,0.5075134917965366,1.9847588535064016,0.9916685252412246,0.9993119005642837,enriched,False,False,False,not displayed
Reactome,R-HSA-166166,MyD88-independent TLR4 cascade ,32,44,662,1.0014131230913217,0.7948698900911259,1.26162565169571,0.9904397812776712,0.9993119005642837,enriched,False,False,False,not displayed
Reactome,R-HSA-937061,TRIF (TICAM1)-mediated TLR4 signaling ,32,44,662,1.0014131230913217,0.7948698900911259,1.26162565169571,0.9904397812776712,0.9993119005642837,enriched,False,False,False,not displayed
Reactome,R-HSA-9860927,"Turbulent (oscillatory, disturbed) flow shear stress activates signaling by PIEZO1 and integrins in endothelial cells",20,18,323,0.9964756382566632,0.6523068297035682,1.5222340966294383,0.9869696707788126,0.9993119005642837,depleted,False,False,False,not displayed
GO BP,GO:0019221,cytokine-mediated signaling pathway,56,53,921,0.9991292298408946,0.7560795785841499,1.320309721619277,0.9951124556217436,0.9993119005642837,depleted,False,False,False,not displayed
GO BP,GO:0006508,proteolysis,110,89,1620,1.0000962556120154,0.803599118030018,1.2446411376621394,0.9993119005642837,0.9993119005642837,enriched,False,False,False,not displayed
